part_num,part_name,catalog,section,display_order,source_category_id,source_category,material,representative_for,notes
98138,Tile Round 1 x 1,Tiles,Round & Curved,1,67,Tiles Round and Curved,Plastic,,Reconstructed from exact IDs preserved in frozen audit record
1126,Tile Round 1 x 2,Tiles,Round & Curved,2,67,Tiles Round and Curved,Plastic,,Reconstructed from exact IDs preserved in frozen audit record
1748,Tile Round 1 x 2 Half Circle,Tiles,Round & Curved,3,67,Tiles Round and Curved,Plastic,,Reconstructed from exact IDs preserved in frozen audit record
24246,Tile Round 1 x 1 Half Circle,Tiles,Round & Curved,4,67,Tiles Round and Curved,Plastic,,Reconstructed from exact IDs preserved in frozen audit record
25269,Tile Round 1 x 1 Quarter,Tiles,Round & Curved,5,67,Tiles Round and Curved,Plastic,,Reconstructed from exact IDs preserved in frozen audit record
14769,Tile Round 2 x 2 with Bottom Stud Holder,Tiles,Round & Curved,6,67,Tiles Round and Curved,Plastic,,Reconstructed from exact IDs preserved in frozen audit record
4150,Tile Round 2 x 2 with Bottom Cross,Tiles,Round & Curved,7,67,Tiles Round and Curved,Plastic,,Reconstructed from exact IDs preserved in frozen audit record
5520,Tile Round 2 x 2 Half Circle,Tiles,Round & Curved,8,67,Tiles Round and Curved,Plastic,,Reconstructed from exact IDs preserved in frozen audit record
66857,Tile Round 2 x 4,Tiles,Round & Curved,9,67,Tiles Round and Curved,Plastic,,Reconstructed from exact IDs preserved in frozen audit record
7853,Tile Round 2 x 3,Tiles,Round & Curved,10,67,Tiles Round and Curved,Plastic,,Reconstructed from exact IDs preserved in frozen audit record
67095,Tile Round 3 x 3,Tiles,Round & Curved,11,67,Tiles Round and Curved,Plastic,,Reconstructed from exact IDs preserved in frozen audit record
27925,"Tile 2 x 2 Curved, Macaroni",Tiles,Round & Curved,12,67,Tiles Round and Curved,Plastic,,Reconstructed from exact IDs preserved in frozen audit record
7836,"Tile 2 x 2 Curved, Macaroni, Center Anti-Stud",Tiles,Round & Curved,13,67,Tiles Round and Curved,Plastic,,Reconstructed from exact IDs preserved in frozen audit record
79393,"Tile 3 x 3 Curved, Macaroni",Tiles,Round & Curved,14,67,Tiles Round and Curved,Plastic,,Reconstructed from exact IDs preserved in frozen audit record
27507,"Tile 4 x 4 Curved, Macaroni",Tiles,Round & Curved,15,67,Tiles Round and Curved,Plastic,,Reconstructed from exact IDs preserved in frozen audit record
39739,Tile 1 x 1 Heart,Tiles,Round & Curved,16,67,Tiles Round and Curved,Plastic,,Reconstructed from exact IDs preserved in frozen audit record
7212,Tile Round 6 x 6,Tiles,Round & Curved,17,67,Tiles Round and Curved,Plastic,,Reconstructed from exact IDs preserved in frozen audit record
65474,"Tile Round 6 x 8, Oval",Tiles,Round & Curved,18,67,Tiles Round and Curved,Plastic,,Reconstructed from exact IDs preserved in frozen audit record
2412b,Tile Special 1 x 2 Grille with Bottom Groove,Tiles,Special,1,15,Tiles Special,Plastic,,Reconstructed from exact IDs preserved in frozen audit record
2432,Tile Special 1 x 2 with Handle,Tiles,Special,2,15,Tiles Special,Plastic,,Reconstructed from exact IDs preserved in frozen audit record
2555,Tile Special 1 x 1 with Clip and Straight Tips,Tiles,Special,3,15,Tiles Special,Plastic,,Reconstructed from exact IDs preserved in frozen audit record
12825,Tile Special 1 x 1 with Clip with Rounded Tips,Tiles,Special,4,15,Tiles Special,Plastic,,Reconstructed from exact IDs preserved in frozen audit record
15712,Tile Special 1 x 1 with Clip with Rounded Edges,Tiles,Special,5,15,Tiles Special,Plastic,,Reconstructed from exact IDs preserved in frozen audit record
20482,Tile Special Round 1 x 1 with Hollow Bar,Tiles,Special,6,15,Tiles Special,Plastic,,Reconstructed from exact IDs preserved in frozen audit record
77813,Tile Special Round 1 x 1 Special with Clip-Bar,Tiles,Special,7,15,Tiles Special,Plastic,,Reconstructed from exact IDs preserved in frozen audit record
15209,Tile Special 1 x 2 with Two Vertical Teeth / Tooth,Tiles,Special,8,15,Tiles Special,Plastic,,Reconstructed from exact IDs preserved in frozen audit record
30256,Tile Special 2 x 2 with Bar and Stud,Tiles,Special,9,15,Tiles Special,Plastic,,Reconstructed from exact IDs preserved in frozen audit record
2460,Tile Special 2 x 2 with Top Pin,Tiles,Special,10,15,Tiles Special,Plastic,,Reconstructed from exact IDs preserved in frozen audit record
15535,Tile Special Round 2 x 2 with Hole,Tiles,Special,11,15,Tiles Special,Plastic,,Reconstructed from exact IDs preserved in frozen audit record
3567,Tile Special Round 2 x 2 Inverted,Tiles,Special,12,15,Tiles Special,Plastic,,Reconstructed from exact IDs preserved in frozen audit record
11203,Tile Special 2 x 2 Inverted,Tiles,Special,13,15,Tiles Special,Plastic,,Reconstructed from exact IDs preserved in frozen audit record
3395,Tile Special 2 x 4 Inverted,Tiles,Special,14,15,Tiles Special,Plastic,,Reconstructed from exact IDs preserved in frozen audit record
3396,Tile Special 2 x 2 with 2 Quarter Round Cutouts,Tiles,Special,15,15,Tiles Special,Plastic,,Reconstructed from exact IDs preserved in frozen audit record
27263,Tile Special 2 x 2 Corner with Cut Corner - Facet,Tiles,Special,16,15,Tiles Special,Plastic,,Reconstructed from exact IDs preserved in frozen audit record
35787,Tile 45° Cut 2 x 2 (Triangle),Tiles,Special,17,15,Tiles Special,Plastic,,Reconstructed from exact IDs preserved in frozen audit record
7828,Wedge Tile 2 x 2 Left,Tiles,Special,18,15,Tiles Special,Plastic,,Reconstructed from exact IDs preserved in frozen audit record
7829,Wedge Tile 2 x 2 Right,Tiles,Special,19,15,Tiles Special,Plastic,,Reconstructed from exact IDs preserved in frozen audit record
99563,Tile Special 1 x 2 with Sloped Walls AKA Money / Gold Bar [Ingot],Tiles,Special,20,15,Tiles Special,Plastic,,Reconstructed from exact IDs preserved in frozen audit record
5091,Tile 1 x 2 with Stud Notch Left,Tiles,Special,21,15,Tiles Special,Plastic,,Reconstructed from exact IDs preserved in frozen audit record
5092,Tile 1 x 2 with Stud Notch Right,Tiles,Special,22,15,Tiles Special,Plastic,,Reconstructed from exact IDs preserved in frozen audit record
48995,Tile Special 3 x 2 Round with Hole,Tiles,Special,23,15,Tiles Special,Plastic,,Reconstructed from exact IDs preserved in frozen audit record
22385,Tile Special 2 x 3 Pentagonal,Tiles,Special,24,15,Tiles Special,Plastic,,Reconstructed from exact IDs preserved in frozen audit record
15573,Plate Special 1 x 2 with 1 Stud with Groove and Inside Stud Holder (Jumper),Tiles,Special,25,9,Plates Special,Plastic,,Reconstructed from exact IDs preserved in frozen audit record
87580,Plate Special 2 x 2 with Groove and Center Stud (Jumper),Tiles,Special,26,9,Plates Special,Plastic,,Reconstructed from exact IDs preserved in frozen audit record
34103,Plate Special 1 x 3 with 2 Studs with Groove and Inside Stud Holder (Jumper),Tiles,Special,27,9,Plates Special,Plastic,,Reconstructed from exact IDs preserved in frozen audit record
65509,Plate Special 2 x 4 with Groove and Two Center Studs (Jumper),Tiles,Special,28,9,Plates Special,Plastic,,Reconstructed from exact IDs preserved in frozen audit record
1745,Plate Special Round 1 x 2 Half Circle with Stud (Jumper),Tiles,Special,29,9,Plates Special,Plastic,,Reconstructed from exact IDs preserved in frozen audit record
18674,Plate Special Round 2 x 2 with Center Stud (Jumper Plate),Tiles,Special,30,9,Plates Special,Plastic,,Reconstructed from exact IDs preserved in frozen audit record
3070b,Tile 1 x 1 with Groove,Tiles,Standard,1,19,Tiles,Plastic,,Reconstructed from exact IDs preserved in frozen audit record
3069b,Tile 1 x 2 with Groove,Tiles,Standard,2,19,Tiles,Plastic,,Reconstructed from exact IDs preserved in frozen audit record
63864,Tile 1 x 3,Tiles,Standard,3,19,Tiles,Plastic,,Reconstructed from exact IDs preserved in frozen audit record
2431,Tile 1 x 4 with Groove,Tiles,Standard,4,19,Tiles,Plastic,,Reconstructed from exact IDs preserved in frozen audit record
6636,Tile 1 x 6 with Groove,Tiles,Standard,5,19,Tiles,Plastic,,Reconstructed from exact IDs preserved in frozen audit record
4162,Tile 1 x 8 with Groove,Tiles,Standard,6,19,Tiles,Plastic,,Reconstructed from exact IDs preserved in frozen audit record
3068b,Tile 2 x 2 with Groove,Tiles,Standard,7,19,Tiles,Plastic,,Reconstructed from exact IDs preserved in frozen audit record
26603,Tile 2 x 3,Tiles,Standard,8,19,Tiles,Plastic,,Reconstructed from exact IDs preserved in frozen audit record
87079,Tile 2 x 4 with Groove,Tiles,Standard,9,19,Tiles,Plastic,,Reconstructed from exact IDs preserved in frozen audit record
69729,Tile 2 x 6,Tiles,Standard,10,19,Tiles,Plastic,,Reconstructed from exact IDs preserved in frozen audit record
1751,Tile 4 x 4,Tiles,Standard,11,19,Tiles,Plastic,,Reconstructed from exact IDs preserved in frozen audit record
8165,Tile 4 x 8,Tiles,Standard,12,19,Tiles,Plastic,,Reconstructed from exact IDs preserved in frozen audit record
6320,Tile 6 x 8,Tiles,Standard,13,19,Tiles,Plastic,,Reconstructed from exact IDs preserved in frozen audit record
6141,Plate Round 1 x 1 with Solid Stud,Plates,Round & Curved,1,21,Plates Round Curved and Dishes,Plastic,,Reconstructed from exact IDs preserved in frozen audit record
85861,Plate Round 1 x 1 with Open Stud,Plates,Round & Curved,2,21,Plates Round Curved and Dishes,Plastic,,Reconstructed from exact IDs preserved in frozen audit record
2654,Plate Round 2 x 2 with Rounded Bottom [Boat Stud],Plates,Round & Curved,3,21,Plates Round Curved and Dishes,Plastic,,Reconstructed from exact IDs preserved in frozen audit record
4032b,Plate Round 2 x 2 with Axle Hole Type 2 (X Opening),Plates,Round & Curved,4,21,Plates Round Curved and Dishes,Plastic,,Reconstructed from exact IDs preserved in frozen audit record
7904,Plate Round Corner 2 x 2,Plates,Round & Curved,5,21,Plates Round Curved and Dishes,Plastic,,Reconstructed from exact IDs preserved in frozen audit record
79491,Plate Round Corner 2 x 2 with 1 x 1 Cutout,Plates,Round & Curved,6,21,Plates Round Curved and Dishes,Plastic,,Reconstructed from exact IDs preserved in frozen audit record
30357,Plate Round Corner 3 x 3,Plates,Round & Curved,7,21,Plates Round Curved and Dishes,Plastic,,Reconstructed from exact IDs preserved in frozen audit record
68568,Plate Round Corner 3 x 3 with 2 x 2 Round Cutout,Plates,Round & Curved,8,21,Plates Round Curved and Dishes,Plastic,,Reconstructed from exact IDs preserved in frozen audit record
3766,Plate Round 4 x 6,Plates,Round & Curved,9,21,Plates Round Curved and Dishes,Plastic,,Reconstructed from exact IDs preserved in frozen audit record
30565,Plate Round Corner 4 x 4,Plates,Round & Curved,10,21,Plates Round Curved and Dishes,Plastic,,Reconstructed from exact IDs preserved in frozen audit record
11833,Plate Round 4 x 4 with 2 x 2 Round Opening,Plates,Round & Curved,11,21,Plates Round Curved and Dishes,Plastic,,Reconstructed from exact IDs preserved in frozen audit record
60474,Plate Round 4 x 4 with Pin Hole,Plates,Round & Curved,12,21,Plates Round Curved and Dishes,Plastic,,Reconstructed from exact IDs preserved in frozen audit record
18646,Plate Round Half 3 x 6 with 1 x 2 Cutout,Plates,Round & Curved,13,21,Plates Round Curved and Dishes,Plastic,,Reconstructed from exact IDs preserved in frozen audit record
22888,Plate Round Half 4 x 8,Plates,Round & Curved,14,21,Plates Round Curved and Dishes,Plastic,,Reconstructed from exact IDs preserved in frozen audit record
7531,Plate Round Half 2 x 4 with 1 x 2 Cutout,Plates,Round & Curved,15,21,Plates Round Curved and Dishes,Plastic,,Reconstructed from exact IDs preserved in frozen audit record
6003,Plate Round Corner 6 x 6,Plates,Round & Curved,16,21,Plates Round Curved and Dishes,Plastic,,Reconstructed from exact IDs preserved in frozen audit record
11213,Plate Round 6 x 6 with Hole,Plates,Round & Curved,17,21,Plates Round Curved and Dishes,Plastic,,Reconstructed from exact IDs preserved in frozen audit record
74611,Plate Round 8 x 8,Plates,Round & Curved,18,21,Plates Round Curved and Dishes,Plastic,,Reconstructed from exact IDs preserved in frozen audit record
65140,Plate Round Corners 8 x 8,Plates,Round & Curved,19,21,Plates Round Curved and Dishes,Plastic,,Reconstructed from exact IDs preserved in frozen audit record
41948,Plate 8 x 8 with Rounded End,Plates,Round & Curved,20,21,Plates Round Curved and Dishes,Plastic,,Reconstructed from exact IDs preserved in frozen audit record
80031,Plate 10 x 10 with Rounded End,Plates,Round & Curved,21,21,Plates Round Curved and Dishes,Plastic,,Reconstructed from exact IDs preserved in frozen audit record
18980,Plate Round Corners 2 x 6 Double,Plates,Round & Curved,22,21,Plates Round Curved and Dishes,Plastic,,Reconstructed from exact IDs preserved in frozen audit record
3263,Plate Round Corners Double 3 x 4 with 1 x 4 Raised Edge Studs,Plates,Round & Curved,23,21,Plates Round Curved and Dishes,Plastic,,Reconstructed from exact IDs preserved in frozen audit record
89681,Plate Round Corners Double 4 x 6 with 2 x 2 Cutout and 2 x 6 Raised Studs,Plates,Round & Curved,24,21,Plates Round Curved and Dishes,Plastic,,Reconstructed from exact IDs preserved in frozen audit record
73832,"Plate Round Corners Double 4 x 8 with 2 x 2 Cutout and 2 x 8 Raised Studs, Reduces Nubs",Plates,Round & Curved,25,21,Plates Round Curved and Dishes,Plastic,,Reconstructed from exact IDs preserved in frozen audit record
8008,Plate Round Corner 5 x 5 with 2 x 2 Cutout,Plates,Round & Curved,26,21,Plates Round Curved and Dishes,Plastic,,Reconstructed from exact IDs preserved in frozen audit record
80015,Plate Round Corner 5 x 5 with 4 x 4 Round Cutout,Plates,Round & Curved,27,21,Plates Round Curved and Dishes,Plastic,,Reconstructed from exact IDs preserved in frozen audit record
79387,Plate Round Corners 4 x 4 x 2/3 Circle with 2 x 2 Opening,Plates,Round & Curved,28,21,Plates Round Curved and Dishes,Plastic,,Reconstructed from exact IDs preserved in frozen audit record
66792,Plate Round Corners 4 x 4 x 2/3 Circle with Reduced Knobs,Plates,Round & Curved,29,21,Plates Round Curved and Dishes,Plastic,,Reconstructed from exact IDs preserved in frozen audit record
66789,Plate Round Corners 6 x 6 x 2/3 Circle with Reduced Knobs,Plates,Round & Curved,30,21,Plates Round Curved and Dishes,Plastic,,Reconstructed from exact IDs preserved in frozen audit record
66790,Plate Round Corners 8 x 8 x 2/3 Circle with Reduced Knobs,Plates,Round & Curved,31,21,Plates Round Curved and Dishes,Plastic,,Reconstructed from exact IDs preserved in frozen audit record
86996,Plate 1 x 1 x 2/3 with Open Stud,Plates,Special,1,14,Plates,Plastic,,Reconstructed from exact IDs preserved in frozen audit record
15070,Plate Special 1 x 1 with Vertical Tooth,Plates,Special,2,9,Plates Special,Plastic,,Reconstructed from exact IDs preserved in frozen audit record
49668,Plate Special 1 x 1 with Tooth,Plates,Special,3,9,Plates Special,Plastic,,Reconstructed from exact IDs preserved in frozen audit record
6019,Plate Special 1 x 1 with Clip Horizontal [Thick U Clip],Plates,Special,4,9,Plates Special,Plastic,,Reconstructed from exact IDs preserved in frozen audit record
60897,Plate Special 1 x 1 with Clip Vertical [Thick Open O Clip],Plates,Special,5,9,Plates Special,Plastic,,Reconstructed from exact IDs preserved in frozen audit record
3661,Plate Special Round 1 x 1 with Vertical Bar,Plates,Special,6,9,Plates Special,Plastic,,Reconstructed from exact IDs preserved in frozen audit record
25893,Plate Special Round 1 x 1 with Hollow Stud and Bar on Underside,Plates,Special,7,9,Plates Special,Plastic,,Reconstructed from exact IDs preserved in frozen audit record
32828,Plate Special Round 1 x 1 with Hollow Stud and Horizontal Bar 1L,Plates,Special,8,9,Plates Special,Plastic,,Reconstructed from exact IDs preserved in frozen audit record
26047,Plate Special 1 x 1 Rounded with Handle,Plates,Special,9,9,Plates Special,Plastic,,Reconstructed from exact IDs preserved in frozen audit record
35480,Plate Special 1 x 2 Rounded with 2 Open Studs,Plates,Special,10,21,Plates Round Curved and Dishes,Plastic,,Reconstructed from exact IDs preserved in frozen audit record
77850,Plate Special 1 x 3 Rounded with 3 Open Studs,Plates,Special,11,21,Plates Round Curved and Dishes,Plastic,,Reconstructed from exact IDs preserved in frozen audit record
77845,Plate Special 1 x 4 Rounded with 2 Open Studs,Plates,Special,12,21,Plates Round Curved and Dishes,Plastic,,Reconstructed from exact IDs preserved in frozen audit record
8241,"Plate Special 1 x 4 with Rounded Corners, 2 Studs",Plates,Special,13,21,Plates Round Curved and Dishes,Plastic,,Reconstructed from exact IDs preserved in frozen audit record
11476,Plate Special 1 x 2 with Clip Horizontal on Side,Plates,Special,14,9,Plates Special,Plastic,,Reconstructed from exact IDs preserved in frozen audit record
63868,Plate Special 1 x 2 with Clip Horizontal on End,Plates,Special,15,9,Plates Special,Plastic,,Reconstructed from exact IDs preserved in frozen audit record
78256,Plate Special 1 x 2 with Clip Vertical on End,Plates,Special,16,9,Plates Special,Plastic,,Reconstructed from exact IDs preserved in frozen audit record
60470b,Plate Special 1 x 2 with Clips Horizontal [Open O Clips],Plates,Special,17,9,Plates Special,Plastic,,Reconstructed from exact IDs preserved in frozen audit record
60478,Plate Special 1 x 2 with Handle on End [Closed Ends],Plates,Special,18,9,Plates Special,Plastic,,Reconstructed from exact IDs preserved in frozen audit record
18649,Plate Special 1 x 2 with Handles on Ends,Plates,Special,19,9,Plates Special,Plastic,,Reconstructed from exact IDs preserved in frozen audit record
2540,Plate Special 1 x 2 Side Handle [Free Ends],Plates,Special,20,9,Plates Special,Plastic,,Reconstructed from exact IDs preserved in frozen audit record
48336,Plate Special 1 x 2 [Side Handle Closed Ends],Plates,Special,21,9,Plates Special,Plastic,,Reconstructed from exact IDs preserved in frozen audit record
88072,Plate Special 1 x 2 with Bar Up [Horizontal Arm 5mm],Plates,Special,22,9,Plates Special,Plastic,,Reconstructed from exact IDs preserved in frozen audit record
11458,Plate Special 1 x 2 with Pin Hole on Top,Plates,Special,23,9,Plates Special,Plastic,,Reconstructed from exact IDs preserved in frozen audit record
18677,Plate Special 1 x 2 with Pin Hole Underneath,Plates,Special,24,9,Plates Special,Plastic,,Reconstructed from exact IDs preserved in frozen audit record
3172,Plate Special 1 x 2 with Pin Hole On Side,Plates,Special,25,9,Plates Special,Plastic,,Reconstructed from exact IDs preserved in frozen audit record
10247,Plate Special 2 x 2 with 1 Pin Hole [Complete Underside Rib],Plates,Special,26,9,Plates Special,Plastic,,Reconstructed from exact IDs preserved in frozen audit record
15092,Plate Special 2 x 2 with 2 Pins,Plates,Special,27,9,Plates Special,Plastic,,Reconstructed from exact IDs preserved in frozen audit record
33909,Plate Special 2 x 2 with Only 2 studs,Plates,Special,28,9,Plates Special,Plastic,,Reconstructed from exact IDs preserved in frozen audit record
8442,Plate Special 2 x 2 with Round Cutouts on Sides,Plates,Special,29,9,Plates Special,Plastic,,Reconstructed from exact IDs preserved in frozen audit record
64799,Plate Special 4 x 4 with 2 x 2 Opening,Plates,Special,30,9,Plates Special,Plastic,,Reconstructed from exact IDs preserved in frozen audit record
47998,Plate Special 4 x 4 with Clips Horizontal,Plates,Special,31,9,Plates Special,Plastic,,Reconstructed from exact IDs preserved in frozen audit record
6576,Plate Special 4 x 8 with Studs in Centre,Plates,Special,32,9,Plates Special,Plastic,,Reconstructed from exact IDs preserved in frozen audit record
15397,Plate 3 x 3 Cross,Plates,Special,33,14,Plates,Plastic,,Reconstructed from exact IDs preserved in frozen audit record
2420,Plate 2 x 2 Corner,Plates,Special,34,14,Plates,Plastic,,Reconstructed from exact IDs preserved in frozen audit record
2639,Plate 4 x 4 Corner,Plates,Special,35,14,Plates,Plastic,,Reconstructed from exact IDs preserved in frozen audit record
73831,Plate 2 x 3 with 1 x 1 Cutout,Plates,Special,36,14,Plates,Plastic,,Reconstructed from exact IDs preserved in frozen audit record
77842,Plate 3 x 6 with 2 x 4 Cutout,Plates,Special,37,14,Plates,Plastic,,Reconstructed from exact IDs preserved in frozen audit record
77844,Plate 3 x 3 Corner,Plates,Special,38,14,Plates,Plastic,,Reconstructed from exact IDs preserved in frozen audit record
3024,Plate 1 x 1,Plates,Standard,1,14,Plates,Plastic,,Reconstructed from exact IDs preserved in frozen audit record
3023,Plate 1 x 2,Plates,Standard,2,14,Plates,Plastic,,Reconstructed from exact IDs preserved in frozen audit record
3623,Plate 1 x 3,Plates,Standard,3,14,Plates,Plastic,,Reconstructed from exact IDs preserved in frozen audit record
3710,Plate 1 x 4,Plates,Standard,4,14,Plates,Plastic,,Reconstructed from exact IDs preserved in frozen audit record
78329,Plate 1 x 5,Plates,Standard,5,14,Plates,Plastic,,Reconstructed from exact IDs preserved in frozen audit record
3666,Plate 1 x 6,Plates,Standard,6,14,Plates,Plastic,,Reconstructed from exact IDs preserved in frozen audit record
3460,Plate 1 x 8,Plates,Standard,7,14,Plates,Plastic,,Reconstructed from exact IDs preserved in frozen audit record
4477,Plate 1 x 10,Plates,Standard,8,14,Plates,Plastic,,Reconstructed from exact IDs preserved in frozen audit record
60479,Plate 1 x 12,Plates,Standard,9,14,Plates,Plastic,,Reconstructed from exact IDs preserved in frozen audit record
3022,Plate 2 x 2,Plates,Standard,10,14,Plates,Plastic,,Reconstructed from exact IDs preserved in frozen audit record
3021,Plate 2 x 3,Plates,Standard,11,14,Plates,Plastic,,Reconstructed from exact IDs preserved in frozen audit record
3020,Plate 2 x 4,Plates,Standard,12,14,Plates,Plastic,,Reconstructed from exact IDs preserved in frozen audit record
3795,Plate 2 x 6,Plates,Standard,13,14,Plates,Plastic,,Reconstructed from exact IDs preserved in frozen audit record
3034,Plate 2 x 8,Plates,Standard,14,14,Plates,Plastic,,Reconstructed from exact IDs preserved in frozen audit record
3832,Plate 2 x 10,Plates,Standard,15,14,Plates,Plastic,,Reconstructed from exact IDs preserved in frozen audit record
2445,Plate 2 x 12,Plates,Standard,16,14,Plates,Plastic,,Reconstructed from exact IDs preserved in frozen audit record
91988,Plate 2 x 14,Plates,Standard,17,14,Plates,Plastic,,Reconstructed from exact IDs preserved in frozen audit record
4282,Plate 2 x 16,Plates,Standard,18,14,Plates,Plastic,,Reconstructed from exact IDs preserved in frozen audit record
11212,Plate 3 x 3,Plates,Standard,19,14,Plates,Plastic,,Reconstructed from exact IDs preserved in frozen audit record
3031,Plate 4 x 4,Plates,Standard,20,14,Plates,Plastic,,Reconstructed from exact IDs preserved in frozen audit record
3032,Plate 4 x 6,Plates,Standard,21,14,Plates,Plastic,,Reconstructed from exact IDs preserved in frozen audit record
3035,Plate 4 x 8,Plates,Standard,22,14,Plates,Plastic,,Reconstructed from exact IDs preserved in frozen audit record
3030,Plate 4 x 10,Plates,Standard,23,14,Plates,Plastic,,Reconstructed from exact IDs preserved in frozen audit record
3029,Plate 4 x 12,Plates,Standard,24,14,Plates,Plastic,,Reconstructed from exact IDs preserved in frozen audit record
3958,Plate 6 x 6,Plates,Standard,25,14,Plates,Plastic,,Reconstructed from exact IDs preserved in frozen audit record
3036,Plate 6 x 8,Plates,Standard,26,14,Plates,Plastic,,Reconstructed from exact IDs preserved in frozen audit record
3033,Plate 6 x 10,Plates,Standard,27,14,Plates,Plastic,,Reconstructed from exact IDs preserved in frozen audit record
3028,Plate 6 x 12,Plates,Standard,28,14,Plates,Plastic,,Reconstructed from exact IDs preserved in frozen audit record
3456,Plate 6 x 14,Plates,Standard,29,14,Plates,Plastic,,Reconstructed from exact IDs preserved in frozen audit record
3027,Plate 6 x 16,Plates,Standard,30,14,Plates,Plastic,,Reconstructed from exact IDs preserved in frozen audit record
3026,Plate 6 x 24,Plates,Standard,31,14,Plates,Plastic,,Reconstructed from exact IDs preserved in frozen audit record
41539,Plate 8 x 8,Plates,Standard,32,14,Plates,Plastic,,Reconstructed from exact IDs preserved in frozen audit record
92438,Plate 8 x 16,Plates,Standard,33,14,Plates,Plastic,,Reconstructed from exact IDs preserved in frozen audit record
91405,Plate 16 x 16,Plates,Standard,34,14,Plates,Plastic,,Reconstructed from exact IDs preserved in frozen audit record
728,Plate 8 x 11,Plates,Standard,35,14,Plates,Plastic,,Reconstructed from exact IDs preserved in frozen audit record
4740,Dish 2 x 2 Inverted [Radar],Dishes,Dishes,1,21,Plates Round Curved and Dishes,Plastic,,Reconstructed from exact IDs preserved in frozen audit record
43898,Dish 3 x 3 Inverted [Radar],Dishes,Dishes,2,21,Plates Round Curved and Dishes,Plastic,,Reconstructed from exact IDs preserved in frozen audit record
3960,Dish 4 x 4 Inverted [Radar],Dishes,Dishes,3,21,Plates Round Curved and Dishes,Plastic,,Reconstructed from exact IDs preserved in frozen audit record
35394,Dish 4 x 4 Inverted with Open Stud [Radar],Dishes,Dishes,4,21,Plates Round Curved and Dishes,Plastic,,Reconstructed from exact IDs preserved in frozen audit record
65138,Dish 4 x 4 with 4 Studs,Dishes,Dishes,5,21,Plates Round Curved and Dishes,Plastic,,Reconstructed from exact IDs preserved in frozen audit record
6942,Dish 5 x 5,Dishes,Dishes,6,21,Plates Round Curved and Dishes,Plastic,,Reconstructed from exact IDs preserved in frozen audit record
44375b,Dish 6 x 6 Inverted (Radar) with Solid Studs,Dishes,Dishes,7,21,Plates Round Curved and Dishes,Plastic,,Reconstructed from exact IDs preserved in frozen audit record
44375a,Dish 6 x 6 Inverted (Radar) with Hollow Studs,Dishes,Dishes,8,21,Plates Round Curved and Dishes,Plastic,,Reconstructed from exact IDs preserved in frozen audit record
18859,"Dish 8 x 8 Inverted [Radar], Hollow Studs",Dishes,Dishes,9,21,Plates Round Curved and Dishes,Plastic,,Reconstructed from exact IDs preserved in frozen audit record
3961,"Dish 8 x 8 Inverted [Radar], Solid Studs, Rounded Anti-stud Underside",Dishes,Dishes,10,21,Plates Round Curved and Dishes,Plastic,,Reconstructed from exact IDs preserved in frozen audit record
98606,Dish 9 x 9 Inverted with Pin Hole (Radar),Dishes,Dishes,11,21,Plates Round Curved and Dishes,Plastic,,Reconstructed from exact IDs preserved in frozen audit record
50990b,Dish 10 x 10 Inverted (Radar) with Solid Studs,Dishes,Dishes,12,21,Plates Round Curved and Dishes,Plastic,,Reconstructed from exact IDs preserved in frozen audit record
50990a,Dish 10 x 10 Inverted (Radar) with Hollow Studs,Dishes,Dishes,13,21,Plates Round Curved and Dishes,Plastic,,Reconstructed from exact IDs preserved in frozen audit record
71128,Dish 2 x 2 x 2/3 Light Reflector,Dishes,Dishes,14,21,Plates Round Curved and Dishes,Plastic,,Reconstructed from exact IDs preserved in frozen audit record
68881,Dish Round 5 x 10 x 1 2 / 3 Half Circle Curved,Dishes,Dishes,15,21,Plates Round Curved and Dishes,Plastic,,Reconstructed from exact IDs preserved in frozen audit record
3005,Brick 1 x 1,Bricks,Standard,1,11,Bricks,Plastic,,Reconstructed from exact IDs preserved in frozen audit record
3004,Brick 1 x 2,Bricks,Standard,2,11,Bricks,Plastic,,Reconstructed from exact IDs preserved in frozen audit record
3622,Brick 1 x 3,Bricks,Standard,3,11,Bricks,Plastic,,Reconstructed from exact IDs preserved in frozen audit record
3010,Brick 1 x 4,Bricks,Standard,4,11,Bricks,Plastic,,Reconstructed from exact IDs preserved in frozen audit record
3009,Brick 1 x 6,Bricks,Standard,5,11,Bricks,Plastic,,Reconstructed from exact IDs preserved in frozen audit record
3008,Brick 1 x 8,Bricks,Standard,6,11,Bricks,Plastic,,Reconstructed from exact IDs preserved in frozen audit record
6111,Brick 1 x 10,Bricks,Standard,7,11,Bricks,Plastic,,Reconstructed from exact IDs preserved in frozen audit record
6112,Brick 1 x 12,Bricks,Standard,8,11,Bricks,Plastic,,Reconstructed from exact IDs preserved in frozen audit record
2465,Brick 1 x 16,Bricks,Standard,9,11,Bricks,Plastic,,Reconstructed from exact IDs preserved in frozen audit record
3003,Brick 2 x 2,Bricks,Standard,10,11,Bricks,Plastic,,Reconstructed from exact IDs preserved in frozen audit record
3002,Brick 2 x 3,Bricks,Standard,11,11,Bricks,Plastic,,Reconstructed from exact IDs preserved in frozen audit record
3001,Brick 2 x 4,Bricks,Standard,12,11,Bricks,Plastic,,Reconstructed from exact IDs preserved in frozen audit record
2456,Brick 2 x 6,Bricks,Standard,13,11,Bricks,Plastic,,Reconstructed from exact IDs preserved in frozen audit record
3007,Brick 2 x 8,Bricks,Standard,14,11,Bricks,Plastic,,Reconstructed from exact IDs preserved in frozen audit record
3006,Brick 2 x 10,Bricks,Standard,15,11,Bricks,Plastic,,Reconstructed from exact IDs preserved in frozen audit record
2356,Brick 4 x 6,Bricks,Standard,16,11,Bricks,Plastic,,Reconstructed from exact IDs preserved in frozen audit record
6212,Brick 4 x 10,Bricks,Standard,17,11,Bricks,Plastic,,Reconstructed from exact IDs preserved in frozen audit record
4202,Brick 4 x 12,Bricks,Standard,18,11,Bricks,Plastic,,Reconstructed from exact IDs preserved in frozen audit record
30400,Brick 4 x 18,Bricks,Standard,19,11,Bricks,Plastic,,Reconstructed from exact IDs preserved in frozen audit record
4201,Brick 8 x 8,Bricks,Standard,20,11,Bricks,Plastic,,Reconstructed from exact IDs preserved in frozen audit record
4204,Brick 8 x 16,Bricks,Standard,21,11,Bricks,Plastic,,Reconstructed from exact IDs preserved in frozen audit record
3245c,Brick 1 x 2 x 2 with Inside Stud Holder,Bricks,Standard,22,11,Bricks,Plastic,,Reconstructed from exact IDs preserved in frozen audit record
39268,Brick 1 x 5 x 2,Bricks,Standard,23,11,Bricks,Plastic,,Reconstructed from exact IDs preserved in frozen audit record
14716,Brick 1 x 1 x 3,Bricks,Standard,24,11,Bricks,Plastic,,Reconstructed from exact IDs preserved in frozen audit record
22886,Brick 1 x 2 x 3 with Bottom Stud Holder,Bricks,Standard,25,11,Bricks,Plastic,,Reconstructed from exact IDs preserved in frozen audit record
49311,Brick 1 x 4 x 3,Bricks,Standard,26,11,Bricks,Plastic,,Reconstructed from exact IDs preserved in frozen audit record
30145,Brick 2 x 2 x 3,Bricks,Standard,27,11,Bricks,Plastic,,Reconstructed from exact IDs preserved in frozen audit record
30144,Brick 2 x 4 x 3,Bricks,Standard,28,11,Bricks,Plastic,,Reconstructed from exact IDs preserved in frozen audit record
2453b,Brick 1 x 1 x 5 with Solid Stud,Bricks,Standard,29,11,Bricks,Plastic,,Reconstructed from exact IDs preserved in frozen audit record
2454b,Brick 1 x 2 x 5 with Hollow Studs,Bricks,Standard,30,11,Bricks,Plastic,,Reconstructed from exact IDs preserved in frozen audit record
3755a,Brick 1 x 3 x 5 with Side Supports,Bricks,Standard,31,11,Bricks,Plastic,,Reconstructed from exact IDs preserved in frozen audit record
3754,Brick 1 x 6 x 5,Bricks,Standard,32,11,Bricks,Plastic,,Reconstructed from exact IDs preserved in frozen audit record
6213,Brick 2 x 6 x 3,Bricks,Standard,33,11,Bricks,Plastic,,Reconstructed from exact IDs preserved in frozen audit record
59900,Cone 1 x 1 [Top Groove],Cones,Cones,1,20,Bricks Round and Cones,Plastic,,Reconstructed from exact IDs preserved in frozen audit record
33492,Cone 1 1/2 x 1 1/2 x 2/3,Cones,Cones,2,20,Bricks Round and Cones,Plastic,,Reconstructed from exact IDs preserved in frozen audit record
6039,"Cone 2 x 2 x 1 2/3 Octagonal, Open Stud",Cones,Cones,3,20,Bricks Round and Cones,Plastic,,Reconstructed from exact IDs preserved in frozen audit record
3942c,"Cone 2 x 2 x 2, Open Stud",Cones,Cones,4,20,Bricks Round and Cones,Plastic,,Reconstructed from exact IDs preserved in frozen audit record
49309,Cone 2 x 2 x 2 Inverted,Cones,Cones,5,20,Bricks Round and Cones,Plastic,,Reconstructed from exact IDs preserved in frozen audit record
28598,Cone 2 x 2 x 3 Jagged,Cones,Cones,6,20,Bricks Round and Cones,Plastic,,Reconstructed from exact IDs preserved in frozen audit record
6233,Cone 3 x 3 x 2,Cones,Cones,7,20,Bricks Round and Cones,Plastic,,Reconstructed from exact IDs preserved in frozen audit record
1744,Cone 3 x 3 x 3 (Elliptic Paraboloid) with Internal Axle Hole,Cones,Cones,8,20,Bricks Round and Cones,Plastic,,Reconstructed from exact IDs preserved in frozen audit record
3943b,"Cone 4 x 4 x 2, Axle Hole [Plain]",Cones,Cones,9,20,Bricks Round and Cones,Plastic,,Reconstructed from exact IDs preserved in frozen audit record
4742,Cone 4 x 4 x 2 Hollow No Studs,Cones,Cones,10,20,Bricks Round and Cones,Plastic,,Reconstructed from exact IDs preserved in frozen audit record
3569,Cone 4 x 4 x 3 with Axle Hole,Cones,Cones,11,20,Bricks Round and Cones,Plastic,,Reconstructed from exact IDs preserved in frozen audit record
272,Cone 4 x 4 x 3 with Single Solid Stud,Cones,Cones,12,20,Bricks Round and Cones,Plastic,,Reconstructed from exact IDs preserved in frozen audit record
38317,Cone Half 2 x 4 x 3,Cones,Cones,13,20,Bricks Round and Cones,Plastic,,Reconstructed from exact IDs preserved in frozen audit record
18909,Cone Half 6 x 3 x 6 (Elliptic Paraboloid),Cones,Cones,14,20,Bricks Round and Cones,Plastic,,Reconstructed from exact IDs preserved in frozen audit record
8064,Cone Quarter 3 x 3 x 2 Hollow No Studs,Cones,Cones,15,20,Bricks Round and Cones,Plastic,,Reconstructed from exact IDs preserved in frozen audit record
98100,Brick Round 2 x 2 Truncated Cone,Cones,Cones,16,20,Bricks Round and Cones,Plastic,,Reconstructed from exact IDs preserved in frozen audit record
4490,Brick Arch 1 x 3,Arches,Arches,1,37,Bricks Curved,Plastic,,Reconstructed from exact IDs preserved in frozen audit record
3659,Brick Arch 1 x 4,Arches,Arches,2,37,Bricks Curved,Plastic,,Reconstructed from exact IDs preserved in frozen audit record
3455,Brick Arch 1 x 6,Arches,Arches,3,37,Bricks Curved,Plastic,,Reconstructed from exact IDs preserved in frozen audit record
92950,Brick Arch 1 x 6 Raised Arch,Arches,Arches,4,37,Bricks Curved,Plastic,,Reconstructed from exact IDs preserved in frozen audit record
3307,Brick Arch 1 x 6 x 2 - Thick Top with Reinforced Underside,Arches,Arches,5,37,Bricks Curved,Plastic,,Reconstructed from exact IDs preserved in frozen audit record
15254,Brick Arch 1 x 6 x 2 - Thin Top without Reinforced Underside [New Version],Arches,Arches,6,37,Bricks Curved,Plastic,,Reconstructed from exact IDs preserved in frozen audit record
3308,Brick Arch 1 x 8 x 2,Arches,Arches,7,37,Bricks Curved,Plastic,,Reconstructed from exact IDs preserved in frozen audit record
16577,Brick Arch 1 x 8 x 2 Raised,Arches,Arches,8,37,Bricks Curved,Plastic,,Reconstructed from exact IDs preserved in frozen audit record
6108,Brick Arch 1 x 12 x 3,Arches,Arches,9,37,Bricks Curved,Plastic,,Reconstructed from exact IDs preserved in frozen audit record
14707,Brick Arch 1 x 12 x 3 Raised Arch,Arches,Arches,10,37,Bricks Curved,Plastic,,Reconstructed from exact IDs preserved in frozen audit record
5843,Brick Arch 1 x 3 x 1 2/3 Curved Top,Arches,Arches,11,37,Bricks Curved,Plastic,,Reconstructed from exact IDs preserved in frozen audit record
6005,Brick Arch 1 x 3 x 2 Curved Top,Arches,Arches,12,37,Bricks Curved,Plastic,,Reconstructed from exact IDs preserved in frozen audit record
5850,"Brick Arch 1 x 3 x 2, Straight End",Arches,Arches,13,37,Bricks Curved,Plastic,,Reconstructed from exact IDs preserved in frozen audit record
5844,Brick Arch 1 x 4 x 2 1/3 Curved Top,Arches,Arches,14,37,Bricks Curved,Plastic,,Reconstructed from exact IDs preserved in frozen audit record
6182,Brick Arch 1 x 4 x 2,Arches,Arches,15,37,Bricks Curved,Plastic,,Reconstructed from exact IDs preserved in frozen audit record
80543,Brick Arch 1 x 4 x 3,Arches,Arches,16,37,Bricks Curved,Plastic,,Reconstructed from exact IDs preserved in frozen audit record
3572,Brick Arch 1 x 5 x 2,Arches,Arches,17,37,Bricks Curved,Plastic,,Reconstructed from exact IDs preserved in frozen audit record
2339,Brick Arch 1 x 5 x 4 [Continuous Bow],Arches,Arches,18,37,Bricks Curved,Plastic,,Reconstructed from exact IDs preserved in frozen audit record
6060,Brick Arch 1 x 6 x 3 1/3 Curved Top,Arches,Arches,19,37,Bricks Curved,Plastic,,Reconstructed from exact IDs preserved in frozen audit record
30257,Brick Arch 1 x 6 x 6,Arches,Arches,20,37,Bricks Curved,Plastic,,Reconstructed from exact IDs preserved in frozen audit record
6183,Brick Arch 1 x 6 x 2 Curved Top,Arches,Arches,21,37,Bricks Curved,Plastic,,Reconstructed from exact IDs preserved in frozen audit record
6184,Brick Arch 1 x 12 x 5 Curved Top,Arches,Arches,22,37,Bricks Curved,Plastic,,Reconstructed from exact IDs preserved in frozen audit record
13965,Brick Arch 1 x 3 x 3 [Gothic],Arches,Arches,23,37,Bricks Curved,Plastic,,Reconstructed from exact IDs preserved in frozen audit record
38585,Brick Arch 1 1/2 x 1 1/2 Corner,Arches,Arches,24,37,Bricks Curved,Plastic,,Reconstructed from exact IDs preserved in frozen audit record
50967,Brick Arch 8 x 1 x 1 2/3 Curved,Arches,Arches,25,37,Bricks Curved,Plastic,,Reconstructed from exact IDs preserved in frozen audit record
7891,Bracket 1 x 3 x 1 1/3,Brackets,Brick-height & structural,1,5,Bricks Special,Plastic,,Reconstructed from exact IDs preserved in frozen audit record
5712,Bracket 5 x 1 x 1 1/3,Brackets,Brick-height & structural,2,5,Bricks Special,Plastic,,Reconstructed from exact IDs preserved in frozen audit record
18671,Bracket 3 x 2 x 1 1/3 with Pin Bottom,Brackets,Brick-height & structural,3,5,Bricks Special,Plastic,,Reconstructed from exact IDs preserved in frozen audit record
73562,Bracket 3 x 2 x 1 1/3 with Bottom Stud Holder,Brackets,Brick-height & structural,4,5,Bricks Special,Plastic,,Reconstructed from exact IDs preserved in frozen audit record
11215,"Bracket 5 x 2 x 1 1/3 with Holes, Pin Bottom",Brackets,Brick-height & structural,5,5,Bricks Special,Plastic,,Reconstructed from exact IDs preserved in frozen audit record
79180,Bracket 5 x 2 x 1 1/3 with Bottom Stud Holder,Brackets,Brick-height & structural,6,5,Bricks Special,Plastic,,Reconstructed from exact IDs preserved in frozen audit record
6087,"Bracket 5 x 2 x 2 1/3 with Holes, Smooth Bottom",Brackets,Brick-height & structural,7,5,Bricks Special,Plastic,,Reconstructed from exact IDs preserved in frozen audit record
76766,"Bracket 5 x 2 x 2 1/3 with Holes, Inside Stud Holder",Brackets,Brick-height & structural,8,5,Bricks Special,Plastic,,Reconstructed from exact IDs preserved in frozen audit record
36841,Bracket 1 x 1 - 1 x 1,Brackets,Compact,1,9,Plates Special,Plastic,,Reconstructed from exact IDs preserved in frozen audit record
36840,Bracket 1 x 1 - 1 x 1 Inverted,Brackets,Compact,2,9,Plates Special,Plastic,,Reconstructed from exact IDs preserved in frozen audit record
79389,Bracket 1 x 1 - 1 x 2,Brackets,Compact,3,9,Plates Special,Plastic,,Reconstructed from exact IDs preserved in frozen audit record
73825,Bracket 1 x 1 - 1 x 2 Inverted,Brackets,Compact,4,9,Plates Special,Plastic,,Reconstructed from exact IDs preserved in frozen audit record
99781,Bracket 1 x 2 - 1 x 2,Brackets,Compact,5,9,Plates Special,Plastic,,Reconstructed from exact IDs preserved in frozen audit record
99780,Bracket 1 x 2 - 1 x 2 Inverted,Brackets,Compact,6,9,Plates Special,Plastic,,Reconstructed from exact IDs preserved in frozen audit record
44728,Bracket 1 x 2 - 2 x 2,Brackets,Compact,7,9,Plates Special,Plastic,,Reconstructed from exact IDs preserved in frozen audit record
99207,Bracket 1 x 2 - 2 x 2 Inverted,Brackets,Compact,8,9,Plates Special,Plastic,,Reconstructed from exact IDs preserved in frozen audit record
93274,Bracket 1 x 2 - 2 x 4,Brackets,Compact,9,9,Plates Special,Plastic,,Reconstructed from exact IDs preserved in frozen audit record
7452,Bracket 1 x 2 - 2 x 4 Inverted,Brackets,Compact,10,9,Plates Special,Plastic,,Reconstructed from exact IDs preserved in frozen audit record
2436,Bracket 1 x 2 - 1 x 4 [Square Corners],Brackets,Compact,11,9,Plates Special,Plastic,,Reconstructed from exact IDs preserved in frozen audit record
10201,Bracket 1 x 2 - 1 x 4 [Rounded Corners],Brackets,Compact,12,9,Plates Special,Plastic,,Reconstructed from exact IDs preserved in frozen audit record
7674,Bracket 1 x 2 - 2 x 2 Centered,Brackets,Compact,13,9,Plates Special,Plastic,,Reconstructed from exact IDs preserved in frozen audit record
3956,Bracket 2 x 2 - 2 x 2,Brackets,Larger plate-style,1,9,Plates Special,Plastic,,Reconstructed from exact IDs preserved in frozen audit record
4598,Bracket 3 x 2 - 2 x 2 [aka Space Seat],Brackets,Larger plate-style,2,9,Plates Special,Plastic,,Reconstructed from exact IDs preserved in frozen audit record
5175,Bracket 2 x 4 - 1 x 4,Brackets,Larger plate-style,3,9,Plates Special,Plastic,,Reconstructed from exact IDs preserved in frozen audit record
5090,Bracket 1 x 6 - 2 x 6 Inverted,Brackets,Larger plate-style,4,9,Plates Special,Plastic,,Reconstructed from exact IDs preserved in frozen audit record
64570,Bracket 2 x 6 - 1 x 6 Inverted,Brackets,Larger plate-style,5,9,Plates Special,Plastic,,Reconstructed from exact IDs preserved in frozen audit record
6970,Bracket 1 x 2 - 2 x 6,Brackets,Larger plate-style,6,9,Plates Special,Plastic,,Reconstructed from exact IDs preserved in frozen audit record
69906,"Bracket 2 x 3 - 2 x 2, Curved Sides",Brackets,Larger plate-style,7,9,Plates Special,Plastic,,Reconstructed from exact IDs preserved in frozen audit record
98287,Bracket 3 x 4 - 3 x 4,Brackets,Larger plate-style,8,9,Plates Special,Plastic,,Reconstructed from exact IDs preserved in frozen audit record
7178,Panel 3 x 6 Car Seat with 4 Studs,Transportation,Land,1,36,Transportation - Land,Plastic,,Previously reconciled Land addition; retained in authoritative 83-position Land family.
2904,Technic Motorcycle Pivot,Transportation,Land,2,25,"Technic Steering, Suspension and Engine",Plastic,,Previously reconciled Land addition; retained in authoritative 83-position Land family.
44374,Technic Beam Rotor 3 Blade Thin,Propellers & Rotors,Propellers & Rotors,1,51,Technic Beams,Plastic,,Reconstructed from exact IDs preserved in frozen audit record
80273,Technic Propeller 5 Blade 9 Stud Diameter with Square Hole,Propellers & Rotors,Propellers & Rotors,2,55,Technic Beams Special,Plastic,,Reconstructed from exact IDs preserved in frozen audit record
61069,Technic Engine Block Half / Side Intake Panel,Engines & Turbines,Engine Components,1,40,Technic Panels,Plastic,,Reconstructed from exact IDs preserved in frozen audit record
2853,Technic Engine Crankshaft,Engines & Turbines,Engine Components,2,25,"Technic Steering, Suspension and Engine",Plastic,,Reconstructed from exact IDs preserved in frozen audit record
2854,Technic Engine Crankshaft Center,Engines & Turbines,Engine Components,3,25,"Technic Steering, Suspension and Engine",Plastic,,Reconstructed from exact IDs preserved in frozen audit record
2745,Technic Cylinder 4 x 4 x 1 2/3 with Axle Holes,Cylinders,Cylinders,1,35,Transportation - Sea and Air,Plastic,,Reconstructed from exact IDs preserved in frozen audit record
30360,Cylinder 3 x 6 x 2 2/3 Horizontal Hollow Studs,Cylinders,Cylinders,2,20,Bricks Round and Cones,Plastic,,Reconstructed from exact IDs preserved in frozen audit record
41531,"Technic Cylinder 4 x 4 with Pin Holes and Centre Bar, Closed Sides on Bar",Cylinders,Cylinders,3,35,Transportation - Sea and Air,Plastic,,Reconstructed from exact IDs preserved in frozen audit record
93168,Cylinder 3 x 6 x 2 2/3 Horizontal Solid Studs,Cylinders,Cylinders,4,20,Bricks Round and Cones,Plastic,,Reconstructed from exact IDs preserved in frozen audit record
24593,Cylinder Half 2 x 4 x 2 with 1 x 2 Cutout,Cylinders,Half Cylinders,1,20,Bricks Round and Cones,Plastic,,Reconstructed from exact IDs preserved in frozen audit record
6259,Cylinder Half 2 x 4 x 4,Cylinders,Half Cylinders,2,20,Bricks Round and Cones,Plastic,,Reconstructed from exact IDs preserved in frozen audit record
8105,Cylinder Half 2 x 4 x 5 with 1 x 2 Cutout and Arched Window,Cylinders,Half Cylinders,3,23,Panels,Plastic,,Reconstructed from exact IDs preserved in frozen audit record
85941,Cylinder Half 2 x 4 x 5 with 1 x 2 cutout,Cylinders,Half Cylinders,4,20,Bricks Round and Cones,Plastic,,Reconstructed from exact IDs preserved in frozen audit record
67950,Cylinder Half 3 x 6 x 6 Closed on Top with 2 Studs,Cylinders,Half Cylinders,5,20,Bricks Round and Cones,Plastic,,Reconstructed from exact IDs preserved in frozen audit record
87926,Cylinder Half 3 x 6 x 6 with 1 x 2 Cutout,Cylinders,Half Cylinders,6,20,Bricks Round and Cones,Plastic,,Reconstructed from exact IDs preserved in frozen audit record
92591,Cylinder Half 4 x 6 x 13 with 1 x 2 Cutout,Cylinders,Half Cylinders,7,23,Panels,Plastic,,Reconstructed from exact IDs preserved in frozen audit record
6908,Dome 1 x 1 x 2/3,Domes,Dome Tops & Shaped,1,20,Bricks Round and Cones,Plastic,,Reconstructed from exact IDs preserved in frozen audit record
20952,Brick Round 1.5 x 1.5 Dome Top [Plain],Domes,Dome Tops & Shaped,2,20,Bricks Round and Cones,Plastic,,Reconstructed from exact IDs preserved in frozen audit record
30151b,"Brick Round 2 x 2 x 1 2/3 Dome Top, Hollow Stud",Domes,Dome Tops & Shaped,3,20,Bricks Round and Cones,Plastic,,Reconstructed from exact IDs preserved in frozen audit record
30367c,"Brick Round 2 x 2 Dome Top, Hollow Stud",Domes,Dome Tops & Shaped,4,20,Bricks Round and Cones,Plastic,,Reconstructed from exact IDs preserved in frozen audit record
3262,"Brick Round 2 x 2 Dome Top, Vented Stud",Domes,Dome Tops & Shaped,5,20,Bricks Round and Cones,Plastic,,Reconstructed from exact IDs preserved in frozen audit record
49308,Brick Round 3 x 3 Dome with Center Stud,Domes,Dome Tops & Shaped,6,20,Bricks Round and Cones,Plastic,,Reconstructed from exact IDs preserved in frozen audit record
49612,Brick Round Corner 4 x 4 x 3 Quarter Dome Top,Domes,Dome Tops & Shaped,7,20,Bricks Round and Cones,Plastic,,Reconstructed from exact IDs preserved in frozen audit record
76776,Brick Round Corner 5 x 5 x 3 1/3 Quarter Dome Top [Plain],Domes,Dome Tops & Shaped,8,20,Bricks Round and Cones,Plastic,,Reconstructed from exact IDs preserved in frozen audit record
79850,"Brick Round 4 x 4 Dome Top with Round 2 x 2 Recessed, 4 Studs",Domes,Dome Tops & Shaped,9,20,Bricks Round and Cones,Plastic,,Reconstructed from exact IDs preserved in frozen audit record
88293,Brick Round Corner 3 x 3 x 2 Dome Top,Domes,Dome Tops & Shaped,10,20,Bricks Round and Cones,Plastic,,Reconstructed from exact IDs preserved in frozen audit record
1974,Dome Hemisphere 7 x 7 with 2 Pin Holes [Plain],Domes,Hemispheres & Large Domes,1,20,Bricks Round and Cones,Plastic,,Reconstructed from exact IDs preserved in frozen audit record
20455,Dome Hemisphere 5 x 9 x 5 1/3 with 2 x 2 Studs on Top,Domes,Hemispheres & Large Domes,2,20,Bricks Round and Cones,Plastic,,Reconstructed from exact IDs preserved in frozen audit record
30208,Dome Hemisphere 4 x 4 Multifaceted,Domes,Hemispheres & Large Domes,3,20,Bricks Round and Cones,Plastic,,Reconstructed from exact IDs preserved in frozen audit record
44359,Dome Hemisphere 3 x 3 Ball Turret,Domes,Hemispheres & Large Domes,4,20,Bricks Round and Cones,Plastic,,Reconstructed from exact IDs preserved in frozen audit record
61287,Dome Hemisphere 2 x 2 with Cutout,Domes,Hemispheres & Large Domes,5,20,Bricks Round and Cones,Plastic,,Reconstructed from exact IDs preserved in frozen audit record
86500,Dome Hemisphere 4 x 4,Domes,Hemispheres & Large Domes,6,20,Bricks Round and Cones,Plastic,,Reconstructed from exact IDs preserved in frozen audit record
98107,Dome Hemisphere 11 x 11 with 2 x 2 Studs on Top,Domes,Hemispheres & Large Domes,7,20,Bricks Round and Cones,Plastic,,Reconstructed from exact IDs preserved in frozen audit record
15332,Fence Spindled 1 x 4 x 2 [4 Top Studs],Fences & Railings,Fences,1,32,"Bars, Ladders and Fences",Plastic,,Reconstructed from exact IDs preserved in frozen audit record
19121,Fence Ornamented 1 x 4 x 2 with 4 Studs,Fences & Railings,Fences,2,32,"Bars, Ladders and Fences",Plastic,,Reconstructed from exact IDs preserved in frozen audit record
2040,Fabuland Fence 1 x 6 x 2 Rounded,Fences & Railings,Fences,3,32,"Bars, Ladders and Fences",Plastic,,Reconstructed from exact IDs preserved in frozen audit record
21229,Fence Spindled 4 x 4 x 2 Quarter Round with 3 Studs,Fences & Railings,Fences,4,32,"Bars, Ladders and Fences",Plastic,,Reconstructed from exact IDs preserved in frozen audit record
2583,Fence / Bar 1 x 8 x 3,Fences & Railings,Fences,5,32,"Bars, Ladders and Fences",Plastic,,Reconstructed from exact IDs preserved in frozen audit record
30055,Fence Spindled 1 x 4 x 2 [2 Top Studs],Fences & Railings,Fences,6,32,"Bars, Ladders and Fences",Plastic,,Reconstructed from exact IDs preserved in frozen audit record
30056,Fence Spindled 4 x 4 x 2 Quarter Round with 2 Studs,Fences & Railings,Fences,7,32,"Bars, Ladders and Fences",Plastic,,Reconstructed from exact IDs preserved in frozen audit record
30077,Fence 1 x 6 x 2,Fences & Railings,Fences,8,32,"Bars, Ladders and Fences",Plastic,,Reconstructed from exact IDs preserved in frozen audit record
30110,Fence 2 x 12 x 6,Fences & Railings,Fences,9,32,"Bars, Ladders and Fences",Plastic,,Reconstructed from exact IDs preserved in frozen audit record
33303,Picket Fence 1 x 4 x 2,Fences & Railings,Fences,10,32,"Bars, Ladders and Fences",Plastic,,Reconstructed from exact IDs preserved in frozen audit record
6079,Fence 1 x 8 x 2 2/3,Fences & Railings,Fences,11,32,"Bars, Ladders and Fences",Plastic,,Reconstructed from exact IDs preserved in frozen audit record
23444,Lattice 3 x 6 Module with Studs,Fences & Railings,Lattice & Decorative,1,32,"Bars, Ladders and Fences",Plastic,,Reconstructed from exact IDs preserved in frozen audit record
3185,Fence Lattice 1 x 4 x 2,Fences & Railings,Lattice & Decorative,2,32,"Bars, Ladders and Fences",Plastic,,Reconstructed from exact IDs preserved in frozen audit record
32932,Fence 1 x 4 x 2 Ornamental Asian Lattice Square with 4 Studs,Fences & Railings,Lattice & Decorative,3,32,"Bars, Ladders and Fences",Plastic,,Reconstructed from exact IDs preserved in frozen audit record
3633,Fence Lattice 1 x 4 x 1,Fences & Railings,Lattice & Decorative,4,32,"Bars, Ladders and Fences",Plastic,,Reconstructed from exact IDs preserved in frozen audit record
41823,Fence Decorative 3 x 3 x 2 Quarter Round with 2 Studs,Fences & Railings,Lattice & Decorative,5,32,"Bars, Ladders and Fences",Plastic,,Reconstructed from exact IDs preserved in frozen audit record
5032,"Fence 4 x 6, Chain-Link",Fences & Railings,Lattice & Decorative,6,32,"Bars, Ladders and Fences",Plastic,,Reconstructed from exact IDs preserved in frozen audit record
5103,Fence 1 x 4 x 2 Ornamental Asian Lattice Round with 4 Studs,Fences & Railings,Lattice & Decorative,7,32,"Bars, Ladders and Fences",Plastic,,Reconstructed from exact IDs preserved in frozen audit record
6165,"Belville, Wall, Lattice 12 x 1 x 12 Square",Fences & Railings,Lattice & Decorative,8,42,"Belville, Scala and Fabuland",Plastic,,Reconstructed from exact IDs preserved in frozen audit record
6166,"Belville, Wall, Lattice 12 x 1 x 12 Curved",Fences & Railings,Lattice & Decorative,9,42,"Belville, Scala and Fabuland",Plastic,,Reconstructed from exact IDs preserved in frozen audit record
6583,Plate Special 1 x 6 with Train Wagon End Fence,Fences & Railings,Railings & Barriers,1,32,"Bars, Ladders and Fences",Plastic,,Reconstructed from exact IDs preserved in frozen audit record
30191,Equipment Stretcher Holder,Fences & Railings,Railings & Barriers,2,27,Minifig Accessories,Rubber,,Reconstructed from exact IDs preserved in frozen audit record
64448,Support 1 x 6 x 5 Girder Rectangular,Fences & Railings,Railings & Barriers,3,34,"Supports, Girders and Cranes",Plastic,,Reconstructed from exact IDs preserved in frozen audit record
95228,Equipment Bottle,Fences & Railings,Railings & Barriers,4,27,Minifig Accessories,Plastic,,Reconstructed from exact IDs preserved in frozen audit record
6695,"Scala, Staircase Railing Segment, Spiral",Fences & Railings,Railings & Barriers,5,42,"Belville, Scala and Fabuland",Plastic,,Reconstructed from exact IDs preserved in frozen audit record
6697,"Scala, Staircase Railing Top, Spiral",Fences & Railings,Railings & Barriers,6,42,"Belville, Scala and Fabuland",Plastic,,Reconstructed from exact IDs preserved in frozen audit record
11299,Ladder 16 x 3.5 with Side Supports,Ladders & Stairs,Ladders,1,32,"Bars, Ladders and Fences",Plastic,,Reconstructed from exact IDs preserved in frozen audit record
15118,Ladder 16 x 2.5,Ladders & Stairs,Ladders,2,32,"Bars, Ladders and Fences",Plastic,,Reconstructed from exact IDs preserved in frozen audit record
4000,Ladder 16 x 4 with Semi-Circular Pivot,Ladders & Stairs,Ladders,3,32,"Bars, Ladders and Fences",Plastic,,Reconstructed from exact IDs preserved in frozen audit record
420,"Ladder Two Piece, Bottom Section",Ladders & Stairs,Ladders,4,32,"Bars, Ladders and Fences",Plastic,,Reconstructed from exact IDs preserved in frozen audit record
421,"Ladder Two Piece, Top Section",Ladders & Stairs,Ladders,5,32,"Bars, Ladders and Fences",Plastic,,Reconstructed from exact IDs preserved in frozen audit record
4207,Ladder 14 x 2.5,Ladders & Stairs,Ladders,6,32,"Bars, Ladders and Fences",Plastic,,Reconstructed from exact IDs preserved in frozen audit record
5630,Bar 7 x 3 with Double Clips (Ladder) [Round Clips],Ladders & Stairs,Ladders,7,32,"Bars, Ladders and Fences",Plastic,,Reconstructed from exact IDs preserved in frozen audit record
6020,Bar 7 x 3 with Double Clips (Ladder) [Straight Clips],Ladders & Stairs,Ladders,8,32,"Bars, Ladders and Fences",Plastic,,Reconstructed from exact IDs preserved in frozen audit record
70646,Ladder 16 x 2.5 with Three 2 x 2 Studs,Ladders & Stairs,Ladders,9,32,"Bars, Ladders and Fences",Plastic,,Reconstructed from exact IDs preserved in frozen audit record
7307,Ladder 1 x 4,Ladders & Stairs,Ladders,10,32,"Bars, Ladders and Fences",Plastic,,Reconstructed from exact IDs preserved in frozen audit record
850,Ladder 10.3cm (collapsed) 2 & 3 Piece - Bottom Section,Ladders & Stairs,Ladders,11,32,"Bars, Ladders and Fences",Plastic,,Reconstructed from exact IDs preserved in frozen audit record
851a,Ladder 10.3cm (collapsed) 3-Piece - Middle Section,Ladders & Stairs,Ladders,12,32,"Bars, Ladders and Fences",Plastic,,Reconstructed from exact IDs preserved in frozen audit record
851b,Ladder 10.3cm (collapsed) 2-Piece - Top Section,Ladders & Stairs,Ladders,13,32,"Bars, Ladders and Fences",Plastic,,Reconstructed from exact IDs preserved in frozen audit record
852,Ladder 10.3cm (collapsed) 3-Piece - Top Section,Ladders & Stairs,Ladders,14,32,"Bars, Ladders and Fences",Plastic,,Reconstructed from exact IDs preserved in frozen audit record
fabupn0007,Fabuland Ladder,Ladders & Stairs,Ladders,15,32,"Bars, Ladders and Fences",Plastic,,Reconstructed from exact IDs preserved in frozen audit record
2046,Stairs 6 x 6 x 9 1/3 Curved Enclosed,Ladders & Stairs,Stairs,1,32,"Bars, Ladders and Fences",Plastic,,Reconstructed from exact IDs preserved in frozen audit record
28466,"Stairs, Left 6 x 6 x 4",Ladders & Stairs,Stairs,2,32,"Bars, Ladders and Fences",Plastic,,Reconstructed from exact IDs preserved in frozen audit record
30134,Stairs 7 x 4 x 6 Straight Open,Ladders & Stairs,Stairs,3,32,"Bars, Ladders and Fences",Plastic,,Reconstructed from exact IDs preserved in frozen audit record
40243,Stairs Spiral Step,Ladders & Stairs,Stairs,4,32,"Bars, Ladders and Fences",Plastic,,Reconstructed from exact IDs preserved in frozen audit record
4784,Stairs 4 x 7 x 9 1/3 Straight Enclosed,Ladders & Stairs,Stairs,5,32,"Bars, Ladders and Fences",Plastic,,Reconstructed from exact IDs preserved in frozen audit record
6169,Stairs 13 x 13 x 12 Curved Open,Ladders & Stairs,Stairs,6,32,"Bars, Ladders and Fences",Plastic,,Reconstructed from exact IDs preserved in frozen audit record
6693,"Scala, Staircase Step, Top Step, Spiral",Ladders & Stairs,Stairs,7,42,"Belville, Scala and Fabuland",Plastic,,Reconstructed from exact IDs preserved in frozen audit record
6694,"Scala, Staircase Step, Middle Step, Spiral",Ladders & Stairs,Stairs,8,42,"Belville, Scala and Fabuland",Plastic,,Reconstructed from exact IDs preserved in frozen audit record
6905,"Scala, Staircase Step, Bottom Step, Spiral",Ladders & Stairs,Stairs,9,42,"Belville, Scala and Fabuland",Plastic,,Reconstructed from exact IDs preserved in frozen audit record
fabupn0008,"Fabuland Stairs, Large",Ladders & Stairs,Stairs,10,32,"Bars, Ladders and Fences",Plastic,,Reconstructed from exact IDs preserved in frozen audit record
2439,Trash Can with 2 Cover Holders,Containers,Barrels & Trash Cans,1,7,Containers,Plastic,,Reconstructed from exact IDs preserved in frozen audit record
2489,Barrel 2 x 2 x 2,Containers,Barrels & Trash Cans,2,7,Containers,Plastic,,Reconstructed from exact IDs preserved in frozen audit record
30139,Barrel 4 x 4 x 3.5,Containers,Barrels & Trash Cans,3,7,Containers,Plastic,,Reconstructed from exact IDs preserved in frozen audit record
4424,Barrel Half Large,Containers,Barrels & Trash Cans,4,7,Containers,Plastic,,Reconstructed from exact IDs preserved in frozen audit record
64951,Barrel Half Large with Axle Hole,Containers,Barrels & Trash Cans,5,7,Containers,Plastic,,Reconstructed from exact IDs preserved in frozen audit record
92926,Trash Can with 4 Cover Holders,Containers,Barrels & Trash Cans,6,7,Containers,Plastic,,Reconstructed from exact IDs preserved in frozen audit record
fabupn0023,Fabuland Trashcan,Containers,Barrels & Trash Cans,7,7,Containers,Plastic,,Reconstructed from exact IDs preserved in frozen audit record
15361,Container Cylindrical 3 x 8 x 5 with Pin Holes,Containers,Boxes Bins & Containers,1,7,Containers,Plastic,,Reconstructed from exact IDs preserved in frozen audit record
2821,Container Box 2 x 2 x 1 Reinforced Bottom,Containers,Boxes Bins & Containers,2,7,Containers,Plastic,,Reconstructed from exact IDs preserved in frozen audit record
30150,Box / Crate with Handholds 3 x 4 x 1 2/3,Containers,Boxes Bins & Containers,3,7,Containers,Plastic,,Reconstructed from exact IDs preserved in frozen audit record
30637,"Container / Box, Open Ended 2 x 4 x 4 with 1 Hinge Finger Each End",Containers,Boxes Bins & Containers,4,7,Containers,Plastic,,Reconstructed from exact IDs preserved in frozen audit record
30639,"Container / Box, Open Ended 4 x 4 x 4 with 1 Hinge Finger Each End [Plain]",Containers,Boxes Bins & Containers,5,7,Containers,Plastic,,Reconstructed from exact IDs preserved in frozen audit record
33031,Box 3.5 x 3.5 x 1.3 with Hinged Lid,Containers,Boxes Bins & Containers,6,7,Containers,Plastic,,Reconstructed from exact IDs preserved in frozen audit record
35700,Container Box 2 x 2 x 1 [Plain],Containers,Boxes Bins & Containers,7,7,Containers,Plastic,,Reconstructed from exact IDs preserved in frozen audit record
4345b,Box 2 x 2 x 2 [Hollow Studs],Containers,Boxes Bins & Containers,8,7,Containers,Plastic,,Reconstructed from exact IDs preserved in frozen audit record
4346,Box 2 x 2 x 2 Door with Slot,Containers,Boxes Bins & Containers,9,7,Containers,Plastic,,Reconstructed from exact IDs preserved in frozen audit record
61780,Container Box 2 x 2 x 2 - Top Opening,Containers,Boxes Bins & Containers,10,7,Containers,Plastic,,Reconstructed from exact IDs preserved in frozen audit record
64700,Container Lid for Part 86501,Containers,Boxes Bins & Containers,11,7,Containers,Plastic,,Reconstructed from exact IDs preserved in frozen audit record
65253,"Pod, Round Tapering with Loop on Top",Containers,Boxes Bins & Containers,12,7,Containers,Plastic,,Reconstructed from exact IDs preserved in frozen audit record
69066,Box / Crate 1 x 3,Containers,Boxes Bins & Containers,13,7,Containers,Plastic,,Reconstructed from exact IDs preserved in frozen audit record
7711,Container Box 2 x 2 x 1 1/3 with Hinge,Containers,Boxes Bins & Containers,14,7,Containers,Plastic,,Reconstructed from exact IDs preserved in frozen audit record
7712,"Lid for Box 2 x 2, Hinged",Containers,Boxes Bins & Containers,15,7,Containers,Plastic,,Reconstructed from exact IDs preserved in frozen audit record
12884,Bucket 1 x 1 x 1 Straight,Containers,Buckets Pots & Baskets,1,7,Containers,Plastic,,Reconstructed from exact IDs preserved in frozen audit record
18742,Bucket without Handle Holes - 4 Holes in Bottom,Containers,Buckets Pots & Baskets,2,7,Containers,Plastic,,Reconstructed from exact IDs preserved in frozen audit record
48245,Bucket with Handle Holes and 5 Bottom Holes - Center Bottom Stud Holder,Containers,Buckets Pots & Baskets,3,7,Containers,Plastic,,Reconstructed from exact IDs preserved in frozen audit record
95343,Bucket 1 x 1 x 1,Containers,Buckets Pots & Baskets,4,7,Containers,Plastic,,Reconstructed from exact IDs preserved in frozen audit record
98374,Minifig Pot Small with Handle Holders,Containers,Buckets Pots & Baskets,5,7,Containers,Plastic,,Reconstructed from exact IDs preserved in frozen audit record
7077,Flower Pot 2 x 2x 1 2/3,Containers,Buckets Pots & Baskets,6,7,Containers,Plastic,,Reconstructed from exact IDs preserved in frozen audit record
fabupn0027,"Fabuland, Basket",Containers,Buckets Pots & Baskets,7,42,"Belville, Scala and Fabuland",Plastic,,Reconstructed from exact IDs preserved in frozen audit record
4237,Trunk / Chest Bottom 4 x 6 x 2 1/3,"Chests, Cases & Bags",General,1,7,Containers,Plastic,,Reconstructed from exact IDs preserved in frozen audit record
4238,Trunk / Chest Lid 4 x 6 x 1 2/3,"Chests, Cases & Bags",General,2,7,Containers,Plastic,,Reconstructed from exact IDs preserved in frozen audit record
4738b,"Treasure Chest Bottom with Rear Slots, with Groove","Chests, Cases & Bags",General,3,7,Containers,Plastic,,Reconstructed from exact IDs preserved in frozen audit record
4738c,"Treasure Chest Bottom with Rear Slots, No Groove","Chests, Cases & Bags",General,4,7,Containers,Plastic,,Reconstructed from exact IDs preserved in frozen audit record
4739b,Treasure Chest Lid [Thin Hinge],"Chests, Cases & Bags",General,5,7,Containers,Plastic,,Reconstructed from exact IDs preserved in frozen audit record
80835,"Treasure Chest Lid, Flat with 2 Studs","Chests, Cases & Bags",General,6,7,Containers,Plastic,,Reconstructed from exact IDs preserved in frozen audit record
33007,"Belville / Scala, Bag / Suitcase","Chests, Cases & Bags",General,7,42,"Belville, Scala and Fabuland",Plastic,,Reconstructed from exact IDs preserved in frozen audit record
37178,Bag / Suitcase with Long Handle [Opens],"Chests, Cases & Bags",General,8,27,Minifig Accessories,Plastic,,Reconstructed from exact IDs preserved in frozen audit record
4449,Bag / Briefcase,"Chests, Cases & Bags",General,9,27,Minifig Accessories,Plastic,,Reconstructed from exact IDs preserved in frozen audit record
6203,"Belville / Scala, Bag / Case, Oval","Chests, Cases & Bags",General,10,42,"Belville, Scala and Fabuland",Plastic,,Reconstructed from exact IDs preserved in frozen audit record
98368,Toolbox,"Chests, Cases & Bags",General,11,73,"Minifig Shields, Weapons, & Tools",Plastic,,Reconstructed from exact IDs preserved in frozen audit record
96207,Musical Instrument Violin Case,"Chests, Cases & Bags",General,12,27,Minifig Accessories,Plastic,,Reconstructed from exact IDs preserved in frozen audit record
10169,Bag / Sack with Handle,"Chests, Cases & Bags",General,13,27,Minifig Accessories,Plastic,,Reconstructed from exact IDs preserved in frozen audit record
11245,Bag / Rucksack (School) [Plain],"Chests, Cases & Bags",General,14,27,Minifig Accessories,Plastic,,Reconstructed from exact IDs preserved in frozen audit record
93090,Bag / Handbag / Purse Round with Ruffle [Plain],"Chests, Cases & Bags",General,15,27,Minifig Accessories,Plastic,,Reconstructed from exact IDs preserved in frozen audit record
93091,Bag / Handbag / Purse Angular with Zipper [Plain],"Chests, Cases & Bags",General,16,27,Minifig Accessories,Plastic,,Reconstructed from exact IDs preserved in frozen audit record
2041,"Fabuland, Bench Seat",Furniture & Fixtures,General,1,42,"Belville, Scala and Fabuland",Plastic,,Reconstructed from exact IDs preserved in frozen audit record
4223,"Fabuland, Table",Furniture & Fixtures,General,2,42,"Belville, Scala and Fabuland",Plastic,,Reconstructed from exact IDs preserved in frozen audit record
33088,"Scala, Plate Special Round 14 x 7 Half, Table Top",Furniture & Fixtures,General,3,42,"Belville, Scala and Fabuland",Plastic,,Reconstructed from exact IDs preserved in frozen audit record
6965,"Scala, Table 7 x 7 x 1 1/3",Furniture & Fixtures,General,4,42,"Belville, Scala and Fabuland",Plastic,,Reconstructed from exact IDs preserved in frozen audit record
1,Homemaker Bookcase/Cupboard 2 x 4 x 4,Furniture & Fixtures,General,5,7,Containers,Plastic,,Reconstructed from exact IDs preserved in frozen audit record
2,Homemaker Cupboard 4 x 4 x 4,Furniture & Fixtures,General,6,7,Containers,Plastic,,Reconstructed from exact IDs preserved in frozen audit record
3,Homemaker Drawer 4 x 4 x 2,Furniture & Fixtures,General,7,7,Containers,Plastic,,Reconstructed from exact IDs preserved in frozen audit record
2656,Cupboard 2 x 3 x 5,Furniture & Fixtures,General,8,7,Containers,Plastic,,Reconstructed from exact IDs preserved in frozen audit record
4532,Cupboard 2 x 3 x 2 with Solid Studs,Furniture & Fixtures,General,9,7,Containers,Plastic,,Reconstructed from exact IDs preserved in frozen audit record
4533,Cupboard 2 x 3 x 2 Door,Furniture & Fixtures,General,10,7,Containers,Plastic,,Reconstructed from exact IDs preserved in frozen audit record
4534,Cupboard 2 x 3 x 4,Furniture & Fixtures,General,11,7,Containers,Plastic,,Reconstructed from exact IDs preserved in frozen audit record
4535,Cupboard 2 x 3 x 4 Door,Furniture & Fixtures,General,12,7,Containers,Plastic,,Reconstructed from exact IDs preserved in frozen audit record
4536,Cupboard 2 x 3 Drawer,Furniture & Fixtures,General,13,7,Containers,Plastic,,Reconstructed from exact IDs preserved in frozen audit record
6196,Cupboard 4 x 4 x 4 Door,Furniture & Fixtures,General,14,7,Containers,Plastic,,Reconstructed from exact IDs preserved in frozen audit record
6198,"Cupboard 4 x 4 x 4 Drawer, Open Handle",Furniture & Fixtures,General,15,7,Containers,Plastic,,Reconstructed from exact IDs preserved in frozen audit record
78124,Cupboard 2 x 3 Drawer with Reinforcements,Furniture & Fixtures,General,16,7,Containers,Plastic,,Reconstructed from exact IDs preserved in frozen audit record
92410,Cupboard 2 x 3 x 2 with Hollow Studs,Furniture & Fixtures,General,17,7,Containers,Plastic,,Reconstructed from exact IDs preserved in frozen audit record
6799,"Scala, Cupboard / Drawer Small",Furniture & Fixtures,General,18,42,"Belville, Scala and Fabuland",Plastic,,Reconstructed from exact IDs preserved in frozen audit record
6874,"Scala, Cupboard / Dresser 6 x 6 x 7 2/3 without Top",Furniture & Fixtures,General,19,42,"Belville, Scala and Fabuland",Plastic,,Reconstructed from exact IDs preserved in frozen audit record
6876,"Scala, Cupboard, Large",Furniture & Fixtures,General,20,42,"Belville, Scala and Fabuland",Plastic,,Reconstructed from exact IDs preserved in frozen audit record
6883,"Scala, Cupboard / Drawer, Large",Furniture & Fixtures,General,21,42,"Belville, Scala and Fabuland",Plastic,,Reconstructed from exact IDs preserved in frozen audit record
6943,"Scala, Building, Wall Shelf 6 x 3 x 4",Furniture & Fixtures,General,22,42,"Belville, Scala and Fabuland",Plastic,,Reconstructed from exact IDs preserved in frozen audit record
6950,"Scala, Equipment Table Support 2 x 6 x 6 1/3",Furniture & Fixtures,General,23,42,"Belville, Scala and Fabuland",Plastic,,Reconstructed from exact IDs preserved in frozen audit record
4336,"Fabuland, Bed",Furniture & Fixtures,General,24,42,"Belville, Scala and Fabuland",Plastic,,Reconstructed from exact IDs preserved in frozen audit record
6939,"Scala, Bed Headboard 1 x 16 x 4",Furniture & Fixtures,General,25,42,"Belville, Scala and Fabuland",Plastic,,Reconstructed from exact IDs preserved in frozen audit record
6940,"Scala, Bed 8 x 24",Furniture & Fixtures,General,26,42,"Belville, Scala and Fabuland",Plastic,,Reconstructed from exact IDs preserved in frozen audit record
6941,"Scala, Support, Bed 2 x 8 x 1 2/3",Furniture & Fixtures,General,27,42,"Belville, Scala and Fabuland",Plastic,,Reconstructed from exact IDs preserved in frozen audit record
30018,Bathtub 6 x 12,Furniture & Fixtures,General,28,7,Containers,Plastic,,Reconstructed from exact IDs preserved in frozen audit record
33087,"Scala, Equipment, Wall Mounted Sink",Furniture & Fixtures,General,29,42,"Belville, Scala and Fabuland",Plastic,,Reconstructed from exact IDs preserved in frozen audit record
6195,Sink 4 x 4 with Elliptical Basin,Furniture & Fixtures,General,30,7,Containers,Plastic,,Reconstructed from exact IDs preserved in frozen audit record
6882,"Scala, Sink 6 x 6",Furniture & Fixtures,General,31,42,"Belville, Scala and Fabuland",Plastic,,Reconstructed from exact IDs preserved in frozen audit record
6974,"Scala, Equipment Toilet Bowl",Furniture & Fixtures,General,32,42,"Belville, Scala and Fabuland",Plastic,,Reconstructed from exact IDs preserved in frozen audit record
6975,"Scala, Equipment Toilet Seat & Lid",Furniture & Fixtures,General,33,42,"Belville, Scala and Fabuland",Plastic,,Reconstructed from exact IDs preserved in frozen audit record
2131,"Fabuland, Refrigerator Base",Furniture & Fixtures,General,34,42,"Belville, Scala and Fabuland",Plastic,,Reconstructed from exact IDs preserved in frozen audit record
2132,"Fabuland, Refrigerator Door",Furniture & Fixtures,General,35,42,"Belville, Scala and Fabuland",Plastic,,Reconstructed from exact IDs preserved in frozen audit record
841,Homemaker Stove / Oven 4 x 4 x 3,Furniture & Fixtures,General,36,7,Containers,Plastic,,Reconstructed from exact IDs preserved in frozen audit record
842,Homemaker Stove / Oven Shelf 4 x 4,Furniture & Fixtures,General,37,7,Containers,Plastic,,Reconstructed from exact IDs preserved in frozen audit record
843,Homemaker Stove / Oven Door,Furniture & Fixtures,General,38,7,Containers,Plastic,,Reconstructed from exact IDs preserved in frozen audit record
6911,"Scala, Equipment, Oven Unit",Furniture & Fixtures,General,39,42,"Belville, Scala and Fabuland",Plastic,,Reconstructed from exact IDs preserved in frozen audit record
6994,"Scala, Equipment, Washing Machine Unit",Furniture & Fixtures,General,40,42,"Belville, Scala and Fabuland",Plastic,,Reconstructed from exact IDs preserved in frozen audit record
2855,"Technic Turntable Large Type 1 Top, 56 Tooth",Hinges & Turntables,Turntables,1,52,Technic Gears,Plastic,,Reconstructed from exact IDs preserved in frozen audit record
2856,"Technic Turntable Large Type 1 Base, 56 Tooth",Hinges & Turntables,Turntables,2,52,Technic Gears,Plastic,,Reconstructed from exact IDs preserved in frozen audit record
48168,"Technic Turntable Large Type 2 Top, 56 Tooth",Hinges & Turntables,Turntables,3,52,Technic Gears,Plastic,,Reconstructed from exact IDs preserved in frozen audit record
48452,"Technic Turntable Large Type 2 Base, 24 Tooth",Hinges & Turntables,Turntables,4,52,Technic Gears,Plastic,,Reconstructed from exact IDs preserved in frozen audit record
18938,"Technic Turntable Large Type 3 Top, 60 Tooth",Hinges & Turntables,Turntables,5,52,Technic Gears,Plastic,,Reconstructed from exact IDs preserved in frozen audit record
18939,Technic Turntable Large Type 3 Base,Hinges & Turntables,Turntables,6,52,Technic Gears,Plastic,,Reconstructed from exact IDs preserved in frozen audit record
88738,"Technic Turntable Large Type 4 Top, 60 Tooth",Hinges & Turntables,Turntables,7,52,Technic Gears,Plastic,,Reconstructed from exact IDs preserved in frozen audit record
99009,Technic Turntable Small Top,Hinges & Turntables,Turntables,8,52,Technic Gears,Plastic,,Reconstructed from exact IDs preserved in frozen audit record
99010,"Technic Turntable Small Base, 28 Tooth",Hinges & Turntables,Turntables,9,52,Technic Gears,Plastic,,Reconstructed from exact IDs preserved in frozen audit record
32089,Technic Tread Sprocket Wheel Dual Thin,"Gears, Racks & Sprockets",Reconciled addition,1,29,Wheels and Tyres,Plastic,,Reconstructed from exact IDs preserved in frozen audit record
15379,Technic Link Tread with Beveled Edge,Treads & Links,General,1,26,Technic Special,Plastic,,Reconstructed from exact IDs preserved in frozen audit record
3873,Technic Link Tread,Treads & Links,General,2,26,Technic Special,Plastic,,Reconstructed from exact IDs preserved in frozen audit record
42479,"Technic Link Tread Wide with Two Pin Holes, Soft Plastic",Treads & Links,General,3,26,Technic Special,Plastic,,Reconstructed from exact IDs preserved in frozen audit record
57518,Technic Link Tread Wide with Two Pin Holes,Treads & Links,General,4,26,Technic Special,Plastic,,Reconstructed from exact IDs preserved in frozen audit record
69910,Technic Link Tread 7L Wide with Two Pin Holes,Treads & Links,General,5,26,Technic Special,Plastic,,Reconstructed from exact IDs preserved in frozen audit record
88323,"Technic Link Tread Wide with Two Pin Holes, Reinforced",Treads & Links,General,6,26,Technic Special,Plastic,,Reconstructed from exact IDs preserved in frozen audit record
14149,Technic Tread Attachment 1 x 3,Treads & Links,General,7,26,Technic Special,Rubber,,Reconstructed from exact IDs preserved in frozen audit record
24375,Technic Tread Attachment,Treads & Links,General,8,26,Technic Special,Rubber,,Reconstructed from exact IDs preserved in frozen audit record
498,Technic Tread Crawler,Treads & Links,General,9,29,Wheels and Tyres,Rubber,,Reconstructed from exact IDs preserved in frozen audit record
498a,Technic Tread Crawler Wedge,Treads & Links,General,10,29,Wheels and Tyres,Rubber,,Reconstructed from exact IDs preserved in frozen audit record
2900,Technic Flex Cable End with Pin Connection [Old Style - No Clamp],"Arms, Grabbers & Mechanical Linkages",Control Cables,1,26,Technic Special,Plastic,,Reconstructed from exact IDs preserved in frozen audit record
2901,Technic Flex Cable End - Ball Connection [No Cage or Clamp],"Arms, Grabbers & Mechanical Linkages",Control Cables,2,26,Technic Special,Plastic,,Reconstructed from exact IDs preserved in frozen audit record
6642,Technic Flex Cable End Double with Pin Connection,"Arms, Grabbers & Mechanical Linkages",Control Cables,3,26,Technic Special,Plastic,,Reconstructed from exact IDs preserved in frozen audit record
6643,Technic Flex Cable End with Pin Connection,"Arms, Grabbers & Mechanical Linkages",Control Cables,4,26,Technic Special,Plastic,,Reconstructed from exact IDs preserved in frozen audit record
6644,Technic Flex Cable End - Ball Connection with Cage,"Arms, Grabbers & Mechanical Linkages",Control Cables,5,26,Technic Special,Plastic,,Reconstructed from exact IDs preserved in frozen audit record
70376,Technic Cable Holder,"Arms, Grabbers & Mechanical Linkages",Control Cables,6,26,Technic Special,Rubber,,Reconstructed from exact IDs preserved in frozen audit record
70412,"Cable, Technic Control 4.5V Interface","Arms, Grabbers & Mechanical Linkages",Control Cables,7,45,Electronics,Plastic,,Reconstructed from exact IDs preserved in frozen audit record
7445,"Gear Shifter with Groove, 9 Steps, 1/2/3 Marking","Arms, Grabbers & Mechanical Linkages",Selectors & Shifters,1,52,Technic Gears,Plastic,,Reconstructed from exact IDs preserved in frozen audit record
87617,Cylinder 1 x 5 1/2 with Handle (Friction Cylinder),"Arms, Grabbers & Mechanical Linkages",Friction Mechanisms,1,32,"Bars, Ladders and Fences",Plastic,,Reconstructed from exact IDs preserved in frozen audit record
87618,Bar 5L with Handle (Friction Ram),"Arms, Grabbers & Mechanical Linkages",Friction Mechanisms,2,32,"Bars, Ladders and Fences",Plastic,,Reconstructed from exact IDs preserved in frozen audit record
40918,Technic Linear Actuator with Dark Bluish Gray Ends Long,"Arms, Grabbers & Mechanical Linkages",Linear Actuators,1,26,Technic Special,Plastic,,Reconstructed from exact IDs preserved in frozen audit record
61927b,Technic Linear Actuator with Dark Bluish Gray Ends [Improved Version],"Arms, Grabbers & Mechanical Linkages",Linear Actuators,2,26,Technic Special,Plastic,,Reconstructed from exact IDs preserved in frozen audit record
92693,Technic Linear Actuator Mini with Dark Bluish Gray Head and Orange Axle,"Arms, Grabbers & Mechanical Linkages",Linear Actuators,3,26,Technic Special,Plastic,,Reconstructed from exact IDs preserved in frozen audit record
19474,"Pneumatic Switch with Pin Holes, Axle Hole and Stepped Outlets",Pneumatics,Controls & Distribution,1,22,Pneumatics,Plastic,,Reconstructed directly from current Rebrickable data using frozen Pneumatics rules.
4692c01,Technic Pneumatic Distribution Block 2 x 4 [Complete Assembly],Pneumatics,Controls & Distribution,2,22,Pneumatics,Plastic,,Reconstructed directly from current Rebrickable data using frozen Pneumatics rules.
4697b,Pneumatic T-Piece (T Bar) [New Style],Pneumatics,Controls & Distribution,3,22,Pneumatics,Plastic,4697a; legacy 4696 family,Reconstructed directly from current Rebrickable data using frozen Pneumatics rules.
47223a,Pneumatic Switch with Pin Holes,Pneumatics,Controls & Distribution,4,22,Pneumatics,Plastic,,Reconstructed directly from current Rebrickable data using frozen Pneumatics rules.
47223b,Pneumatic Switch with Pin Holes and Stepped Outlets [V2],Pneumatics,Controls & Distribution,5,22,Pneumatics,Plastic,,Reconstructed directly from current Rebrickable data using frozen Pneumatics rules.
75215,Pneumatic Switch with Top Studs,Pneumatics,Controls & Distribution,6,22,Pneumatics,Plastic,legacy 4694 switch family,Reconstructed directly from current Rebrickable data using frozen Pneumatics rules.
19475,Pneumatic Cylinder 1 x 5 with 2 Stepped Inlets [V2],Pneumatics,Cylinders,1,22,Pneumatics,Plastic,,Reconstructed directly from current Rebrickable data using frozen Pneumatics rules.
19476,Pneumatic Cylinder 1 x 11 with 2 Stepped Inlets [V2],Pneumatics,Cylinders,2,22,Pneumatics,Plastic,,Reconstructed directly from current Rebrickable data using frozen Pneumatics rules.
19478,Pneumatic Cylinder 2 x 11 with 2 Stepped Inlets [V2],Pneumatics,Cylinders,3,22,Pneumatics,Plastic,,Reconstructed directly from current Rebrickable data using frozen Pneumatics rules.
26674,Pneumatic Pump 1 x 6 [V2] with Reinforced Cylinder,Pneumatics,Cylinders,4,22,Pneumatics,Plastic,,Reconstructed directly from current Rebrickable data using frozen Pneumatics rules.
2793c01,Pneumatic Cylinder with 2 Inlets Medium (48mm) with Black Top,Pneumatics,Cylinders,5,22,Pneumatics,Plastic,2793c02 color/top variant,Reconstructed directly from current Rebrickable data using frozen Pneumatics rules.
4688c01,Pneumatic Cylinder with 1 Inlet Medium (48mm),Pneumatics,Cylinders,6,22,Pneumatics,Plastic,,Reconstructed directly from current Rebrickable data using frozen Pneumatics rules.
4689c01,Pneumatic Cylinder with 1 Inlet Large (64mm),Pneumatics,Cylinders,7,22,Pneumatics,Plastic,,Reconstructed directly from current Rebrickable data using frozen Pneumatics rules.
47225,Pneumatic Cylinder with 2 Inlets and Rounded End Medium (48mm),Pneumatics,Cylinders,8,22,Pneumatics,Plastic,,Reconstructed directly from current Rebrickable data using frozen Pneumatics rules.
74981,Pneumatic Cylinder 1 x 5 with 2 Inlets,Pneumatics,Cylinders,9,22,Pneumatics,Plastic,,Reconstructed directly from current Rebrickable data using frozen Pneumatics rules.
5102,"Hose, Pneumatic 4mm D.",Pneumatics,Hose & Connectors,1,30,Tubes and Hoses,Rubber,5102c* length variants,Reconstructed directly from current Rebrickable data using frozen Pneumatics rules.
99021,Pneumatic Hose Connector with Axle Connector,Pneumatics,Hose & Connectors,2,22,Pneumatics,Plastic,,Reconstructed directly from current Rebrickable data using frozen Pneumatics rules.
19482,Pneumatic Pump 1 x 6 with Stepped Outlet [V2],Pneumatics,Pumps,1,22,Pneumatics,Plastic,,Reconstructed directly from current Rebrickable data using frozen Pneumatics rules.
26280,Pneumatic Hand Pump with 1 x 3 Liftarm,Pneumatics,Pumps,2,22,Pneumatics,Plastic,,Reconstructed directly from current Rebrickable data using frozen Pneumatics rules.
26288,Pneumatic Pump Large (11L) with 1 x 3 Liftarm,Pneumatics,Pumps,3,22,Pneumatics,Plastic,,Reconstructed directly from current Rebrickable data using frozen Pneumatics rules.
2797c01,Technic Pneumatic Pump New Complete Assembly,Pneumatics,Pumps,4,22,Pneumatics,Plastic,2797c02; 2797c03 color/top variants,Reconstructed directly from current Rebrickable data using frozen Pneumatics rules.
4701c01,Pneumatic Pump Old Style,Pneumatics,Pumps,5,22,Pneumatics,Plastic,,Reconstructed directly from current Rebrickable data using frozen Pneumatics rules.
74982,Pneumatic Pump 1 x 5.5,Pneumatics,Pumps,6,22,Pneumatics,Plastic,,Reconstructed directly from current Rebrickable data using frozen Pneumatics rules.
99798,Pneumatic Pump 1 x 6,Pneumatics,Pumps,7,22,Pneumatics,Plastic,,Reconstructed directly from current Rebrickable data using frozen Pneumatics rules.
64065,Pneumatic Pressure Gauge - Manometer (9641),Pneumatics,Tank & Gauge,1,22,Pneumatics,Plastic,,Reconstructed directly from current Rebrickable data using frozen Pneumatics rules.
75974,Pneumatic Airtank,Pneumatics,Tank & Gauge,2,22,Pneumatics,Plastic,,Reconstructed directly from current Rebrickable data using frozen Pneumatics rules.
46215c05,Hose Soft 3mm D. 5L,"Hooks, Chains & Flexible Elements",Hoses & Flexible Cables,1,30,Tubes and Hoses,Rubber,46215c* soft 3mm hose length variants,Added from approved final residual/flexible-element reconciliation.
75,Hose Rigid 3mm D. [Undetermined Length Type],"Hooks, Chains & Flexible Elements",Hoses & Flexible Cables,2,30,Tubes and Hoses,Plastic,75c* rigid 3mm hose length variants,Added from approved final residual/flexible-element reconciliation.
78,"Hose, Ribbed 7mm D.","Hooks, Chains & Flexible Elements",Hoses & Flexible Cables,3,30,Tubes and Hoses,Plastic,78c* ribbed 7mm hose length variants,Added from approved final residual/flexible-element reconciliation.
14301,Flexible Ribbed Hose 12L,"Hooks, Chains & Flexible Elements",Hoses & Flexible Cables,4,30,Tubes and Hoses,Plastic,generic flexible ribbed hose construction,Added from approved final residual/flexible-element reconciliation.
30104,Chain 17L [21 Links],"Hooks, Chains & Flexible Elements",Chains,1,31,"String, Bands and Reels",Plastic,,Reconstructed from exact IDs preserved in frozen audit record
92338,Chain 6L [5 Links],"Hooks, Chains & Flexible Elements",Chains,2,31,"String, Bands and Reels",Plastic,,Reconstructed from exact IDs preserved in frozen audit record
6981,Chain 2L with Bars,"Hooks, Chains & Flexible Elements",Chains,3,31,"String, Bands and Reels",Plastic,,Reconstructed from exact IDs preserved in frozen audit record
56823,String Cord Thin (0.5mm) [Undetermined Length],"Hooks, Chains & Flexible Elements","String, Rope & Straps",1,31,"String, Bands and Reels",Cloth,,Reconstructed from exact IDs preserved in frozen audit record
14728,String Cord Medium Thickness [Undetermined Length],"Hooks, Chains & Flexible Elements","String, Rope & Straps",2,31,"String, Bands and Reels",Cloth,,Reconstructed from exact IDs preserved in frozen audit record
75775,String Cord Thick,"Hooks, Chains & Flexible Elements","String, Rope & Straps",3,31,"String, Bands and Reels",Cloth,,Reconstructed from exact IDs preserved in frozen audit record
71831,"String, Elastic Thin [Undetermined Length]","Hooks, Chains & Flexible Elements","String, Rope & Straps",4,31,"String, Bands and Reels",Plastic,,Reconstructed from exact IDs preserved in frozen audit record
104391,"Rope, Thick, 670mm","Hooks, Chains & Flexible Elements","String, Rope & Straps",5,31,"String, Bands and Reels",Plastic,,Reconstructed from exact IDs preserved in frozen audit record
104702,String with Black End Studs 30L Overall,"Hooks, Chains & Flexible Elements","String, Rope & Straps",6,31,"String, Bands and Reels",Plastic,,Reconstructed from exact IDs preserved in frozen audit record
14210,String with End Studs and Minifig Grips 21L,"Hooks, Chains & Flexible Elements","String, Rope & Straps",7,31,"String, Bands and Reels",Plastic,63141,Current Rebrickable representative; 63141 is retained as an external/legacy design alias.
23924,"String Cord with End Tow Ball, 50.3cm / 63L","Hooks, Chains & Flexible Elements","String, Rope & Straps",8,31,"String, Bands and Reels",Plastic,,Reconstructed from exact IDs preserved in frozen audit record
93229,"String with End Stud and Bar 1L, 13L","Hooks, Chains & Flexible Elements","String, Rope & Straps",9,31,"String, Bands and Reels",Plastic,,Reconstructed from exact IDs preserved in frozen audit record
83197a,String 40L with Studs,"Hooks, Chains & Flexible Elements","String, Rope & Straps",10,31,"String, Bands and Reels",Plastic,,Reconstructed from exact IDs preserved in frozen audit record
65130,Strap with End Rings,"Hooks, Chains & Flexible Elements","String, Rope & Straps",11,31,"String, Bands and Reels",Plastic,,Reconstructed from exact IDs preserved in frozen audit record
101662,"Leash / Rope, with Loops at Both Ends","Hooks, Chains & Flexible Elements","String, Rope & Straps",12,74,Animal / Creature Accessories,Cloth,,Reconstructed from exact IDs preserved in frozen audit record
2630,"Cable, Flexible 21L with 2 Connectors and Bars","Hooks, Chains & Flexible Elements",Hoses & Flexible Cables,5,30,Tubes and Hoses,Plastic,,Reconstructed from exact IDs preserved in frozen audit record
6955,"Cable, Curved Flexible with Bars on Each End","Hooks, Chains & Flexible Elements",Hoses & Flexible Cables,6,32,"Bars, Ladders and Fences",Plastic,,Reconstructed from exact IDs preserved in frozen audit record
2584,String Reel 2 x 2 Winch Holder,"Hooks, Chains & Flexible Elements",Reels & Winches,1,31,"String, Bands and Reels",Plastic,,Reconstructed from exact IDs preserved in frozen audit record
2585,String Reel 2 x 2 Winch Drum,"Hooks, Chains & Flexible Elements",Reels & Winches,2,31,"String, Bands and Reels",Plastic,,Reconstructed from exact IDs preserved in frozen audit record
30635,String Reel 1 x 4 x 2 Drum with Friction Spokes,"Hooks, Chains & Flexible Elements",Reels & Winches,3,31,"String, Bands and Reels",Plastic,,Reconstructed from exact IDs preserved in frozen audit record
30636,String Reel 1 x 4 x 2 Holder with 2 Technic Pins,"Hooks, Chains & Flexible Elements",Reels & Winches,4,31,"String, Bands and Reels",Plastic,,Reconstructed from exact IDs preserved in frozen audit record
32012,Technic Reel 3 x 2,"Hooks, Chains & Flexible Elements",Reels & Winches,5,31,"String, Bands and Reels",Plastic,,Reconstructed from exact IDs preserved in frozen audit record
4208,String Reel 2 x 4 x 2 Drum,"Hooks, Chains & Flexible Elements",Reels & Winches,6,31,"String, Bands and Reels",Plastic,,Reconstructed from exact IDs preserved in frozen audit record
4209b,String Reel 2 x 4 x 2 Holder With Open Studs,"Hooks, Chains & Flexible Elements",Reels & Winches,7,31,"String, Bands and Reels",Plastic,,Reconstructed from exact IDs preserved in frozen audit record
61510,String Reel 2 x 1 x 2 Drum with Axle Hole,"Hooks, Chains & Flexible Elements",Reels & Winches,8,31,"String, Bands and Reels",Plastic,,Reconstructed from exact IDs preserved in frozen audit record
73037,String Reel Winch 2 x 4 x 2 (Light Gray Drum),"Hooks, Chains & Flexible Elements",Reels & Winches,9,31,"String, Bands and Reels",Plastic,,Reconstructed from exact IDs preserved in frozen audit record
78333,String Reel 2 x 2 Drum with Stud,"Hooks, Chains & Flexible Elements",Reels & Winches,10,31,"String, Bands and Reels",Plastic,,Reconstructed from exact IDs preserved in frozen audit record
80295,String Reel 4 x 4 x 3 Drum with Axle Hole,"Hooks, Chains & Flexible Elements",Reels & Winches,11,31,"String, Bands and Reels",Plastic,,Reconstructed from exact IDs preserved in frozen audit record
13783,Equipment Rope Coil,"Hooks, Chains & Flexible Elements","String, Rope & Straps",13,27,Minifig Accessories,Plastic,,Reconstructed from exact IDs preserved in frozen audit record
22854,String Net 8 x 16 Rectangle,"Hooks, Chains & Flexible Elements",Nets,1,31,"String, Bands and Reels",Cloth,,Reconstructed from exact IDs preserved in frozen audit record
43818,String Net 10 x 10 Octagon,"Hooks, Chains & Flexible Elements",Nets,2,31,"String, Bands and Reels",Cloth,,Reconstructed from exact IDs preserved in frozen audit record
24086,Equipment Net,"Hooks, Chains & Flexible Elements",Nets,3,27,Minifig Accessories,Plastic,,Reconstructed from exact IDs preserved in frozen audit record
30923,Equipment Net 8 x 14 Lattice,"Hooks, Chains & Flexible Elements",Nets,4,27,Minifig Accessories,Plastic,,Reconstructed from exact IDs preserved in frozen audit record
23229,Rubber Band 15mm [Square Cross Section],"Hooks, Chains & Flexible Elements",Bands & Belts,1,31,"String, Bands and Reels",Rubber,small/15mm square-section rubber band family,Added from approved final residual/flexible-element reconciliation.
70012,Rubber Band Medium (Square Cross Section) Thin Cut,"Hooks, Chains & Flexible Elements",Bands & Belts,2,31,"String, Bands and Reels",Rubber,medium thin-cut rubber band family,Added from approved final residual/flexible-element reconciliation.
70158,Rubber Band Large [Square Cross Section],"Hooks, Chains & Flexible Elements",Bands & Belts,3,31,"String, Bands and Reels",Rubber,large rubber band family,Added from approved final residual/flexible-element reconciliation.
71156,Rubber Band Medium (Square Cross Section),"Hooks, Chains & Flexible Elements",Bands & Belts,4,31,"String, Bands and Reels",Rubber,medium standard rubber band family,Added from approved final residual/flexible-element reconciliation.
upn0372a,Rubber Band 15mm Thick [Square Cross Section],"Hooks, Chains & Flexible Elements",Bands & Belts,5,31,"String, Bands and Reels",Rubber,thick 15mm rubber band construction,Added from approved final residual/flexible-element reconciliation.
23714,"Insect, Ant with Lower Antistud [Plain]",Animals & Creature Elements,Insects & Arthropods,1,28,Animals / Creatures,Plastic,,Reconstructed from exact IDs preserved in frozen audit record
33121,"Animal, Crab",Animals & Creature Elements,Aquatic & Shells,1,28,Animals / Creatures,Plastic,,Reconstructed from exact IDs preserved in frozen audit record
33122,"Animal, Starfish",Animals & Creature Elements,Aquatic & Shells,2,28,Animals / Creatures,Plastic,,Reconstructed from exact IDs preserved in frozen audit record
30084,"Animal, Manta Ray",Animals & Creature Elements,Aquatic & Shells,3,28,Animals / Creatures,Plastic,,Reconstructed from exact IDs preserved in frozen audit record
6086,"Animal, Octopus [Plain]",Animals & Creature Elements,Aquatic & Shells,4,28,Animals / Creatures,Plastic,,Reconstructed from exact IDs preserved in frozen audit record
69945,"Animal, Hermit Crab, with Bar [PLAIN]",Animals & Creature Elements,Aquatic & Shells,5,28,Animals / Creatures,Plastic,,Reconstructed from exact IDs preserved in frozen audit record
67156,"Animal, Seahorse [PLAIN]",Animals & Creature Elements,Aquatic & Shells,6,28,Animals / Creatures,Plastic,,Reconstructed from exact IDs preserved in frozen audit record
67337,"Animal, Stingray [PLAIN]",Animals & Creature Elements,Aquatic & Shells,7,28,Animals / Creatures,Plastic,,Reconstructed from exact IDs preserved in frozen audit record
10509,"Animal, Horse, Moveable Legs [Plain]",Animals & Creature Elements,Land Animals & Creatures,1,28,Animals / Creatures,Plastic,,Reconstructed from exact IDs preserved in frozen audit record
11575,"Animal, Dog, Poodle [Plain]",Animals & Creature Elements,Land Animals & Creatures,2,28,Animals / Creatures,Plastic,,Reconstructed from exact IDs preserved in frozen audit record
11602,"Animal, Cat, Sitting [Plain]",Animals & Creature Elements,Land Animals & Creatures,3,28,Animals / Creatures,Plastic,,Reconstructed from exact IDs preserved in frozen audit record
11603,"Animal, Turtle [Plain]",Animals & Creature Elements,Aquatic & Shells,8,28,Animals / Creatures,Plastic,,Reconstructed from exact IDs preserved in frozen audit record
12891,"Animal, Bird, Seagull [Plain]",Animals & Creature Elements,Birds,1,28,Animals / Creatures,Plastic,,Reconstructed from exact IDs preserved in frozen audit record
14733,"Animal, Bird, Penguin [Plain]",Animals & Creature Elements,Birds,2,28,Animals / Creatures,Plastic,,Reconstructed from exact IDs preserved in frozen audit record
15678,"Animal, Chameleon [Plain]",Animals & Creature Elements,Land Animals & Creatures,4,28,Animals / Creatures,Plastic,,Reconstructed from exact IDs preserved in frozen audit record
16606,"Animal, Dog, Husky [Plain]",Animals & Creature Elements,Land Animals & Creatures,5,28,Animals / Creatures,Plastic,,Reconstructed from exact IDs preserved in frozen audit record
18852,"Animal, Rabbit / Bunny, Baby Sitting [Plain]",Animals & Creature Elements,Land Animals & Creatures,6,28,Animals / Creatures,Plastic,,Reconstructed from exact IDs preserved in frozen audit record
24183,"Animal, Hamster [Plain]",Animals & Creature Elements,Land Animals & Creatures,7,28,Animals / Creatures,Plastic,,Reconstructed from exact IDs preserved in frozen audit record
2546,"Animal, Bird, Parrot [Plain]",Animals & Creature Elements,Birds,3,28,Animals / Creatures,Plastic,,Reconstructed from exact IDs preserved in frozen audit record
29685,"Animal, Rabbit / Bunny [Plain]",Animals & Creature Elements,Land Animals & Creatures,8,28,Animals / Creatures,Plastic,,Reconstructed from exact IDs preserved in frozen audit record
30103,"Animal, Bat",Animals & Creature Elements,Land Animals & Creatures,9,28,Animals / Creatures,Plastic,,Reconstructed from exact IDs preserved in frozen audit record
30115,"Animal, Snake, Small",Animals & Creature Elements,Land Animals & Creatures,10,28,Animals / Creatures,Plastic,,Reconstructed from exact IDs preserved in frozen audit record
30169,"Animal, Scorpion",Animals & Creature Elements,Insects & Arthropods,2,28,Animals / Creatures,Plastic,,Reconstructed from exact IDs preserved in frozen audit record
30238,"Insect, Spider",Animals & Creature Elements,Insects & Arthropods,3,28,Animals / Creatures,Plastic,,Reconstructed from exact IDs preserved in frozen audit record
33320,"Animal, Frog",Animals & Creature Elements,Land Animals & Creatures,11,28,Animals / Creatures,Plastic,,Reconstructed from exact IDs preserved in frozen audit record
40234,"Animal, Rodent, Rat / Mouse [Plain]",Animals & Creature Elements,Land Animals & Creatures,12,28,Animals / Creatures,Plastic,,Reconstructed from exact IDs preserved in frozen audit record
48812,"Animal, Dog / Wolf",Animals & Creature Elements,Land Animals & Creatures,13,28,Animals / Creatures,Plastic,,Reconstructed from exact IDs preserved in frozen audit record
49661,"Animal, Bird, Duck / Duckling [Plain]",Animals & Creature Elements,Birds,4,28,Animals / Creatures,Plastic,,Reconstructed from exact IDs preserved in frozen audit record
5170,"Animal, Goat [PLAIN]",Animals & Creature Elements,Land Animals & Creatures,14,28,Animals / Creatures,Plastic,,Reconstructed from exact IDs preserved in frozen audit record
6251,"Animal, Cat, Kitten Crouching [Plain]",Animals & Creature Elements,Land Animals & Creatures,15,28,Animals / Creatures,Plastic,,Reconstructed from exact IDs preserved in frozen audit record
64452,"Animal, Cow [Plain]",Animals & Creature Elements,Land Animals & Creatures,16,28,Animals / Creatures,Plastic,,Reconstructed from exact IDs preserved in frozen audit record
65405,"Animal, Llama [PLAIN]",Animals & Creature Elements,Land Animals & Creatures,17,28,Animals / Creatures,Plastic,,Reconstructed from exact IDs preserved in frozen audit record
67631,"Animal, Otter [Plain]",Animals & Creature Elements,Land Animals & Creatures,18,28,Animals / Creatures,Plastic,,Reconstructed from exact IDs preserved in frozen audit record
13392,"Animal, Dolphin, Jumping with Bottom Axle Holder [Plain]",Animals & Creature Elements,Aquatic & Shells,9,28,Animals / Creatures,Plastic,,Reconstructed from exact IDs preserved in frozen audit record
6228a,"Animal, Dolphin (Normal Connection - Without Axle Holder)",Animals & Creature Elements,Aquatic & Shells,10,28,Animals / Creatures,Plastic,,Reconstructed from exact IDs preserved in frozen audit record
6228b,"Animal, Dolphin (Normal Connection - With Axle Holder)",Animals & Creature Elements,Aquatic & Shells,11,28,Animals / Creatures,Plastic,,Reconstructed from exact IDs preserved in frozen audit record
64648,"Animal, Fish [Hollow Stud Mouth]",Animals & Creature Elements,Aquatic & Shells,12,28,Animals / Creatures,Plastic,,Reconstructed from exact IDs preserved in frozen audit record
30218,"Animal, Clam [Type 1 - Continuous Scalloped Inner Lip]",Animals & Creature Elements,Aquatic & Shells,13,28,Animals / Creatures,Plastic,,Reconstructed from exact IDs preserved in frozen audit record
18866,"Animal, Clam [Type 2 - Locking Edge on Inner Lip]",Animals & Creature Elements,Aquatic & Shells,14,28,Animals / Creatures,Plastic,,Reconstructed from exact IDs preserved in frozen audit record
35574,"Plant, Beehive / Nest",Animals & Creature Elements,Insects & Arthropods,4,76,Plants & Trees,Plastic,,Reconstructed from exact IDs preserved in frozen audit record
11091,"Creature Body Part, Wing 9L with Stylized Feathers",Animals & Creature Elements,Anatomical Wings,1,75,Animal / Creature Body Parts,Plastic,,Reconstructed from exact IDs preserved in frozen audit record
11100,"Animal / Creature Body Part, Wing Feathered",Animals & Creature Elements,Anatomical Wings,2,75,Animal / Creature Body Parts,Plastic,,Reconstructed from exact IDs preserved in frozen audit record
20312,"Creature Body Part, Wing 4 x 7 Right with Feathers and Handles for Clips",Animals & Creature Elements,Anatomical Wings,3,75,Animal / Creature Body Parts,Plastic,,Reconstructed from exact IDs preserved in frozen audit record
20313,"Creature Body Part, Wing 4 x 7 Left with Feathers and Handles for Clips",Animals & Creature Elements,Anatomical Wings,4,75,Animal / Creature Body Parts,Plastic,,Reconstructed from exact IDs preserved in frozen audit record
4899,"Creature Body Part, Wing 11 x 6 with 3 Bars [PLAIN]",Animals & Creature Elements,Anatomical Wings,5,75,Animal / Creature Body Parts,Plastic,,Reconstructed from exact IDs preserved in frozen audit record
6332,"Animal / Creature Body Part, Wings Double Layer with Anti-Stud",Animals & Creature Elements,Anatomical Wings,6,75,Animal / Creature Body Parts,Plastic,,Reconstructed from exact IDs preserved in frozen audit record
2338,Hat High Cone Shaped,Figure Wearables,Hats & Headwear,1,65,Minifig Headwear,Plastic,,Reconstructed from exact IDs preserved in frozen audit record
2010,Hat Brimmed,Figure Wearables,Hats & Headwear,2,65,Minifig Headwear,Plastic,,Reconstructed from exact IDs preserved in frozen audit record
10164,Santa Hat [Plain],Figure Wearables,Hats & Headwear,3,65,Minifig Headwear,Plastic,,Reconstructed from exact IDs preserved in frozen audit record
15530,"Hat, Police [Plain]",Figure Wearables,Hats & Headwear,4,65,Minifig Headwear,Plastic,,Reconstructed from exact IDs preserved in frozen audit record
16497,Hat / Cap Imperial Officer [Plain],Figure Wearables,Hats & Headwear,5,65,Minifig Headwear,Plastic,,Reconstructed from exact IDs preserved in frozen audit record
17349,Hat Cone Drooping [Plain],Figure Wearables,Hats & Headwear,6,65,Minifig Headwear,Plastic,,Reconstructed from exact IDs preserved in frozen audit record
18822,Hat Turban Wrap without Hole,Figure Wearables,Hats & Headwear,7,65,Minifig Headwear,Plastic,,Reconstructed from exact IDs preserved in frozen audit record
18927,"Hat Rag Wrap / Bandana, Rounded Top",Figure Wearables,Hats & Headwear,8,65,Minifig Headwear,Plastic,,Reconstructed from exact IDs preserved in frozen audit record
18959,Headdress Nemes [Plain],Figure Wearables,Hats & Headwear,9,65,Minifig Headwear,Plastic,,Reconstructed from exact IDs preserved in frozen audit record
86035,Hat / Cap Short Curved Peak,Figure Wearables,Hats & Headwear,10,65,Minifig Headwear,Plastic,,Reconstructed from exact IDs preserved in frozen audit record
88287,Keffiyeh,Figure Wearables,Hats & Headwear,11,65,Minifig Headwear,Plastic,,Reconstructed from exact IDs preserved in frozen audit record
90386,Cap / Beret,Figure Wearables,Hats & Headwear,12,65,Minifig Headwear,Plastic,,Reconstructed from exact IDs preserved in frozen audit record
90388,Hat Sombrero [Plain],Figure Wearables,Hats & Headwear,13,65,Minifig Headwear,Plastic,,Reconstructed from exact IDs preserved in frozen audit record
90538,Hat Very Wide Brim,Figure Wearables,Hats & Headwear,14,65,Minifig Headwear,Plastic,,Reconstructed from exact IDs preserved in frozen audit record
90541,Hat Beanie,Figure Wearables,Hats & Headwear,15,65,Minifig Headwear,Plastic,,Reconstructed from exact IDs preserved in frozen audit record
92814,"Cap, Graduation Mortarboard with Tassel",Figure Wearables,Hats & Headwear,16,65,Minifig Headwear,Plastic,,Reconstructed from exact IDs preserved in frozen audit record
93059,"Hat, Conical Asian Style",Figure Wearables,Hats & Headwear,17,65,Minifig Headwear,Plastic,,Reconstructed from exact IDs preserved in frozen audit record
93554,Hat Musketeer,Figure Wearables,Hats & Headwear,18,65,Minifig Headwear,Plastic,,Reconstructed from exact IDs preserved in frozen audit record
93557,Hat Sailor [Plain],Figure Wearables,Hats & Headwear,19,65,Minifig Headwear,Plastic,,Reconstructed from exact IDs preserved in frozen audit record
93558,Hat Gnome - Pointing Forwards,Figure Wearables,Hats & Headwear,20,65,Minifig Headwear,Plastic,,Reconstructed from exact IDs preserved in frozen audit record
95674,"Hat, Bowler",Figure Wearables,Hats & Headwear,21,65,Minifig Headwear,Plastic,,Reconstructed from exact IDs preserved in frozen audit record
98279,"Hat, Campaign",Figure Wearables,Hats & Headwear,22,65,Minifig Headwear,Plastic,,Reconstructed from exact IDs preserved in frozen audit record
15851,"Helmet Motorcycle Open Face, with Visor [Plain]",Figure Wearables,Helmets & Masks,1,65,Minifig Headwear,Plastic,,Reconstructed from exact IDs preserved in frozen audit record
16599,"Helmet Classic, with Simulated Broken / Cracked Chin Strap (80's Style)",Figure Wearables,Helmets & Masks,2,65,Minifig Headwear,Plastic,,Reconstructed from exact IDs preserved in frozen audit record
18936,Helmet Open Chin with Wings (Hawkman),Figure Wearables,Helmets & Masks,3,65,Minifig Headwear,Plastic,,Reconstructed from exact IDs preserved in frozen audit record
19014,"Helmet Armor, Shoulder Cover, with Rivets",Figure Wearables,Helmets & Masks,4,65,Minifig Headwear,Plastic,,Reconstructed from exact IDs preserved in frozen audit record
19730,Helmet Rectangular,Figure Wearables,Helmets & Masks,5,65,Minifig Headwear,Plastic,,Reconstructed from exact IDs preserved in frozen audit record
21810,Helmet Ground Crew [PLAIN],Figure Wearables,Helmets & Masks,6,65,Minifig Headwear,Plastic,,Reconstructed from exact IDs preserved in frozen audit record
22380,Helmet Space with Air Intakes and Hole on Top,Figure Wearables,Helmets & Masks,7,65,Minifig Headwear,Plastic,,Reconstructed from exact IDs preserved in frozen audit record
22425,Helmet Angular with Side Holes,Figure Wearables,Helmets & Masks,8,65,Minifig Headwear,Plastic,,Reconstructed from exact IDs preserved in frozen audit record
80429,"Helmet Space with Open Face Angular, Top Hinge",Figure Wearables,Helmets & Masks,9,65,Minifig Headwear,Plastic,,Reconstructed from exact IDs preserved in frozen audit record
80500,"Helmet, Cycle",Figure Wearables,Helmets & Masks,10,65,Minifig Headwear,Plastic,,Reconstructed from exact IDs preserved in frozen audit record
82252,"Helmet, Standard, 2 Horn Holes",Figure Wearables,Helmets & Masks,11,65,Minifig Headwear,Plastic,,Reconstructed from exact IDs preserved in frozen audit record
85942,Helmet Spiked Top with Grill and Open Front and Back,Figure Wearables,Helmets & Masks,12,65,Minifig Headwear,Plastic,,Reconstructed from exact IDs preserved in frozen audit record
86185,"Helmet, Samurai, without Clip",Figure Wearables,Helmets & Masks,13,65,Minifig Headwear,Plastic,,Reconstructed from exact IDs preserved in frozen audit record
87610,Helmet Mandalorian with Holes [Plain],Figure Wearables,Helmets & Masks,14,65,Minifig Headwear,Plastic,,Reconstructed from exact IDs preserved in frozen audit record
87754,"Helmet Underwater / Space, Breathing Apparatus with Pin Holes",Figure Wearables,Helmets & Masks,15,65,Minifig Headwear,Plastic,,Reconstructed from exact IDs preserved in frozen audit record
87781,Helmet Space,Figure Wearables,Helmets & Masks,16,65,Minifig Headwear,Plastic,,Reconstructed from exact IDs preserved in frozen audit record
87998,Helmet Army,Figure Wearables,Helmets & Masks,17,65,Minifig Headwear,Plastic,,Reconstructed from exact IDs preserved in frozen audit record
89520,Helmet Castle Closed with Eye Slit,Figure Wearables,Helmets & Masks,18,65,Minifig Headwear,Plastic,,Reconstructed from exact IDs preserved in frozen audit record
90392,Helmet Spartan Warrior,Figure Wearables,Helmets & Masks,19,65,Minifig Headwear,Plastic,,Reconstructed from exact IDs preserved in frozen audit record
93560,"Helmet, Sports [Plain]",Figure Wearables,Helmets & Masks,20,65,Minifig Headwear,Plastic,,Reconstructed from exact IDs preserved in frozen audit record
95676,Helmet Gladiator,Figure Wearables,Helmets & Masks,21,65,Minifig Headwear,Plastic,,Reconstructed from exact IDs preserved in frozen audit record
96204,"Hat / Helmet, Boxing",Figure Wearables,Helmets & Masks,22,65,Minifig Headwear,Plastic,,Reconstructed from exact IDs preserved in frozen audit record
98130,"Mask, Kendo [PLAIN]",Figure Wearables,Helmets & Masks,23,65,Minifig Headwear,Plastic,,Reconstructed from exact IDs preserved in frozen audit record
98289,Helmet Mining with Head Lamp,Figure Wearables,Helmets & Masks,24,65,Minifig Headwear,Plastic,,Reconstructed from exact IDs preserved in frozen audit record
98366,Helmet - Roman Soldier,Figure Wearables,Helmets & Masks,25,65,Minifig Headwear,Plastic,,Reconstructed from exact IDs preserved in frozen audit record
10048,"Hair Tousled, Mid-length",Figure Wearables,Hair,1,65,Minifig Headwear,Plastic,,Reconstructed from exact IDs preserved in frozen audit record
15500,Hair Short Smooth and Right Parting [Plain],Figure Wearables,Hair,2,65,Minifig Headwear,Plastic,,Reconstructed from exact IDs preserved in frozen audit record
15705,Hair Spiked and Tousled,Figure Wearables,Hair,3,65,Minifig Headwear,Plastic,,Reconstructed from exact IDs preserved in frozen audit record
1685,"Hair Big, Curly",Figure Wearables,Hair,4,65,Minifig Headwear,Plastic,,Reconstructed from exact IDs preserved in frozen audit record
17347,Hair Ponytail Long Straight with Tie,Figure Wearables,Hair,5,65,Minifig Headwear,Plastic,,Reconstructed from exact IDs preserved in frozen audit record
1987,"Hair Long Ponytail, Wavy",Figure Wearables,Hair,6,65,Minifig Headwear,Plastic,,Reconstructed from exact IDs preserved in frozen audit record
2003,Hair Short Long Curls / Mop Top,Figure Wearables,Hair,7,65,Minifig Headwear,Plastic,,Reconstructed from exact IDs preserved in frozen audit record
20595,Hair Long Tousled with Center Part,Figure Wearables,Hair,8,65,Minifig Headwear,Plastic,,Reconstructed from exact IDs preserved in frozen audit record
21778,Hair Coiled Texture [Plain],Figure Wearables,Hair,9,65,Minifig Headwear,Plastic,,Reconstructed from exact IDs preserved in frozen audit record
23186,Hair Swept Left Tousled [Plain],Figure Wearables,Hair,10,65,Minifig Headwear,Plastic,,Reconstructed from exact IDs preserved in frozen audit record
79729,Hair Mullet,Figure Wearables,Hair,11,65,Minifig Headwear,Plastic,,Reconstructed from exact IDs preserved in frozen audit record
8071,"Hair Braided, Coiled with Bun",Figure Wearables,Hair,12,65,Minifig Headwear,Plastic,,Reconstructed from exact IDs preserved in frozen audit record
80792,Hair Two Top Buns,Figure Wearables,Hair,13,65,Minifig Headwear,Plastic,,Reconstructed from exact IDs preserved in frozen audit record
80911,Hair Short Curly,Figure Wearables,Hair,14,65,Minifig Headwear,Rubber,,Reconstructed from exact IDs preserved in frozen audit record
87995,Hair Bubble Style (Afro),Figure Wearables,Hair,15,65,Minifig Headwear,Plastic,,Reconstructed from exact IDs preserved in frozen audit record
92081,Hair Combed Back,Figure Wearables,Hair,16,65,Minifig Headwear,Plastic,,Reconstructed from exact IDs preserved in frozen audit record
92259,Hair Short Bob Cut,Figure Wearables,Hair,17,65,Minifig Headwear,Rubber,,Reconstructed from exact IDs preserved in frozen audit record
92746,Hair Tousled and Layered,Figure Wearables,Hair,18,65,Minifig Headwear,Plastic,,Reconstructed from exact IDs preserved in frozen audit record
93563,Hair Mohawk,Figure Wearables,Hair,19,65,Minifig Headwear,Plastic,,Reconstructed from exact IDs preserved in frozen audit record
11437,"Headwear Accessory Ninja Helmet Horn/Antlers, Elaborate",Figure Wearables,Headwear Accessories,1,72,Minifig Headwear Accessories,Plastic,,Reconstructed from exact IDs preserved in frozen audit record
11618,"Headwear Accessory Bow with Heart, Long Ribbon and Pin",Figure Wearables,Headwear Accessories,2,72,Minifig Headwear Accessories,Plastic,,Reconstructed from exact IDs preserved in frozen audit record
11691,Headwear Accessory Visor / Chin Guard Elaborate [Plain],Figure Wearables,Headwear Accessories,3,72,Minifig Headwear Accessories,Plastic,,Reconstructed from exact IDs preserved in frozen audit record
12886,Headwear Accessory Helmet Crest with Pin [Plain],Figure Wearables,Headwear Accessories,4,72,Minifig Headwear Accessories,Plastic,,Reconstructed from exact IDs preserved in frozen audit record
14045,Headwear Accessory Ear Protectors / Headphones,Figure Wearables,Headwear Accessories,5,72,Minifig Headwear Accessories,Plastic,,Reconstructed from exact IDs preserved in frozen audit record
15446,Headwear Accessory Night Vision Goggles,Figure Wearables,Headwear Accessories,6,72,Minifig Headwear Accessories,Plastic,,Reconstructed from exact IDs preserved in frozen audit record
1613,Headwear Accessory Antlers,Figure Wearables,Headwear Accessories,7,72,Minifig Headwear Accessories,Plastic,,Reconstructed from exact IDs preserved in frozen audit record
18854,Headwear Accessory Glasses with Pin,Figure Wearables,Headwear Accessories,8,72,Minifig Headwear Accessories,Plastic,,Reconstructed from exact IDs preserved in frozen audit record
2186a,"Headwear Accessory, Cross Horns / Bones",Figure Wearables,Headwear Accessories,9,72,Minifig Headwear Accessories,Plastic,,Reconstructed from exact IDs preserved in frozen audit record
3838,Minifig Neckwear Airtanks,Figure Wearables,"Neckwear, Armor & Packs",1,71,Minifig Neckwear,Plastic,,Reconstructed from exact IDs preserved in frozen audit record
3840,Minifig Neckwear Vest / Tabard,Figure Wearables,"Neckwear, Armor & Packs",2,71,Minifig Neckwear,Plastic,,Reconstructed from exact IDs preserved in frozen audit record
3844,Helmet Castle with Neck Protector,Figure Wearables,Helmets & Masks,26,65,Minifig Headwear,Plastic,,Reconstructed from exact IDs preserved in frozen audit record
30168,Headdress Nemes (Mummy) with Stud [Type 1],Figure Wearables,Hats & Headwear,23,65,Minifig Headwear,Plastic,,Reconstructed from exact IDs preserved in frozen audit record
30174,Minifig Neckwear Armour Ninja Style [Plain],Figure Wearables,"Neckwear, Armor & Packs",3,71,Minifig Neckwear,Plastic,,Reconstructed from exact IDs preserved in frozen audit record
30175,"Helmet Ninja, Samurai",Figure Wearables,Helmets & Masks,27,65,Minifig Headwear,Plastic,,Reconstructed from exact IDs preserved in frozen audit record
10052,"Minifig Neckwear Beard, Rounded End [Gandalf]",Figure Wearables,"Neckwear, Armor & Packs",4,71,Minifig Neckwear,Plastic,,Reconstructed from exact IDs preserved in frozen audit record
10065,"Minifig Neckwear Beard, Full with Braided Moustache Ends",Figure Wearables,"Neckwear, Armor & Packs",5,71,Minifig Neckwear,Plastic,,Reconstructed from exact IDs preserved in frozen audit record
10883,"Hipwear Skirt, with Diamond Points",Figure Wearables,Hipwear,1,70,Minifig Hipwear,Cloth,,Reconstructed from exact IDs preserved in frozen audit record
14295,"Hipwear Skirt, Tattered Uneven Fringe",Figure Wearables,Hipwear,2,70,Minifig Hipwear,Cloth,,Reconstructed from exact IDs preserved in frozen audit record
14320,"Hipwear Skirt, Half",Figure Wearables,Hipwear,3,70,Minifig Hipwear,Cloth,,Reconstructed from exact IDs preserved in frozen audit record
15504,Minifig Hipwear Cat / Monkey Tail Costume [Plain],Figure Wearables,Hipwear,4,70,Minifig Hipwear,Plastic,,Reconstructed from exact IDs preserved in frozen audit record
1612,Minifig Hipwear Turkey Fan Tail,Figure Wearables,Hipwear,5,70,Minifig Hipwear,Plastic,,Reconstructed from exact IDs preserved in frozen audit record
1646,"Hipwear Skirt, Oval with Two Holes",Figure Wearables,Hipwear,6,70,Minifig Hipwear,Plastic,,Reconstructed from exact IDs preserved in frozen audit record
3878,Top Hat,Figure Wearables,Hats & Headwear,24,65,Minifig Headwear,Plastic,,v0.35 final reconciliation: replaces misclassified weapon placeholder; recognizable physical headwear position.
2528,Hat Pirate Bicorne (Admiral),Figure Wearables,Hats & Headwear,25,65,Minifig Headwear,Plastic,,v0.35 final reconciliation: replaces misclassified weapon placeholder; recognizable physical headwear position.
4524,Minifig Neckwear Cape [Plastic],Figure Wearables,"Neckwear, Armor & Packs",6,71,Minifig Neckwear,Plastic,,Reconstructed from exact IDs preserved in frozen audit record
30240,"Insect Accessory, Spider Web",Decorative & Specialty Elements,Webs,1,74,Animal / Creature Accessories,Plastic,,Reconstructed from exact IDs preserved in frozen audit record
4048,"Insect Accessory, Spider Web, Dome Shaped with Bars, Holes",Decorative & Specialty Elements,Webs,2,74,Animal / Creature Accessories,Plastic,,Reconstructed from exact IDs preserved in frozen audit record
80487,"Insect Accessory, Spider Web, Dome Shaped with Bar, Clips",Decorative & Specialty Elements,Webs,3,74,Animal / Creature Accessories,Plastic,,Reconstructed from exact IDs preserved in frozen audit record
90981,"Insect Accessory, Spider Web, Hanging",Decorative & Specialty Elements,Webs,4,74,Animal / Creature Accessories,Plastic,,Reconstructed from exact IDs preserved in frozen audit record
92691,"Animal Body Part, Dog Bone [Long]",Decorative & Specialty Elements,"Generic Bones, Horns & Spikes",1,75,Animal / Creature Body Parts,Plastic,,Reconstructed from exact IDs preserved in frozen audit record
93160,"Animal Body Part, Dog Bone [Short]",Decorative & Specialty Elements,"Generic Bones, Horns & Spikes",2,75,Animal / Creature Body Parts,Plastic,,Reconstructed from exact IDs preserved in frozen audit record
11089,"Animal Body Part, Barb / Claw / Tooth / Talon / Horn, Large",Decorative & Specialty Elements,"Generic Bones, Horns & Spikes",3,75,Animal / Creature Body Parts,Rubber,,Reconstructed from exact IDs preserved in frozen audit record
53451,"Animal Body Part, Barb / Claw / Tooth / Talon / Horn, Small",Decorative & Specialty Elements,"Generic Bones, Horns & Spikes",4,75,Animal / Creature Body Parts,Plastic,,Reconstructed from exact IDs preserved in frozen audit record
8240,"Animal Body Part, Barb / Claw / Tooth / Talon / Horn, Straight",Decorative & Specialty Elements,"Generic Bones, Horns & Spikes",5,75,Animal / Creature Body Parts,Plastic,,Reconstructed from exact IDs preserved in frozen audit record
87747,"Animal Body Part, Barb / Claw / Tooth / Talon / Horn, Medium",Decorative & Specialty Elements,"Generic Bones, Horns & Spikes",6,75,Animal / Creature Body Parts,Rubber,,Reconstructed from exact IDs preserved in frozen audit record
2335,Flag 2 x 2 Square [Thin Clips],Decorative & Specialty Elements,Flags & Signs,1,38,"Flags, Banners and Signs",Plastic,,Reconstructed from exact IDs preserved in frozen audit record
11055,"Flag 2 x 2 Square, Flat Clip Edge [Thick Clips]",Decorative & Specialty Elements,Flags & Signs,2,38,"Flags, Banners and Signs",Plastic,,Reconstructed from exact IDs preserved in frozen audit record
17979,Flag 5 x 6 Hexagonal with U Clips,Decorative & Specialty Elements,Flags & Signs,3,38,"Flags, Banners and Signs",Plastic,,Reconstructed from exact IDs preserved in frozen audit record
13459,Road Sign Round on Pole,Decorative & Specialty Elements,Flags & Signs,4,38,"Flags, Banners and Signs",Plastic,,Reconstructed from exact IDs preserved in frozen audit record
14,Road Sign Round,Decorative & Specialty Elements,Flags & Signs,5,38,"Flags, Banners and Signs",Plastic,,Reconstructed from exact IDs preserved in frozen audit record
16768,Bar 4L with Flame Protrusions,Decorative & Specialty Elements,Flames & Fire,1,69,Energy Effects,Plastic,,Reconstructed from exact IDs preserved in frozen audit record
18395,Wave / Flame Rounded Single with Pin,Decorative & Specialty Elements,Flames & Fire,2,69,Energy Effects,Plastic,,Reconstructed from exact IDs preserved in frozen audit record
18396,Wave / Flame Rounded Double with Axle [Plain],Decorative & Specialty Elements,Flames & Fire,3,69,Energy Effects,Plastic,,Reconstructed from exact IDs preserved in frozen audit record
1875,"Arch, Fire",Decorative & Specialty Elements,Flames & Fire,4,69,Energy Effects,Plastic,,Reconstructed from exact IDs preserved in frozen audit record
1995,Flame / Vapor Trail 3 x 14 with Axle Hole [PLAIN],Decorative & Specialty Elements,Flames & Fire,5,69,Energy Effects,Plastic,,Reconstructed from exact IDs preserved in frozen audit record
37775,Wave / Flame Small with Pin,Decorative & Specialty Elements,Flames & Fire,6,69,Energy Effects,Plastic,,Reconstructed from exact IDs preserved in frozen audit record
6126a,Wave / Flame Rounded with Base Pegs,Decorative & Specialty Elements,Flames & Fire,7,69,Energy Effects,Plastic,,Reconstructed from exact IDs preserved in frozen audit record
6126b,Wave / Flame Rounded with Base Rim,Decorative & Specialty Elements,Flames & Fire,8,69,Energy Effects,Plastic,,Reconstructed from exact IDs preserved in frozen audit record
7105,"Energy Effect, Flame, Squiggly",Decorative & Specialty Elements,Flames & Fire,9,69,Energy Effects,Plastic,,Reconstructed from exact IDs preserved in frozen audit record
7727,"Flames 5 x 7 x 1 x 1/3 with Studs, Handle",Decorative & Specialty Elements,Flames & Fire,10,69,Energy Effects,Plastic,,Reconstructed from exact IDs preserved in frozen audit record
80519,Wave / Flame with Clip,Decorative & Specialty Elements,Flames & Fire,11,69,Energy Effects,Plastic,,Reconstructed from exact IDs preserved in frozen audit record
5533,Smoke / Bubbles with Anti-Stud,Decorative & Specialty Elements,Smoke & Clouds,1,69,Energy Effects,Plastic,,Reconstructed from exact IDs preserved in frozen audit record
68547,Cloud / Dust with Bar,Decorative & Specialty Elements,Smoke & Clouds,2,69,Energy Effects,Plastic,,Reconstructed from exact IDs preserved in frozen audit record
6958,Cloud / Dust with 4 x 8 with Bars,Decorative & Specialty Elements,Smoke & Clouds,3,69,Energy Effects,Plastic,,Reconstructed from exact IDs preserved in frozen audit record
2149,Wave / Lightning with Axle Hole,Decorative & Specialty Elements,Energy & Magic Effects,1,69,Energy Effects,Plastic,,Reconstructed from exact IDs preserved in frozen audit record
27256,"Wave / Lightning Angular, Single",Decorative & Specialty Elements,Energy & Magic Effects,2,69,Energy Effects,Plastic,,Reconstructed from exact IDs preserved in frozen audit record
27393,Wave / Power Blast Rounded Energy with Bar Handle,Decorative & Specialty Elements,Energy & Magic Effects,3,69,Energy Effects,Plastic,,Reconstructed from exact IDs preserved in frozen audit record
5688,"Wave / Lightning, Triple",Decorative & Specialty Elements,Energy & Magic Effects,4,69,Energy Effects,Plastic,,Reconstructed from exact IDs preserved in frozen audit record
59233,"Wave / Lightning Angular, Double",Decorative & Specialty Elements,Energy & Magic Effects,5,69,Energy Effects,Plastic,,Reconstructed from exact IDs preserved in frozen audit record
7776,Wave / Lightning 5 x 6 with Axle Hole,Decorative & Specialty Elements,Energy & Magic Effects,6,69,Energy Effects,Plastic,,Reconstructed from exact IDs preserved in frozen audit record
15462,Technic Axle 5 with Stop,"Technic Axles, Pins & Connectors",Axles,1,46,Technic Axles,Plastic,,Reconstructed from current Rebrickable source using frozen 165-position Technic audit rules
23948,Technic Axle 11,"Technic Axles, Pins & Connectors",Axles,2,46,Technic Axles,Plastic,,Reconstructed from current Rebrickable source using frozen 165-position Technic audit rules
24316,Technic Axle 3 with Stop,"Technic Axles, Pins & Connectors",Axles,3,46,Technic Axles,Plastic,,Reconstructed from current Rebrickable source using frozen 165-position Technic audit rules
32062,Technic Axle 2 Notched,"Technic Axles, Pins & Connectors",Axles,4,46,Technic Axles,Plastic,,Reconstructed from current Rebrickable source using frozen 165-position Technic audit rules
32073,Technic Axle 5,"Technic Axles, Pins & Connectors",Axles,5,46,Technic Axles,Plastic,,Reconstructed from current Rebrickable source using frozen 165-position Technic audit rules
32209,Technic Axle 5.5 with Stop [Flat Short End],"Technic Axles, Pins & Connectors",Axles,6,46,Technic Axles,Plastic,,Reconstructed from current Rebrickable source using frozen 165-position Technic audit rules
3704,Technic Axle 2,"Technic Axles, Pins & Connectors",Axles,7,46,Technic Axles,Plastic,,Reconstructed from current Rebrickable source using frozen 165-position Technic audit rules
3705,Technic Axle 4,"Technic Axles, Pins & Connectors",Axles,8,46,Technic Axles,Plastic,,Reconstructed from current Rebrickable source using frozen 165-position Technic audit rules
3705b,Technic Axle 4 Threaded,"Technic Axles, Pins & Connectors",Axles,9,46,Technic Axles,Plastic,,Reconstructed from current Rebrickable source using frozen 165-position Technic audit rules
3706,Technic Axle 6,"Technic Axles, Pins & Connectors",Axles,10,46,Technic Axles,Plastic,,Reconstructed from current Rebrickable source using frozen 165-position Technic audit rules
3707,Technic Axle 8,"Technic Axles, Pins & Connectors",Axles,11,46,Technic Axles,Plastic,,Reconstructed from current Rebrickable source using frozen 165-position Technic audit rules
3708,Technic Axle 12,"Technic Axles, Pins & Connectors",Axles,12,46,Technic Axles,Plastic,,Reconstructed from current Rebrickable source using frozen 165-position Technic audit rules
3737,Technic Axle 10,"Technic Axles, Pins & Connectors",Axles,13,46,Technic Axles,Plastic,,Reconstructed from current Rebrickable source using frozen 165-position Technic audit rules
3737b,Technic Axle 10 Threaded,"Technic Axles, Pins & Connectors",Axles,14,46,Technic Axles,Plastic,,Reconstructed from current Rebrickable source using frozen 165-position Technic audit rules
44294,Technic Axle 7,"Technic Axles, Pins & Connectors",Axles,15,46,Technic Axles,Plastic,,Reconstructed from current Rebrickable source using frozen 165-position Technic audit rules
4519,Technic Axle 3,"Technic Axles, Pins & Connectors",Axles,16,46,Technic Axles,Plastic,,Reconstructed from current Rebrickable source using frozen 165-position Technic audit rules
4698,Technic Axle Nut,"Technic Axles, Pins & Connectors",Axles,17,46,Technic Axles,Plastic,,Reconstructed from current Rebrickable source using frozen 165-position Technic audit rules
50450,Technic Axle 32,"Technic Axles, Pins & Connectors",Axles,18,46,Technic Axles,Plastic,,Reconstructed from current Rebrickable source using frozen 165-position Technic audit rules
50451,Technic Axle 16,"Technic Axles, Pins & Connectors",Axles,19,46,Technic Axles,Plastic,,Reconstructed from current Rebrickable source using frozen 165-position Technic audit rules
55013,Technic Axle 8 with Stop,"Technic Axles, Pins & Connectors",Axles,20,46,Technic Axles,Plastic,,Reconstructed from current Rebrickable source using frozen 165-position Technic audit rules
59426,Technic Axle 5.5 with Stop [Rounded Short End],"Technic Axles, Pins & Connectors",Axles,21,46,Technic Axles,Plastic,,Reconstructed from current Rebrickable source using frozen 165-position Technic audit rules
60485,Technic Axle 9,"Technic Axles, Pins & Connectors",Axles,22,46,Technic Axles,Plastic,,Reconstructed from current Rebrickable source using frozen 165-position Technic audit rules
6587,Technic Axle 3 with Stud,"Technic Axles, Pins & Connectors",Axles,23,46,Technic Axles,Plastic,,Reconstructed from current Rebrickable source using frozen 165-position Technic audit rules
7784,Technic Axle 4.5 with Stop,"Technic Axles, Pins & Connectors",Axles,24,46,Technic Axles,Plastic,,Reconstructed from current Rebrickable source using frozen 165-position Technic audit rules
8168,Technic Axle 3.5 with Stop,"Technic Axles, Pins & Connectors",Axles,25,46,Technic Axles,Plastic,,Reconstructed from current Rebrickable source using frozen 165-position Technic audit rules
87083,Technic Axle 4 with Stop,"Technic Axles, Pins & Connectors",Axles,26,46,Technic Axles,Plastic,,Reconstructed from current Rebrickable source using frozen 165-position Technic audit rules
99008,Technic Axle 4 with Centre Stop,"Technic Axles, Pins & Connectors",Axles,27,46,Technic Axles,Plastic,,Reconstructed from current Rebrickable source using frozen 165-position Technic audit rules
upn0151,Technic Axle Metal [Short] for Expert Builder Gears,"Technic Axles, Pins & Connectors",Axles,28,46,Technic Axles,Metal,,Reconstructed from current Rebrickable source using frozen 165-position Technic audit rules
upn0360,Technic Axle [Long] for Expert Builder Gears,"Technic Axles, Pins & Connectors",Axles,29,46,Technic Axles,Metal,,Reconstructed from current Rebrickable source using frozen 165-position Technic audit rules
11214,Technic Axle Pin 3L with Friction Ridges Lengthwise and 1L Axle,"Technic Axles, Pins & Connectors",Pins & Axle-Pin Hybrids,1,53,Technic Pins,Plastic,,Reconstructed from current Rebrickable source using frozen 165-position Technic audit rules
18651,Technic Axle Pin 3L with Friction Ridges Lengthwise and 2L Axle,"Technic Axles, Pins & Connectors",Pins & Axle-Pin Hybrids,2,53,Technic Pins,Plastic,,Reconstructed from current Rebrickable source using frozen 165-position Technic audit rules
19159,Technic Pin Double Triangle 1 x 3 with 2 Clips Squared Pin Holes,"Technic Axles, Pins & Connectors",Pins & Axle-Pin Hybrids,3,53,Technic Pins,Plastic,,Reconstructed from current Rebrickable source using frozen 165-position Technic audit rules
2736,Technic Axle Towball,"Technic Axles, Pins & Connectors",Pins & Axle-Pin Hybrids,4,53,Technic Pins,Plastic,,Reconstructed from current Rebrickable source using frozen 165-position Technic audit rules
2780,Technic Pin with Friction Ridges Lengthwise and Center Slots,"Technic Axles, Pins & Connectors",Pins & Axle-Pin Hybrids,5,53,Technic Pins,Plastic,,Reconstructed from current Rebrickable source using frozen 165-position Technic audit rules
32002,Technic Pin 3/4,"Technic Axles, Pins & Connectors",Pins & Axle-Pin Hybrids,6,53,Technic Pins,Plastic,,Reconstructed from current Rebrickable source using frozen 165-position Technic audit rules
32054,"Technic Pin Long with Friction Ridges Lengthwise and Stop Bush [3 Lateral Holes, Big Pin Hole]","Technic Axles, Pins & Connectors",Pins & Axle-Pin Hybrids,7,53,Technic Pins,Plastic,,Reconstructed from current Rebrickable source using frozen 165-position Technic audit rules
32138,Technic Pin Double with Axle Hole,"Technic Axles, Pins & Connectors",Pins & Axle-Pin Hybrids,8,53,Technic Pins,Plastic,,Reconstructed from current Rebrickable source using frozen 165-position Technic audit rules
32556,Technic Pin Long without Friction Ridges,"Technic Axles, Pins & Connectors",Pins & Axle-Pin Hybrids,9,53,Technic Pins,Plastic,,Reconstructed from current Rebrickable source using frozen 165-position Technic audit rules
32556a,Technic Pin Long without Friction Ridges - Single Slot,"Technic Axles, Pins & Connectors",Pins & Axle-Pin Hybrids,10,53,Technic Pins,Plastic,,Reconstructed from current Rebrickable source using frozen 165-position Technic audit rules
3673,Technic Pin without Friction Ridges Lengthwise,"Technic Axles, Pins & Connectors",Pins & Axle-Pin Hybrids,11,53,Technic Pins,Plastic,,Reconstructed from current Rebrickable source using frozen 165-position Technic audit rules
3749,Technic Axle Pin without Friction Ridges Lengthwise,"Technic Axles, Pins & Connectors",Pins & Axle-Pin Hybrids,12,53,Technic Pins,Plastic,,Reconstructed from current Rebrickable source using frozen 165-position Technic audit rules
39888,"Technic Pin Long without Friction Ridges, with Anti-Roll Notch","Technic Axles, Pins & Connectors",Pins & Axle-Pin Hybrids,13,53,Technic Pins,Plastic,,Reconstructed from current Rebrickable source using frozen 165-position Technic audit rules
41680,Technic Pin with Friction with Click Rotation Ring,"Technic Axles, Pins & Connectors",Pins & Axle-Pin Hybrids,14,53,Technic Pins,Plastic,,Reconstructed from current Rebrickable source using frozen 165-position Technic audit rules
4274,Technic Pin 1/2 without Friction Ridges,"Technic Axles, Pins & Connectors",Pins & Axle-Pin Hybrids,15,53,Technic Pins,Plastic,,Reconstructed from current Rebrickable source using frozen 165-position Technic audit rules
42924,"Technic Pin Long with Friction Ridges Lengthwise, 1 Center Slot","Technic Axles, Pins & Connectors",Pins & Axle-Pin Hybrids,16,53,Technic Pins,Plastic,,Reconstructed from current Rebrickable source using frozen 165-position Technic audit rules
43093,Technic Axle Pin with Friction Ridges Lengthwise,"Technic Axles, Pins & Connectors",Pins & Axle-Pin Hybrids,17,53,Technic Pins,Plastic,,Reconstructed from current Rebrickable source using frozen 165-position Technic audit rules
4459,"Technic Pin with Friction Ridges Lengthwise, without Center Slots","Technic Axles, Pins & Connectors",Pins & Axle-Pin Hybrids,18,53,Technic Pins,Plastic,,Reconstructed from current Rebrickable source using frozen 165-position Technic audit rules
47455,Technic Rotation Joint Ball Loop with Two Perpendicular Pins with Friction,"Technic Axles, Pins & Connectors",Pins & Axle-Pin Hybrids,19,53,Technic Pins,Plastic,,Reconstructed from current Rebrickable source using frozen 165-position Technic audit rules
47994,Technic Pin Double Triangle 1 x 3 with 2 Clips Completely Round Pinholes,"Technic Axles, Pins & Connectors",Pins & Axle-Pin Hybrids,20,53,Technic Pins,Plastic,,Reconstructed from current Rebrickable source using frozen 165-position Technic audit rules
49731,Technic Pin with Foil Connector,"Technic Axles, Pins & Connectors",Pins & Axle-Pin Hybrids,21,53,Technic Pins,Plastic,,Reconstructed from current Rebrickable source using frozen 165-position Technic audit rules
5794,Technic Axle Pin without Friction Ridges Lengthwise with Squared Hole,"Technic Axles, Pins & Connectors",Pins & Axle-Pin Hybrids,22,53,Technic Pins,Plastic,,Reconstructed from current Rebrickable source using frozen 165-position Technic audit rules
61184,Technic Pin 1/2 with 2L Bar Extension,"Technic Axles, Pins & Connectors",Pins & Axle-Pin Hybrids,23,53,Technic Pins,Plastic,,Reconstructed from current Rebrickable source using frozen 165-position Technic audit rules
61332,Technic Pin with Friction Ridges Lengthwise with No Center Slots,"Technic Axles, Pins & Connectors",Pins & Axle-Pin Hybrids,24,53,Technic Pins,Plastic,,Reconstructed from current Rebrickable source using frozen 165-position Technic audit rules
65098,Technic Pin Double with Axle Hole - Squared Holes,"Technic Axles, Pins & Connectors",Pins & Axle-Pin Hybrids,25,53,Technic Pins,Plastic,,Reconstructed from current Rebrickable source using frozen 165-position Technic audit rules
65249,Technic Axle Pin 3L without Friction Ridges and 2L Axle,"Technic Axles, Pins & Connectors",Pins & Axle-Pin Hybrids,26,53,Technic Pins,Plastic,,Reconstructed from current Rebrickable source using frozen 165-position Technic audit rules
65304,"Technic Pin Long with Friction Ridges Lengthwise and Stop Bush [2 Lateral Holes, Small Pin Hole]","Technic Axles, Pins & Connectors",Pins & Axle-Pin Hybrids,27,53,Technic Pins,Plastic,,Reconstructed from current Rebrickable source using frozen 165-position Technic audit rules
6558,"Technic Pin Long with Friction Ridges Lengthwise, 2 Center Slots","Technic Axles, Pins & Connectors",Pins & Axle-Pin Hybrids,28,53,Technic Pins,Plastic,,Reconstructed from current Rebrickable source using frozen 165-position Technic audit rules
65826,Technic Pin 1/2 with Anti-Stud,"Technic Axles, Pins & Connectors",Pins & Axle-Pin Hybrids,29,53,Technic Pins,Plastic,,Reconstructed from current Rebrickable source using frozen 165-position Technic audit rules
6628,Technic Pin with Friction Ridges Lengthwise and Towball,"Technic Axles, Pins & Connectors",Pins & Axle-Pin Hybrids,30,53,Technic Pins,Plastic,,Reconstructed from current Rebrickable source using frozen 165-position Technic audit rules
6628b,Technic Pin with Friction Ridges Lengthwise and Towball - Square Pin Hole,"Technic Axles, Pins & Connectors",Pins & Axle-Pin Hybrids,31,53,Technic Pins,Plastic,,Reconstructed from current Rebrickable source using frozen 165-position Technic audit rules
66906,Technic Pin with Friction Ridges Lengthwise and Towball - Round Pin Hole,"Technic Axles, Pins & Connectors",Pins & Axle-Pin Hybrids,32,53,Technic Pins,Plastic,,Reconstructed from current Rebrickable source using frozen 165-position Technic audit rules
77765,Technic Pin Long 3l with Stop and Hole,"Technic Axles, Pins & Connectors",Pins & Axle-Pin Hybrids,33,53,Technic Pins,Plastic,,Reconstructed from current Rebrickable source using frozen 165-position Technic audit rules
80477,"Technic Pin with Friction, Bar 2L and Towball","Technic Axles, Pins & Connectors",Pins & Axle-Pin Hybrids,34,53,Technic Pins,Plastic,,Reconstructed from current Rebrickable source using frozen 165-position Technic audit rules
89678,Technic Pin 1/2 with Friction,"Technic Axles, Pins & Connectors",Pins & Axle-Pin Hybrids,35,53,Technic Pins,Plastic,,Reconstructed from current Rebrickable source using frozen 165-position Technic audit rules
32123a,Technic Bush 1/2 Smooth with Axle Hole Reduced,"Technic Axles, Pins & Connectors",Bushes,1,54,Technic Bushes,Plastic,,Reconstructed from current Rebrickable source using frozen 165-position Technic audit rules
32123b,Technic Bush 1/2 Smooth with Axle Hole Semi-Reduced,"Technic Axles, Pins & Connectors",Bushes,2,54,Technic Bushes,Plastic,,Reconstructed from current Rebrickable source using frozen 165-position Technic audit rules
3713,Technic Bush,"Technic Axles, Pins & Connectors",Bushes,3,54,Technic Bushes,Plastic,,Reconstructed from current Rebrickable source using frozen 165-position Technic audit rules
4265a,Technic Bush 1/2 Toothed Type I [+ Opening],"Technic Axles, Pins & Connectors",Bushes,4,54,Technic Bushes,Plastic,,Reconstructed from current Rebrickable source using frozen 165-position Technic audit rules
4265b,Technic Bush 1/2 Toothed Type II [X Opening],"Technic Axles, Pins & Connectors",Bushes,5,54,Technic Bushes,Plastic,,Reconstructed from current Rebrickable source using frozen 165-position Technic audit rules
584,Technic Bush with One Flange - Type One,"Technic Axles, Pins & Connectors",Bushes,6,54,Technic Bushes,Plastic,,Reconstructed from current Rebrickable source using frozen 165-position Technic audit rules
585,Technic Bush Old Type 2,"Technic Axles, Pins & Connectors",Bushes,7,54,Technic Bushes,Plastic,,Reconstructed from current Rebrickable source using frozen 165-position Technic audit rules
10197,Technic Pin Connector Hub with 2 Perpendicular Axles,"Technic Axles, Pins & Connectors",Connectors,1,12,Technic Connectors,Plastic,,Reconstructed from current Rebrickable source using frozen 165-position Technic audit rules
10288,Technic Axle and Pin Connector Angled Triple [120° Offset],"Technic Axles, Pins & Connectors",Connectors,2,12,Technic Connectors,Plastic,,Reconstructed from current Rebrickable source using frozen 165-position Technic audit rules
11272,Technic Axle Connector 2 x 3 Quadruple,"Technic Axles, Pins & Connectors",Connectors,3,12,Technic Connectors,Plastic,,Reconstructed from current Rebrickable source using frozen 165-position Technic audit rules
11455,Technic Pin Connector Perpendicular 2 x 4 Bent - Beam with 90 Hole Ø 4.8,"Technic Axles, Pins & Connectors",Connectors,4,12,Technic Connectors,Plastic,,Reconstructed from current Rebrickable source using frozen 165-position Technic audit rules
15100,Technic Pin Connector Hub with 1 Pin with Friction Ridges Lengthwise,"Technic Axles, Pins & Connectors",Connectors,5,12,Technic Connectors,Plastic,,Reconstructed from current Rebrickable source using frozen 165-position Technic audit rules
15461,Technic Pin Connector 3L with 2 Pins and Center Hole,"Technic Axles, Pins & Connectors",Connectors,6,12,Technic Connectors,Plastic,,Reconstructed from current Rebrickable source using frozen 165-position Technic audit rules
18654,Technic Pin Connector Round 1L [Beam],"Technic Axles, Pins & Connectors",Connectors,7,12,Technic Connectors,Plastic,,Reconstructed from current Rebrickable source using frozen 165-position Technic audit rules
22961,Technic Pin Connector Hub with 1 Axle,"Technic Axles, Pins & Connectors",Connectors,8,12,Technic Connectors,Plastic,,Reconstructed from current Rebrickable source using frozen 165-position Technic audit rules
2393,Technic Pin Connector Hub Perpendicular 3L with 2 Pins,"Technic Axles, Pins & Connectors",Connectors,9,12,Technic Connectors,Plastic,,Reconstructed from current Rebrickable source using frozen 165-position Technic audit rules
27940,Technic Pin Connector Hub with 2 Axles,"Technic Axles, Pins & Connectors",Connectors,10,12,Technic Connectors,Plastic,,Reconstructed from current Rebrickable source using frozen 165-position Technic audit rules
32013,Technic Axle and Pin Connector Angled #1,"Technic Axles, Pins & Connectors",Connectors,11,12,Technic Connectors,Plastic,,Reconstructed from current Rebrickable source using frozen 165-position Technic audit rules
32014,Technic Axle and Pin Connector Angled #6 - 90°,"Technic Axles, Pins & Connectors",Connectors,12,12,Technic Connectors,Plastic,,Reconstructed from current Rebrickable source using frozen 165-position Technic audit rules
32015,Technic Axle and Pin Connector Angled #5 - 112.5°,"Technic Axles, Pins & Connectors",Connectors,13,12,Technic Connectors,Plastic,,Reconstructed from current Rebrickable source using frozen 165-position Technic audit rules
32016,Technic Axle and Pin Connector Angled #3 - 157.5°,"Technic Axles, Pins & Connectors",Connectors,14,12,Technic Connectors,Plastic,,Reconstructed from current Rebrickable source using frozen 165-position Technic audit rules
32034,Technic Axle and Pin Connector Angled #2 - 180°,"Technic Axles, Pins & Connectors",Connectors,15,12,Technic Connectors,Plastic,,Reconstructed from current Rebrickable source using frozen 165-position Technic audit rules
32039,Technic Axle Connector with Axle Hole,"Technic Axles, Pins & Connectors",Connectors,16,12,Technic Connectors,Plastic,,Reconstructed from current Rebrickable source using frozen 165-position Technic audit rules
32068,Technic Axle and Pin Connector Perpendicular 3L with Pin Hole,"Technic Axles, Pins & Connectors",Connectors,17,12,Technic Connectors,Plastic,,Reconstructed from current Rebrickable source using frozen 165-position Technic audit rules
32126,Technic Axle and Pin Connector Toggle Joint Smooth,"Technic Axles, Pins & Connectors",Connectors,18,12,Technic Connectors,Plastic,,Reconstructed from current Rebrickable source using frozen 165-position Technic audit rules
32137,Technic Modular Connector,"Technic Axles, Pins & Connectors",Connectors,19,12,Technic Connectors,Plastic,,Reconstructed from current Rebrickable source using frozen 165-position Technic audit rules
32174,"Technic Axle Connector 2 x 3 with Ball Socket, Open Sides","Technic Axles, Pins & Connectors",Connectors,20,12,Technic Connectors,Plastic,,Reconstructed from current Rebrickable source using frozen 165-position Technic audit rules
32175,"Technic Connector Block 3 x 3 Triangular with Axle, and Pin Hole","Technic Axles, Pins & Connectors",Connectors,21,12,Technic Connectors,Plastic,,Reconstructed from current Rebrickable source using frozen 165-position Technic audit rules
32184,Technic Axle and Pin Connector Perpendicular 3L with Centre Pin Hole,"Technic Axles, Pins & Connectors",Connectors,22,12,Technic Connectors,Plastic,,Reconstructed from current Rebrickable source using frozen 165-position Technic audit rules
32192,Technic Axle and Pin Connector Angled #4 - 135°,"Technic Axles, Pins & Connectors",Connectors,23,12,Technic Connectors,Plastic,,Reconstructed from current Rebrickable source using frozen 165-position Technic audit rules
32291,Technic Axle and Pin Connector Perpendicular Double,"Technic Axles, Pins & Connectors",Connectors,24,12,Technic Connectors,Plastic,,Reconstructed from current Rebrickable source using frozen 165-position Technic audit rules
32529,Technic Pin Connector Plate with One Hole (Single on Bottom),"Technic Axles, Pins & Connectors",Connectors,25,12,Technic Connectors,Plastic,,Reconstructed from current Rebrickable source using frozen 165-position Technic audit rules
32530,Technic Pin Connector Plate 1 x 2 x 1 2/3 [Two Holes On Top],"Technic Axles, Pins & Connectors",Connectors,26,12,Technic Connectors,Plastic,,Reconstructed from current Rebrickable source using frozen 165-position Technic audit rules
32557,Technic Pin Connector Perpendicular Long,"Technic Axles, Pins & Connectors",Connectors,27,12,Technic Connectors,Plastic,,Reconstructed from current Rebrickable source using frozen 165-position Technic audit rules
3651,Technic Axle and Pin Connector,"Technic Axles, Pins & Connectors",Connectors,28,12,Technic Connectors,Plastic,,Reconstructed from current Rebrickable source using frozen 165-position Technic audit rules
3803,"Technic Pin Connector Hub with 4 Bars at 90°, Through Pin Hole","Technic Axles, Pins & Connectors",Connectors,29,12,Technic Connectors,Plastic,,Reconstructed from current Rebrickable source using frozen 165-position Technic audit rules
41678,Technic Axle and Pin Connector Perpendicular Double Split,"Technic Axles, Pins & Connectors",Connectors,30,12,Technic Connectors,Plastic,,Reconstructed from current Rebrickable source using frozen 165-position Technic audit rules
41732,"Technic Pin Joiner Round with Slot, Bar and Pivot","Technic Axles, Pins & Connectors",Connectors,31,12,Technic Connectors,Plastic,,Reconstructed from current Rebrickable source using frozen 165-position Technic audit rules
42003,Technic Axle and Pin Connector Perpendicular 3L with 2 Pin Holes,"Technic Axles, Pins & Connectors",Connectors,32,12,Technic Connectors,Plastic,,Reconstructed from current Rebrickable source using frozen 165-position Technic audit rules
42135,Technic Axle Connector with Axle Hole [Reinforced],"Technic Axles, Pins & Connectors",Connectors,33,12,Technic Connectors,Plastic,,Reconstructed from current Rebrickable source using frozen 165-position Technic audit rules
4273a,Technic Axle and Pin Connector Toggle Joint Toothed [without Slots],"Technic Axles, Pins & Connectors",Connectors,34,12,Technic Connectors,Plastic,,Reconstructed from current Rebrickable source using frozen 165-position Technic audit rules
4273b,Technic Axle and Pin Connector Toggle Joint Toothed [with Slots],"Technic Axles, Pins & Connectors",Connectors,35,12,Technic Connectors,Plastic,,Reconstructed from current Rebrickable source using frozen 165-position Technic audit rules
4450,Technic Axle and Pin Connector Angled #7 - 168.75°,"Technic Axles, Pins & Connectors",Connectors,36,12,Technic Connectors,Plastic,,Reconstructed from current Rebrickable source using frozen 165-position Technic audit rules
44809,Technic Pin Connector Perpendicular 2 x 2 Bent,"Technic Axles, Pins & Connectors",Connectors,37,12,Technic Connectors,Plastic,,Reconstructed from current Rebrickable source using frozen 165-position Technic audit rules
44850,Technic Axle Connector 2 x 3 Perpendicular with Catch,"Technic Axles, Pins & Connectors",Connectors,38,12,Technic Connectors,Plastic,,Reconstructed from current Rebrickable source using frozen 165-position Technic audit rules
44851,Technic Axle and Pin Connector 2 x 4 Double Sloped,"Technic Axles, Pins & Connectors",Connectors,39,12,Technic Connectors,Plastic,,Reconstructed from current Rebrickable source using frozen 165-position Technic audit rules
44874,Technic Pin Connector Hub with 2 Pins with Friction Ridges Lengthwise [Small Squared Pin Holes],"Technic Axles, Pins & Connectors",Connectors,40,12,Technic Connectors,Plastic,,Reconstructed from current Rebrickable source using frozen 165-position Technic audit rules
45573,"Technic Spike Connector Flexible with Four Holes, Raised Center","Technic Axles, Pins & Connectors",Connectors,41,12,Technic Connectors,Plastic,,Reconstructed from current Rebrickable source using frozen 165-position Technic audit rules
45574,Technic Spike Connector Flexible with Four Holes Perpendicular,"Technic Axles, Pins & Connectors",Connectors,42,12,Technic Connectors,Plastic,,Reconstructed from current Rebrickable source using frozen 165-position Technic audit rules
45575,Technic Spike Connector Pin Double 3L,"Technic Axles, Pins & Connectors",Connectors,43,12,Technic Connectors,Plastic,,Reconstructed from current Rebrickable source using frozen 165-position Technic audit rules
45590,Technic Axle Connector Double Flexible [Rubber],"Technic Axles, Pins & Connectors",Connectors,44,12,Technic Connectors,Rubber,,Reconstructed from current Rebrickable source using frozen 165-position Technic audit rules
46189,Technic Pin Connector 3L with 2 Pins and Center Hole [Pin Ridges Across Part],"Technic Axles, Pins & Connectors",Connectors,45,12,Technic Connectors,Plastic,,Reconstructed from current Rebrickable source using frozen 165-position Technic audit rules
47296,Technic Axle and Pin Connector 2 x 5 with Two Ball Joint Sockets,"Technic Axles, Pins & Connectors",Connectors,46,12,Technic Connectors,Plastic,,Reconstructed from current Rebrickable source using frozen 165-position Technic audit rules
47324,"Technic Spike Connector Flexible with Four Holes, Flat Center","Technic Axles, Pins & Connectors",Connectors,47,12,Technic Connectors,Plastic,,Reconstructed from current Rebrickable source using frozen 165-position Technic audit rules
47326pat0001,Technic Axle Connector 2 x 3 with Ball Socket and Axle Socket with Black Rubber Insert,"Technic Axles, Pins & Connectors",Connectors,48,12,Technic Connectors,Plastic,47326pat0002; 47326pat0003,Reconstructed from current Rebrickable source using frozen 165-position Technic audit rules
48496,Technic Pin Connector Toggle Joint Smooth Double with 2 Pins,"Technic Axles, Pins & Connectors",Connectors,49,12,Technic Connectors,Plastic,,Reconstructed from current Rebrickable source using frozen 165-position Technic audit rules
48723,Technic Axle Connector Hub with 4 Bars at 90°,"Technic Axles, Pins & Connectors",Connectors,50,12,Technic Connectors,Plastic,,Reconstructed from current Rebrickable source using frozen 165-position Technic audit rules
48989,Technic Pin Connector Hub Perpendicular 3L with 4 Pins,"Technic Axles, Pins & Connectors",Connectors,51,12,Technic Connectors,Plastic,,Reconstructed from current Rebrickable source using frozen 165-position Technic audit rules
49130,Technic Pin Connector Hub Perpendicular 3 x 3 Bent with 4 Pins (Pin Ridges Along Part),"Technic Axles, Pins & Connectors",Connectors,52,12,Technic Connectors,Plastic,,Reconstructed from current Rebrickable source using frozen 165-position Technic audit rules
49830,Technic Spike Connector Flexible with Six Holes Perpendicular,"Technic Axles, Pins & Connectors",Connectors,53,12,Technic Connectors,Plastic,,Reconstructed from current Rebrickable source using frozen 165-position Technic audit rules
50898,Technic Axle and Pin Connector 2 x 7 with Two Ball Joint Sockets,"Technic Axles, Pins & Connectors",Connectors,54,12,Technic Connectors,Plastic,,Reconstructed from current Rebrickable source using frozen 165-position Technic audit rules
53586,"Technic Axle and Pin Connector, Perpendicular with Extension","Technic Axles, Pins & Connectors",Connectors,55,12,Technic Connectors,Plastic,,Reconstructed from current Rebrickable source using frozen 165-position Technic audit rules
5443,Technic Axle Connector 5L with One Side Frictionless,"Technic Axles, Pins & Connectors",Connectors,56,12,Technic Connectors,Plastic,,Reconstructed from current Rebrickable source using frozen 165-position Technic audit rules
55615,Technic Pin Connector Hub Perpendicular 3 x 3 Bent with 4 Pins (Pin Ridges Across Part),"Technic Axles, Pins & Connectors",Connectors,57,12,Technic Connectors,Plastic,,Reconstructed from current Rebrickable source using frozen 165-position Technic audit rules
5713,Technic Pin Connector Hub with 3L Axle,"Technic Axles, Pins & Connectors",Connectors,58,12,Technic Connectors,Plastic,,Reconstructed from current Rebrickable source using frozen 165-position Technic audit rules
57585,Technic Axle Connector Hub with 3 Axles at 120°,"Technic Axles, Pins & Connectors",Connectors,59,12,Technic Connectors,Plastic,,Reconstructed from current Rebrickable source using frozen 165-position Technic audit rules
58177,"Technic Connector Block 3 x 3 Triangular with Axle, and Axle Hole","Technic Axles, Pins & Connectors",Connectors,60,12,Technic Connectors,Plastic,,Reconstructed from current Rebrickable source using frozen 165-position Technic audit rules
59443,Technic Axle Connector Smooth [with x Hole + Orientation],"Technic Axles, Pins & Connectors",Connectors,61,12,Technic Connectors,Plastic,,Reconstructed from current Rebrickable source using frozen 165-position Technic audit rules
60176,"Technic Axle Connector 2 x 3 with Ball Socket, Closed Sides, Squared Ends","Technic Axles, Pins & Connectors",Connectors,62,12,Technic Connectors,Plastic,,Reconstructed from current Rebrickable source using frozen 165-position Technic audit rules
61053,Technic Axle and Pin Connector 2 x 5 with Two Ball Joint Sockets [Closed Sides] [Closed Axle Holes],"Technic Axles, Pins & Connectors",Connectors,63,12,Technic Connectors,Plastic,,Reconstructed from current Rebrickable source using frozen 165-position Technic audit rules
61054,Technic Axle and Pin Connector 2 x 7 with Two Ball Joint Sockets [Squared Ends],"Technic Axles, Pins & Connectors",Connectors,64,12,Technic Connectors,Plastic,,Reconstructed from current Rebrickable source using frozen 165-position Technic audit rules
61904,Technic Axle and Pin Connector Block 4 x 3 x 2 1/2 [Linear Actuator Holder],"Technic Axles, Pins & Connectors",Connectors,65,12,Technic Connectors,Plastic,,Reconstructed from current Rebrickable source using frozen 165-position Technic audit rules
61905,Technic Axle and Pin Connector Block 3 x 3 x 2 [Linear Actuator Holder],"Technic Axles, Pins & Connectors",Connectors,66,12,Technic Connectors,Plastic,,Reconstructed from current Rebrickable source using frozen 165-position Technic audit rules
62462,Technic Pin Connector Round [Slotted],"Technic Axles, Pins & Connectors",Connectors,67,12,Technic Connectors,Plastic,,Reconstructed from current Rebrickable source using frozen 165-position Technic audit rules
63869,Technic Axle and Pin Connector Perpendicular Triple,"Technic Axles, Pins & Connectors",Connectors,68,12,Technic Connectors,Plastic,,Reconstructed from current Rebrickable source using frozen 165-position Technic audit rules
64311,"Technic Axle and Pin Connector 2 x 7 with Two Ball Joint Sockets, Squared Ends and Axle Hole in Center","Technic Axles, Pins & Connectors",Connectors,69,12,Technic Connectors,Plastic,,Reconstructed from current Rebrickable source using frozen 165-position Technic audit rules
6536,Technic Axle and Pin Connector Perpendicular,"Technic Axles, Pins & Connectors",Connectors,70,12,Technic Connectors,Plastic,,Reconstructed from current Rebrickable source using frozen 165-position Technic audit rules
6538a,Technic Axle Connector Ridged [with + Hole + Orientation],"Technic Axles, Pins & Connectors",Connectors,71,12,Technic Connectors,Plastic,,Reconstructed from current Rebrickable source using frozen 165-position Technic audit rules
6538b,Technic Axle Connector Ridged [with x Hole x Orientation],"Technic Axles, Pins & Connectors",Connectors,72,12,Technic Connectors,Plastic,,Reconstructed from current Rebrickable source using frozen 165-position Technic audit rules
65487,Technic Pin Connector Hub with 1 Pin with Friction Ridges Lengthwise [Centered Friction Ridge],"Technic Axles, Pins & Connectors",Connectors,73,12,Technic Connectors,Plastic,,Reconstructed from current Rebrickable source using frozen 165-position Technic audit rules
65489,Technic Pin Connector Hub Perpendicular 3L with 4 Pins (Squared Holes),"Technic Axles, Pins & Connectors",Connectors,74,12,Technic Connectors,Plastic,,Reconstructed from current Rebrickable source using frozen 165-position Technic audit rules
6553,Technic Axle 1.5 with Perpendicular Axle Connector (Technic Pole Reverser Handle),"Technic Axles, Pins & Connectors",Connectors,75,12,Technic Connectors,Plastic,,Reconstructed from current Rebrickable source using frozen 165-position Technic audit rules
65746,Technic Pin Connector Toggle Joint Smooth Double with 2 Pins [Square Holes],"Technic Axles, Pins & Connectors",Connectors,76,12,Technic Connectors,Plastic,,Reconstructed from current Rebrickable source using frozen 165-position Technic audit rules
6611,Technic Axle and Pin Connector Angled Quadruple - 60°,"Technic Axles, Pins & Connectors",Connectors,77,12,Technic Connectors,Plastic,,Reconstructed from current Rebrickable source using frozen 165-position Technic audit rules
67695,"Technic Axle Connector 2 x 3 with Ball Socket, Closed Sides","Technic Axles, Pins & Connectors",Connectors,78,12,Technic Connectors,Plastic,,Reconstructed from current Rebrickable source using frozen 165-position Technic audit rules
68888,"Technic Axle Connector Hub with 4 Bars at 90°, Reinforced Axle Hole","Technic Axles, Pins & Connectors",Connectors,79,12,Technic Connectors,Plastic,,Reconstructed from current Rebrickable source using frozen 165-position Technic audit rules
69819,Technic Axle and Pin Connector Perpendicular Double Split [Reinforced],"Technic Axles, Pins & Connectors",Connectors,80,12,Technic Connectors,Plastic,,Reconstructed from current Rebrickable source using frozen 165-position Technic audit rules
72008,Technic Connector 2 x 2 with 1 x 1 Cut-Out with Axle Holes,"Technic Axles, Pins & Connectors",Connectors,81,12,Technic Connectors,Plastic,,Reconstructed from current Rebrickable source using frozen 165-position Technic audit rules
7329,Technic Axle and Pin Connector Angled Triple - 60°,"Technic Axles, Pins & Connectors",Connectors,82,12,Technic Connectors,Plastic,,Reconstructed from current Rebrickable source using frozen 165-position Technic audit rules
75535,Technic Pin Connector Round [No Slot],"Technic Axles, Pins & Connectors",Connectors,83,12,Technic Connectors,Plastic,,Reconstructed from current Rebrickable source using frozen 165-position Technic audit rules
80910,"Technic Connector 1 x 2 x 4 with 2 Pin Holes, 2 Axle Holes","Technic Axles, Pins & Connectors",Connectors,84,12,Technic Connectors,Plastic,,Reconstructed from current Rebrickable source using frozen 165-position Technic audit rules
87082,Technic Pin Connector Hub with 2 Pins with Friction Ridges Lengthwise [Big Squared Pin Holes],"Technic Axles, Pins & Connectors",Connectors,85,12,Technic Connectors,Plastic,,Reconstructed from current Rebrickable source using frozen 165-position Technic audit rules
87408,Technic Pin Connector Toggle Joint Smooth Double with Axle and Pin Holes,"Technic Axles, Pins & Connectors",Connectors,86,12,Technic Connectors,Plastic,,Reconstructed from current Rebrickable source using frozen 165-position Technic audit rules
87745,Technic Pin Connector Round Curved with Fin and Hole,"Technic Axles, Pins & Connectors",Connectors,87,12,Technic Connectors,Plastic,,Reconstructed from current Rebrickable source using frozen 165-position Technic audit rules
89650,Technic Axle and Pin Connector 2 x 5 with Two Ball Joint Sockets [Closed Sides] [Open Axle Holes],"Technic Axles, Pins & Connectors",Connectors,88,12,Technic Connectors,Plastic,,Reconstructed from current Rebrickable source using frozen 165-position Technic audit rules
89651,"Technic Axle and Pin Connector 2 x 7 with Two Ball Joint Sockets, Squared Ends, Open Side Axle Holes","Technic Axles, Pins & Connectors",Connectors,89,12,Technic Connectors,Plastic,,Reconstructed from current Rebrickable source using frozen 165-position Technic audit rules
89652,"Technic Axle Connector 2 x 3 with Ball Socket [Closed Sides, Squared Ends, Open Lower Axle Holes]","Technic Axles, Pins & Connectors",Connectors,90,12,Technic Connectors,Plastic,,Reconstructed from current Rebrickable source using frozen 165-position Technic audit rules
92907,Technic Axle and Pin Connector Perpendicular Split,"Technic Axles, Pins & Connectors",Connectors,91,12,Technic Connectors,Plastic,,Reconstructed from current Rebrickable source using frozen 165-position Technic audit rules
93571,"Technic Axle Connector 2 x 3 with Ball Socket, Open Lower Axle Holes","Technic Axles, Pins & Connectors",Connectors,92,12,Technic Connectors,Plastic,,Reconstructed from current Rebrickable source using frozen 165-position Technic audit rules
98989,Technic Axle and Pin Connector Perpendicular Double 4L,"Technic Axles, Pins & Connectors",Connectors,93,12,Technic Connectors,Plastic,,Reconstructed from current Rebrickable source using frozen 165-position Technic audit rules
11478,Technic Beam 1 x 5 Thin with Axle Holes on Ends,Technic Beams & Liftarms,Thin Beams & Liftarms,1,51,Technic Beams,Plastic,,Current-source reconstruction using frozen Technic beam rules; v0.4 does not invent three missing historical positions
14720,Technic Beam 3 x 5 Thick [90° Offset Centre Beam Holes],Technic Beams & Liftarms,Shaped & Angled Beams,1,55,Technic Beams Special,Plastic,,Current-source reconstruction using frozen Technic beam rules; v0.4 does not invent three missing historical positions
19086,Technic Beam 5 x 5 x 2 Perpendicular Fork 3 Fingers,Technic Beams & Liftarms,Shaped & Angled Beams,2,55,Technic Beams Special,Plastic,,Current-source reconstruction using frozen Technic beam rules; v0.4 does not invent three missing historical positions
2391,Technic Beam 1 x 7 Thick with Alternating Holes,Technic Beams & Liftarms,Straight & Structural Beams,1,51,Technic Beams,Plastic,,Current-source reconstruction using frozen Technic beam rules; v0.4 does not invent three missing historical positions
2477,Technic Beam 3 x 5 L-Shape Thick with Alternating Holes,Technic Beams & Liftarms,Shaped & Angled Beams,3,51,Technic Beams,Plastic,,Current-source reconstruction using frozen Technic beam rules; v0.4 does not invent three missing historical positions
2825,Technic Beam 1 x 4 Thin with Stud Connector,Technic Beams & Liftarms,Thin Beams & Liftarms,2,51,Technic Beams,Plastic,,Current-source reconstruction using frozen Technic beam rules; v0.4 does not invent three missing historical positions
2905,Technic Beam Triangle Thin [Type I],Technic Beams & Liftarms,Thin Beams & Liftarms,3,51,Technic Beams,Plastic,,Current-source reconstruction using frozen Technic beam rules; v0.4 does not invent three missing historical positions
3167,Technic Beam 2 x 3 Thick [90° Offset Centre Beam Hole],Technic Beams & Liftarms,Shaped & Angled Beams,4,55,Technic Beams Special,Plastic,,Current-source reconstruction using frozen Technic beam rules; v0.4 does not invent three missing historical positions
32009,Technic Beam 1 x 11.5 Double Bent Thick,Technic Beams & Liftarms,Shaped & Angled Beams,5,51,Technic Beams,Plastic,,Current-source reconstruction using frozen Technic beam rules; v0.4 does not invent three missing historical positions
32017,Technic Beam 1 x 5 Thin,Technic Beams & Liftarms,Thin Beams & Liftarms,4,51,Technic Beams,Plastic,,Current-source reconstruction using frozen Technic beam rules; v0.4 does not invent three missing historical positions
32056,Technic Beam 3 x 3 L-Shape Thin,Technic Beams & Liftarms,Thin Beams & Liftarms,5,51,Technic Beams,Plastic,,Current-source reconstruction using frozen Technic beam rules; v0.4 does not invent three missing historical positions
32063,Technic Beam 1 x 6 Thin,Technic Beams & Liftarms,Thin Beams & Liftarms,6,51,Technic Beams,Plastic,,Current-source reconstruction using frozen Technic beam rules; v0.4 does not invent three missing historical positions
32065,Technic Beam 1 x 7 Thin,Technic Beams & Liftarms,Thin Beams & Liftarms,7,51,Technic Beams,Plastic,,Current-source reconstruction using frozen Technic beam rules; v0.4 does not invent three missing historical positions
32079,Technic Beam 1 x 9 Offset Crossover,Technic Beams & Liftarms,Shaped & Angled Beams,6,55,Technic Beams Special,Plastic,,Current-source reconstruction using frozen Technic beam rules; v0.4 does not invent three missing historical positions
32140,Technic Beam 2 x 4 L-Shape Thick,Technic Beams & Liftarms,Shaped & Angled Beams,7,51,Technic Beams,Plastic,,Current-source reconstruction using frozen Technic beam rules; v0.4 does not invent three missing historical positions
32177,Technic Beam 1 x 7 with Fan,Technic Beams & Liftarms,Straight & Structural Beams,2,55,Technic Beams Special,Plastic,,Current-source reconstruction using frozen Technic beam rules; v0.4 does not invent three missing historical positions
32249,Technic Beam 3 x 3 L-Shape with Quarter Ellipse Thin,Technic Beams & Liftarms,Thin Beams & Liftarms,8,51,Technic Beams,Plastic,,Current-source reconstruction using frozen Technic beam rules; v0.4 does not invent three missing historical positions
32250,Technic Beam 3 x 5 L-Shape with Quarter Ellipse Thin,Technic Beams & Liftarms,Thin Beams & Liftarms,9,51,Technic Beams,Plastic,,Current-source reconstruction using frozen Technic beam rules; v0.4 does not invent three missing historical positions
32251,Technic Beam 5 x 7 L-Shape with Quarter Ellipse Thin,Technic Beams & Liftarms,Thin Beams & Liftarms,10,51,Technic Beams,Plastic,,Current-source reconstruction using frozen Technic beam rules; v0.4 does not invent three missing historical positions
32271,Technic Beam 1 x 9 Bent (7 - 3) Thick,Technic Beams & Liftarms,Shaped & Angled Beams,8,51,Technic Beams,Plastic,,Current-source reconstruction using frozen Technic beam rules; v0.4 does not invent three missing historical positions
32278,Technic Beam 1 x 15 Thick,Technic Beams & Liftarms,Straight & Structural Beams,3,51,Technic Beams,Plastic,,Current-source reconstruction using frozen Technic beam rules; v0.4 does not invent three missing historical positions
32308,Technic Beam 3 x 7 x 2 Fork 3 Fingers,Technic Beams & Liftarms,Shaped & Angled Beams,9,55,Technic Beams Special,Plastic,,Current-source reconstruction using frozen Technic beam rules; v0.4 does not invent three missing historical positions
32316,Technic Beam 1 x 5 Thick,Technic Beams & Liftarms,Straight & Structural Beams,4,51,Technic Beams,Plastic,,Current-source reconstruction using frozen Technic beam rules; v0.4 does not invent three missing historical positions
32348,Technic Beam 1 x 7 Bent (4 - 4) Thick,Technic Beams & Liftarms,Shaped & Angled Beams,10,51,Technic Beams,Plastic,,Current-source reconstruction using frozen Technic beam rules; v0.4 does not invent three missing historical positions
32449,Technic Beam 1 x 4 Thin,Technic Beams & Liftarms,Thin Beams & Liftarms,11,51,Technic Beams,Plastic,,Current-source reconstruction using frozen Technic beam rules; v0.4 does not invent three missing historical positions
3250,Technic Beam Round 15 x 15,Technic Beams & Liftarms,Straight & Structural Beams,5,51,Technic Beams,Plastic,,Current-source reconstruction using frozen Technic beam rules; v0.4 does not invent three missing historical positions
32523,Technic Beam 1 x 3 Thick,Technic Beams & Liftarms,Straight & Structural Beams,6,51,Technic Beams,Plastic,,Current-source reconstruction using frozen Technic beam rules; v0.4 does not invent three missing historical positions
32524,Technic Beam 1 x 7 Thick,Technic Beams & Liftarms,Straight & Structural Beams,7,51,Technic Beams,Plastic,,Current-source reconstruction using frozen Technic beam rules; v0.4 does not invent three missing historical positions
32525,Technic Beam 1 x 11 Thick,Technic Beams & Liftarms,Straight & Structural Beams,8,51,Technic Beams,Plastic,,Current-source reconstruction using frozen Technic beam rules; v0.4 does not invent three missing historical positions
32526,Technic Beam 3 x 5 L-Shape Thick,Technic Beams & Liftarms,Shaped & Angled Beams,11,51,Technic Beams,Plastic,,Current-source reconstruction using frozen Technic beam rules; v0.4 does not invent three missing historical positions
33299a,Technic Beam 3 x 0.5 Liftarm with Boss and Pin / Crank,Technic Beams & Liftarms,Straight & Structural Beams,9,55,Technic Beams Special,Plastic,,Current-source reconstruction using frozen Technic beam rules; v0.4 does not invent three missing historical positions
33299b,Technic Beam 3 x 0.5 Liftarm with Boss and Pin Semi-Reduced,Technic Beams & Liftarms,Straight & Structural Beams,10,55,Technic Beams Special,Plastic,,Current-source reconstruction using frozen Technic beam rules; v0.4 does not invent three missing historical positions
3916,Technic Beam 9 x 3 L-Shape with Quarter Ellipse Thick,Technic Beams & Liftarms,Shaped & Angled Beams,12,51,Technic Beams,Plastic,,Current-source reconstruction using frozen Technic beam rules; v0.4 does not invent three missing historical positions
39369,Technic Base Frame 11 x 19,Technic Beams & Liftarms,Frames,1,55,Technic Beams Special,Plastic,,Current-source reconstruction using frozen Technic beam rules; v0.4 does not invent three missing historical positions
39790,Technic Beam Frame 11 x 15,Technic Beams & Liftarms,Frames,2,55,Technic Beams Special,Plastic,,Current-source reconstruction using frozen Technic beam rules; v0.4 does not invent three missing historical positions
39793,Technic Connector Beam 3 x 3,Technic Beams & Liftarms,Straight & Structural Beams,11,51,Technic Beams,Plastic,,Current-source reconstruction using frozen Technic beam rules; v0.4 does not invent three missing historical positions
39794,Technic Beam Frame 7 x 11,Technic Beams & Liftarms,Frames,3,55,Technic Beams Special,Plastic,,Current-source reconstruction using frozen Technic beam rules; v0.4 does not invent three missing historical positions
40490,Technic Beam 1 x 9 Thick,Technic Beams & Liftarms,Straight & Structural Beams,12,51,Technic Beams,Plastic,,Current-source reconstruction using frozen Technic beam rules; v0.4 does not invent three missing historical positions
41239,Technic Beam 1 x 13 Thick,Technic Beams & Liftarms,Straight & Structural Beams,13,51,Technic Beams,Plastic,,Current-source reconstruction using frozen Technic beam rules; v0.4 does not invent three missing historical positions
41677,Technic Beam 1 x 2 Thin,Technic Beams & Liftarms,Thin Beams & Liftarms,12,51,Technic Beams,Plastic,,Current-source reconstruction using frozen Technic beam rules; v0.4 does not invent three missing historical positions
41679,Technic Rotation Joint [Half-Ball 3L Thin Beam],Technic Beams & Liftarms,Joint & Rotation Beams,1,55,Technic Beams Special,Plastic,,Current-source reconstruction using frozen Technic beam rules; v0.4 does not invent three missing historical positions
41681,Technic Rotation Joint Socket with 3L Thick Beam,Technic Beams & Liftarms,Joint & Rotation Beams,2,55,Technic Beams Special,Plastic,,Current-source reconstruction using frozen Technic beam rules; v0.4 does not invent three missing historical positions
43857,Technic Beam 1 x 2 Thick,Technic Beams & Liftarms,Straight & Structural Beams,14,51,Technic Beams,Plastic,,Current-source reconstruction using frozen Technic beam rules; v0.4 does not invent three missing historical positions
44224,Technic Rotation Joint Disk with Pin Hole and 3L Beam Thick,Technic Beams & Liftarms,Joint & Rotation Beams,3,55,Technic Beams Special,Plastic,,Current-source reconstruction using frozen Technic beam rules; v0.4 does not invent three missing historical positions
44225,Technic Rotation Joint Disk with Pin and 3L Beam Thick,Technic Beams & Liftarms,Joint & Rotation Beams,4,55,Technic Beams Special,Plastic,,Current-source reconstruction using frozen Technic beam rules; v0.4 does not invent three missing historical positions
44775,Technic Track System Gate 1 x 11 with End Tab and Three Holes,Technic Beams & Liftarms,Straight & Structural Beams,15,55,Technic Beams Special,Plastic,,Current-source reconstruction using frozen Technic beam rules; v0.4 does not invent three missing historical positions
4526,"Technic Beam Frame 3 x 13 with 1 Center Cross Beams, 2 Openings Thick",Technic Beams & Liftarms,Frames,4,55,Technic Beams Special,Plastic,,Current-source reconstruction using frozen Technic beam rules; v0.4 does not invent three missing historical positions
45568,Technic Beam 3 x 11 Flexible Double,Technic Beams & Liftarms,Flexible & Link Beams,1,55,Technic Beams Special,Plastic,,Current-source reconstruction using frozen Technic beam rules; v0.4 does not invent three missing historical positions
45571,Technic Beam 3 x 11 x 3 Gooseneck Flexible Double,Technic Beams & Liftarms,Flexible & Link Beams,2,55,Technic Beams Special,Plastic,,Current-source reconstruction using frozen Technic beam rules; v0.4 does not invent three missing historical positions
45803,Technic Beam 3 x 7 L-Shape Double,Technic Beams & Liftarms,Shaped & Angled Beams,13,55,Technic Beams Special,Plastic,,Current-source reconstruction using frozen Technic beam rules; v0.4 does not invent three missing historical positions
4586,Technic Beam 1 x 9 Thin with 3 Holes,Technic Beams & Liftarms,Thin Beams & Liftarms,13,51,Technic Beams,Plastic,,Current-source reconstruction using frozen Technic beam rules; v0.4 does not invent three missing historical positions
50904,Technic Beam Special 8 x 3 x 2 (Visorak Torso),Technic Beams & Liftarms,Straight & Structural Beams,16,55,Technic Beams Special,Plastic,,Current-source reconstruction using frozen Technic beam rules; v0.4 does not invent three missing historical positions
50923,Technic Beam 1 x 2 with Ball Joint Angled,Technic Beams & Liftarms,Joint & Rotation Beams,5,55,Technic Beams Special,Plastic,,Current-source reconstruction using frozen Technic beam rules; v0.4 does not invent three missing historical positions
53533,Technic Beam 2 x 4 Fork with Pin,Technic Beams & Liftarms,Shaped & Angled Beams,14,55,Technic Beams Special,Plastic,,Current-source reconstruction using frozen Technic beam rules; v0.4 does not invent three missing historical positions
5652,Technic Rotation Joint Disk Double with Pin Hole and 3L Beam Thick,Technic Beams & Liftarms,Joint & Rotation Beams,6,55,Technic Beams Special,Plastic,,Current-source reconstruction using frozen Technic beam rules; v0.4 does not invent three missing historical positions
5995,Technic Beam 1 x 2 with Towball Straight,Technic Beams & Liftarms,Joint & Rotation Beams,7,55,Technic Beams Special,Plastic,,Current-source reconstruction using frozen Technic beam rules; v0.4 does not invent three missing historical positions
60483,Technic Beam 1 x 2 Thick with Pin Hole and Axle Hole,Technic Beams & Liftarms,Straight & Structural Beams,17,51,Technic Beams,Plastic,,Current-source reconstruction using frozen Technic beam rules; v0.4 does not invent three missing historical positions
60484,Technic Beam 3 x 3 T-Shape Thick,Technic Beams & Liftarms,Shaped & Angled Beams,15,51,Technic Beams,Plastic,,Current-source reconstruction using frozen Technic beam rules; v0.4 does not invent three missing historical positions
61408,"Technic Beam 3 x 0.5 Liftarm with Boss and Blocked, Squared Pin Hole",Technic Beams & Liftarms,Straight & Structural Beams,18,55,Technic Beams Special,Plastic,,Current-source reconstruction using frozen Technic beam rules; v0.4 does not invent three missing historical positions
64178,Technic Beam 5 x 11 with 3 x 5 Opening Frame Thick,Technic Beams & Liftarms,Frames,5,55,Technic Beams Special,Plastic,,Current-source reconstruction using frozen Technic beam rules; v0.4 does not invent three missing historical positions
64179,Technic Beam Frame 5 x 7 with 3 x 5 Opening Thick,Technic Beams & Liftarms,Frames,6,55,Technic Beams Special,Plastic,,Current-source reconstruction using frozen Technic beam rules; v0.4 does not invent three missing historical positions
64276,"Technic Beam 1 x 2 with Ball Joint Straight, Smooth Ball",Technic Beams & Liftarms,Joint & Rotation Beams,8,55,Technic Beams Special,Plastic,,Current-source reconstruction using frozen Technic beam rules; v0.4 does not invent three missing historical positions
65817,Technic Beam Frame 11 x 15 with Internal Structure (Maker Plate),Technic Beams & Liftarms,Frames,7,55,Technic Beams Special,Plastic,,Current-source reconstruction using frozen Technic beam rules; v0.4 does not invent three missing historical positions
6612,Technic Beam 1 x 9 Thick with Alternating Holes,Technic Beams & Liftarms,Straight & Structural Beams,19,51,Technic Beams,Plastic,,Current-source reconstruction using frozen Technic beam rules; v0.4 does not invent three missing historical positions
6614,Technic Beam Special 1 x 5 x 3,Technic Beams & Liftarms,Straight & Structural Beams,20,55,Technic Beams Special,Plastic,,Current-source reconstruction using frozen Technic beam rules; v0.4 does not invent three missing historical positions
6629,Technic Beam 1 x 9 Bent (6 - 4) Thick,Technic Beams & Liftarms,Shaped & Angled Beams,16,51,Technic Beams,Plastic,,Current-source reconstruction using frozen Technic beam rules; v0.4 does not invent three missing historical positions
6632,Technic Beam 1 x 3 Thin,Technic Beams & Liftarms,Thin Beams & Liftarms,14,51,Technic Beams,Plastic,,Current-source reconstruction using frozen Technic beam rules; v0.4 does not invent three missing historical positions
67491,"Technic Beam Frame 3 x 19 with 2 Center Cross Beams, 3 Openings Thick",Technic Beams & Liftarms,Frames,8,55,Technic Beams Special,Plastic,,Current-source reconstruction using frozen Technic beam rules; v0.4 does not invent three missing historical positions
67697,Technic Beam 1 x 2 with Ball Joint Holes in Ball,Technic Beams & Liftarms,Joint & Rotation Beams,9,55,Technic Beams Special,Plastic,,Current-source reconstruction using frozen Technic beam rules; v0.4 does not invent three missing historical positions
71708,Technic Beam 2 x 3 L-Shape with Quarter Ellipse Thick,Technic Beams & Liftarms,Shaped & Angled Beams,17,51,Technic Beams,Plastic,,Current-source reconstruction using frozen Technic beam rules; v0.4 does not invent three missing historical positions
71710,Technic Beam 1 x 15 Thick with Alternating Holes,Technic Beams & Liftarms,Straight & Structural Beams,21,51,Technic Beams,Plastic,,Current-source reconstruction using frozen Technic beam rules; v0.4 does not invent three missing historical positions
7229,Technic Beam 1 x 3 Thick with Center Axle Hole,Technic Beams & Liftarms,Straight & Structural Beams,22,51,Technic Beams,Plastic,,Current-source reconstruction using frozen Technic beam rules; v0.4 does not invent three missing historical positions
7244,Technic Beam 1 x 2 with Axle on Side,Technic Beams & Liftarms,Straight & Structural Beams,23,55,Technic Beams Special,Plastic,,Current-source reconstruction using frozen Technic beam rules; v0.4 does not invent three missing historical positions
73507,Technic Beam 1 x 11 Thick with Alternating Holes,Technic Beams & Liftarms,Straight & Structural Beams,24,51,Technic Beams,Plastic,,Current-source reconstruction using frozen Technic beam rules; v0.4 does not invent three missing historical positions
7684,"Technic Link 1 x 6 x 2 Angled, Bent, Double",Technic Beams & Liftarms,Flexible & Link Beams,3,55,Technic Beams Special,Plastic,,Current-source reconstruction using frozen Technic beam rules; v0.4 does not invent three missing historical positions
77107,Technic Beam Round 11 x 11,Technic Beams & Liftarms,Straight & Structural Beams,25,51,Technic Beams,Plastic,,Current-source reconstruction using frozen Technic beam rules; v0.4 does not invent three missing historical positions
7944,Technic Beam Special 1 x 3 Thin with Trapezoid Frame,Technic Beams & Liftarms,Frames,9,55,Technic Beams Special,Plastic,,Current-source reconstruction using frozen Technic beam rules; v0.4 does not invent three missing historical positions
7967,Technic Link 1 x 11 x 2,Technic Beams & Liftarms,Flexible & Link Beams,4,51,Technic Beams,Plastic,,Current-source reconstruction using frozen Technic beam rules; v0.4 does not invent three missing historical positions
79766,Technic Beam Frame 7 x 15 with 3 Truss Bars,Technic Beams & Liftarms,Frames,10,55,Technic Beams Special,Plastic,,Current-source reconstruction using frozen Technic beam rules; v0.4 does not invent three missing historical positions
79767,Technic Beam Frame 5 x 15 with 3 Truss Bars,Technic Beams & Liftarms,Frames,11,55,Technic Beams Special,Plastic,,Current-source reconstruction using frozen Technic beam rules; v0.4 does not invent three missing historical positions
80286,Technic Beam 2 x 5 L-Shape with Quarter Ellipse Thick,Technic Beams & Liftarms,Shaped & Angled Beams,18,51,Technic Beams,Plastic,,Current-source reconstruction using frozen Technic beam rules; v0.4 does not invent three missing historical positions
98577,Technic Beam 1 x 3 with Ball Joint in Middle,Technic Beams & Liftarms,Joint & Rotation Beams,10,55,Technic Beams Special,Plastic,,Current-source reconstruction using frozen Technic beam rules; v0.4 does not invent three missing historical positions
99773,Technic Beam Triangle Thin [Type II],Technic Beams & Liftarms,Thin Beams & Liftarms,15,51,Technic Beams,Plastic,,Current-source reconstruction using frozen Technic beam rules; v0.4 does not invent three missing historical positions
10928,Technic Gear 8 Tooth [Reinforced],"Gears, Racks & Sprockets",Spur Gears,1,52,Technic Gears,Plastic,,Reconstructed from current Technic Gears source using frozen 83-position audit rules
114913c01,"Technic Gear 20, One Way","Gears, Racks & Sprockets",Worm & Specialty Gears,1,52,Technic Gears,Plastic,,Reconstructed from current Technic Gears source using frozen 83-position audit rules
11955,Technic Gear 8 Tooth No Friction,"Gears, Racks & Sprockets",Spur Gears,2,52,Technic Gears,Plastic,,Reconstructed from current Technic Gears source using frozen 83-position audit rules
15457,Technic Worm Gear 3L with Bush Ends,"Gears, Racks & Sprockets",Worm & Specialty Gears,2,52,Technic Gears,Plastic,,Reconstructed from current Technic Gears source using frozen 83-position audit rules
18575,Technic Gear 20 Tooth Double Bevel with Axle Hole Type 1 [+ Opening],"Gears, Racks & Sprockets",Bevel & Crown Gears,1,52,Technic Gears,Plastic,,Reconstructed from current Technic Gears source using frozen 83-position audit rules
18942,Technic Gear Rack 1 x 14 x 2 with Axle and Pin Holes,"Gears, Racks & Sprockets",Racks & Gear Track,1,52,Technic Gears,Plastic,,Reconstructed from current Technic Gears source using frozen 83-position audit rules
18946,Technic Gear 16 Tooth with Clutch on Both Sides,"Gears, Racks & Sprockets",Clutch Gears,1,52,Technic Gears,Plastic,,Reconstructed from current Technic Gears source using frozen 83-position audit rules
24121,"Technic Gear Rack 1/4 Circle 11 x 11, 35 Teeth","Gears, Racks & Sprockets",Racks & Gear Track,2,52,Technic Gears,Plastic,,Reconstructed from current Technic Gears source using frozen 83-position audit rules
2428,Technic Rack 1 x 20 x 2/3,"Gears, Racks & Sprockets",Racks & Gear Track,3,52,Technic Gears,Plastic,,Reconstructed from current Technic Gears source using frozen 83-position audit rules
2471,Technic Gear 24 Tooth with Clutch on Both Sides,"Gears, Racks & Sprockets",Clutch Gears,2,52,Technic Gears,Plastic,,Reconstructed from current Technic Gears source using frozen 83-position audit rules
2474,Technic Gear Stepper 8 Tooth,"Gears, Racks & Sprockets",Worm & Specialty Gears,3,52,Technic Gears,Plastic,,Reconstructed from current Technic Gears source using frozen 83-position audit rules
27938,Technic Worm Gear Short,"Gears, Racks & Sprockets",Worm & Specialty Gears,4,52,Technic Gears,Plastic,,Reconstructed from current Technic Gears source using frozen 83-position audit rules
32060,Technic Gear Timing Wheel 8 Tooth,"Gears, Racks & Sprockets",Worm & Specialty Gears,5,52,Technic Gears,Plastic,,Reconstructed from current Technic Gears source using frozen 83-position audit rules
32072,Technic Knob Wheel,"Gears, Racks & Sprockets",Worm & Specialty Gears,6,52,Technic Gears,Plastic,,Reconstructed from current Technic Gears source using frozen 83-position audit rules
32132,Technic Gear Rack 1 x 12 with Holes,"Gears, Racks & Sprockets",Racks & Gear Track,4,52,Technic Gears,Plastic,,Reconstructed from current Technic Gears source using frozen 83-position audit rules
32170,Technic Gear Rack Double with Ball Joint,"Gears, Racks & Sprockets",Racks & Gear Track,5,52,Technic Gears,Plastic,,Reconstructed from current Technic Gears source using frozen 83-position audit rules
32185,Technic Gear Rack 1 x 14 with Holes,"Gears, Racks & Sprockets",Racks & Gear Track,6,52,Technic Gears,Plastic,,Reconstructed from current Technic Gears source using frozen 83-position audit rules
32198,Technic Gear 20 Tooth Bevel,"Gears, Racks & Sprockets",Bevel & Crown Gears,2,52,Technic Gears,Plastic,,Reconstructed from current Technic Gears source using frozen 83-position audit rules
32269,Technic Gear 20 Tooth Double Bevel with Axle Hole Type 2 [X Opening],"Gears, Racks & Sprockets",Bevel & Crown Gears,3,52,Technic Gears,Plastic,,Reconstructed from current Technic Gears source using frozen 83-position audit rules
32270,Technic Gear 12 Tooth Double Bevel,"Gears, Racks & Sprockets",Bevel & Crown Gears,4,52,Technic Gears,Plastic,,Reconstructed from current Technic Gears source using frozen 83-position audit rules
32498,Technic Gear 36 Tooth Double Bevel,"Gears, Racks & Sprockets",Bevel & Crown Gears,5,52,Technic Gears,Plastic,,Reconstructed from current Technic Gears source using frozen 83-position audit rules
32905,Technic Worm Gear Type 2,"Gears, Racks & Sprockets",Worm & Specialty Gears,7,52,Technic Gears,Plastic,,Reconstructed from current Technic Gears source using frozen 83-position audit rules
35185,Technic Gear 20 Tooth Double Bevel with Clutch on Both Sides,"Gears, Racks & Sprockets",Clutch Gears,3,52,Technic Gears,Plastic,,Reconstructed from current Technic Gears source using frozen 83-position audit rules
3590,Technic Gear 12 Tooth with Clutch on One Side,"Gears, Racks & Sprockets",Clutch Gears,4,52,Technic Gears,Plastic,,Reconstructed from current Technic Gears source using frozen 83-position audit rules
3647,Technic Gear 8 Tooth,"Gears, Racks & Sprockets",Spur Gears,3,52,Technic Gears,Plastic,,Reconstructed from current Technic Gears source using frozen 83-position audit rules
3648a,Technic Gear 24 Tooth [Old Style - Three axle holes],"Gears, Racks & Sprockets",Spur Gears,4,52,Technic Gears,Plastic,,Reconstructed from current Technic Gears source using frozen 83-position audit rules
3648b,Technic Gear 24 Tooth [New Style with Single Axle Hole],"Gears, Racks & Sprockets",Spur Gears,5,52,Technic Gears,Plastic,,Reconstructed from current Technic Gears source using frozen 83-position audit rules
3649,Technic Gear 40 Tooth,"Gears, Racks & Sprockets",Spur Gears,6,52,Technic Gears,Plastic,,Reconstructed from current Technic Gears source using frozen 83-position audit rules
3650a,Technic Gear 24 Tooth Crown with Flat Teeth,"Gears, Racks & Sprockets",Bevel & Crown Gears,6,52,Technic Gears,Plastic,,Reconstructed from current Technic Gears source using frozen 83-position audit rules
3650b,Technic Gear 24 Tooth Crown with Pointed Teeth,"Gears, Racks & Sprockets",Bevel & Crown Gears,7,52,Technic Gears,Plastic,,Reconstructed from current Technic Gears source using frozen 83-position audit rules
3650c,Technic Gear 24 Tooth Crown with Reinforcements [New Style],"Gears, Racks & Sprockets",Bevel & Crown Gears,8,52,Technic Gears,Plastic,,Reconstructed from current Technic Gears source using frozen 83-position audit rules
3743,Technic Gear Rack 1 x 4,"Gears, Racks & Sprockets",Racks & Gear Track,7,52,Technic Gears,Plastic,,Reconstructed from current Technic Gears source using frozen 83-position audit rules
4019,Technic Gear 16 Tooth with Round Holes [Old Style],"Gears, Racks & Sprockets",Spur Gears,7,52,Technic Gears,Plastic,,Reconstructed from current Technic Gears source using frozen 83-position audit rules
4143,Technic Gear 14 Tooth Bevel,"Gears, Racks & Sprockets",Bevel & Crown Gears,9,52,Technic Gears,Plastic,,Reconstructed from current Technic Gears source using frozen 83-position audit rules
41666,Technic Arm 1 x 7 with 9 Tooth Double Bevel Gear Ends,"Gears, Racks & Sprockets",Bevel & Crown Gears,10,52,Technic Gears,Plastic,,Reconstructed from current Technic Gears source using frozen 83-position audit rules
41667,Technic Arm 2 x 5 with 1/4 Gear 8 Tooth Double Bevel,"Gears, Racks & Sprockets",Bevel & Crown Gears,11,52,Technic Gears,Plastic,,Reconstructed from current Technic Gears source using frozen 83-position audit rules
42529,"Technic Tread Sprocket Wheel Large Diameter 7 Holes, 14 Tooth","Gears, Racks & Sprockets",Sprockets,1,52,Technic Gears,Plastic,,Reconstructed from current Technic Gears source using frozen 83-position audit rules
46372,Technic Gear 28 Tooth Double Bevel,"Gears, Racks & Sprockets",Bevel & Crown Gears,12,52,Technic Gears,Plastic,,Reconstructed from current Technic Gears source using frozen 83-position audit rules
4716,Technic Worm Gear,"Gears, Racks & Sprockets",Worm & Specialty Gears,8,52,Technic Gears,Plastic,,Reconstructed from current Technic Gears source using frozen 83-position audit rules
5405,Technic Knob Wheel 45° Offset,"Gears, Racks & Sprockets",Worm & Specialty Gears,9,52,Technic Gears,Plastic,,Reconstructed from current Technic Gears source using frozen 83-position audit rules
569,Technic Gear 9 Large Tooth,"Gears, Racks & Sprockets",Spur Gears,8,52,Technic Gears,Plastic,,Reconstructed from current Technic Gears source using frozen 83-position audit rules
570,Technic Gear 15 Large Tooth,"Gears, Racks & Sprockets",Spur Gears,9,52,Technic Gears,Plastic,,Reconstructed from current Technic Gears source using frozen 83-position audit rules
572,Technic Gear 21 Large Tooth,"Gears, Racks & Sprockets",Spur Gears,10,52,Technic Gears,Plastic,,Reconstructed from current Technic Gears source using frozen 83-position audit rules
57519,Technic Tread Sprocket Wheel Large 10 Tooth,"Gears, Racks & Sprockets",Sprockets,2,52,Technic Gears,Plastic,,Reconstructed from current Technic Gears source using frozen 83-position audit rules
57520,Technic Tread Sprocket Wheel Small 6 Tooth,"Gears, Racks & Sprockets",Sprockets,3,52,Technic Gears,Plastic,,Reconstructed from current Technic Gears source using frozen 83-position audit rules
62821a,"Technic Gear Differential with Inner Tabs and Open Center, 28 Bevel Teeth","Gears, Racks & Sprockets",Differentials,1,52,Technic Gears,Plastic,,Reconstructed from current Technic Gears source using frozen 83-position audit rules
62821b,"Technic Gear Differential with Inner Tabs and Closed Center, 28 Bevel Teeth [Beveled Edge]","Gears, Racks & Sprockets",Differentials,2,52,Technic Gears,Plastic,,Reconstructed from current Technic Gears source using frozen 83-position audit rules
62821c,"Technic Gear Differential with Inner Tabs and Closed Center, 28 Bevel Teeth [Sharp Edge]","Gears, Racks & Sprockets",Differentials,3,52,Technic Gears,Plastic,,Reconstructed from current Technic Gears source using frozen 83-position audit rules
64781,Technic Gear Rack 1 x 13 with Axle and Pin Holes,"Gears, Racks & Sprockets",Racks & Gear Track,8,52,Technic Gears,Plastic,,Reconstructed from current Technic Gears source using frozen 83-position audit rules
6539,"Technic Driving Ring 2L, 4 Ridges","Gears, Racks & Sprockets",Clutch Gears,5,52,Technic Gears,Plastic,,Reconstructed from current Technic Gears source using frozen 83-position audit rules
65413,Differential Gear - 28 Tooth with Round Axle Hole,"Gears, Racks & Sprockets",Differentials,4,52,Technic Gears,Plastic,,Reconstructed from current Technic Gears source using frozen 83-position audit rules
65414,Differential Gear House,"Gears, Racks & Sprockets",Differentials,5,52,Technic Gears,Plastic,,Reconstructed from current Technic Gears source using frozen 83-position audit rules
6542a,Technic Gear 16 Tooth with Clutch [Toothed],"Gears, Racks & Sprockets",Clutch Gears,6,52,Technic Gears,Plastic,,Reconstructed from current Technic Gears source using frozen 83-position audit rules
6542b,Technic Gear 16 Tooth with Clutch [Smooth],"Gears, Racks & Sprockets",Clutch Gears,7,52,Technic Gears,Plastic,,Reconstructed from current Technic Gears source using frozen 83-position audit rules
6573,"Technic Gear Differential, 24 -16 Tooth with Clutch on Both Sides","Gears, Racks & Sprockets",Differentials,6,52,Technic Gears,Plastic,,Reconstructed from current Technic Gears source using frozen 83-position audit rules
6574,Technic Gear Rack 1 x 2 with Ball Joints,"Gears, Racks & Sprockets",Racks & Gear Track,9,52,Technic Gears,Plastic,,Reconstructed from current Technic Gears source using frozen 83-position audit rules
6589,Technic Gear 12 Tooth Bevel,"Gears, Racks & Sprockets",Bevel & Crown Gears,13,52,Technic Gears,Plastic,,Reconstructed from current Technic Gears source using frozen 83-position audit rules
6592,Technic Gear Rack 1 x 10 with Holes,"Gears, Racks & Sprockets",Racks & Gear Track,10,52,Technic Gears,Plastic,,Reconstructed from current Technic Gears source using frozen 83-position audit rules
6630,Technic Gear Rack 1 x 8 with Holes,"Gears, Racks & Sprockets",Racks & Gear Track,11,52,Technic Gears,Plastic,,Reconstructed from current Technic Gears source using frozen 83-position audit rules
69761,Differential Gear - 22 Tooth Bevel with Round Axle Hole,"Gears, Racks & Sprockets",Differentials,7,52,Technic Gears,Plastic,,Reconstructed from current Technic Gears source using frozen 83-position audit rules
69762,Technic Gear 14 Tooth Bevel with Axle Hole,"Gears, Racks & Sprockets",Bevel & Crown Gears,14,52,Technic Gears,Plastic,,Reconstructed from current Technic Gears source using frozen 83-position audit rules
69778,Technic Gear 12 Tooth with Axle Hole,"Gears, Racks & Sprockets",Spur Gears,11,52,Technic Gears,Plastic,,Reconstructed from current Technic Gears source using frozen 83-position audit rules
69779,Technic Gear 20 Tooth with Axle Hole [+ Opening],"Gears, Racks & Sprockets",Spur Gears,12,52,Technic Gears,Plastic,,Reconstructed from current Technic Gears source using frozen 83-position audit rules
73071,"Technic Gear Differential [Old Style, 28 Teeth]","Gears, Racks & Sprockets",Differentials,8,52,Technic Gears,Plastic,,Reconstructed from current Technic Gears source using frozen 83-position audit rules
7333,Gear Track Straight 3 x 16,"Gears, Racks & Sprockets",Racks & Gear Track,12,52,Technic Gears,Plastic,,Reconstructed from current Technic Gears source using frozen 83-position audit rules
7334,Gear Track Curve 90° 17 1/2 x 17 1/2,"Gears, Racks & Sprockets",Racks & Gear Track,13,52,Technic Gears,Plastic,,Reconstructed from current Technic Gears source using frozen 83-position audit rules
73763,Technic Worm Gear 6M with Axle Hole,"Gears, Racks & Sprockets",Worm & Specialty Gears,10,52,Technic Gears,Plastic,,Reconstructed from current Technic Gears source using frozen 83-position audit rules
741,Gear Samsonite 14 Tooth,"Gears, Racks & Sprockets",Spur Gears,13,52,Technic Gears,Plastic,,Reconstructed from current Technic Gears source using frozen 83-position audit rules
742,Gear Samsonite 21 Tooth,"Gears, Racks & Sprockets",Spur Gears,14,52,Technic Gears,Plastic,,Reconstructed from current Technic Gears source using frozen 83-position audit rules
743,Gear Samsonite 35 Tooth,"Gears, Racks & Sprockets",Spur Gears,15,52,Technic Gears,Plastic,,Reconstructed from current Technic Gears source using frozen 83-position audit rules
744,Gear Samsonite 42 Tooth,"Gears, Racks & Sprockets",Spur Gears,16,52,Technic Gears,Plastic,,Reconstructed from current Technic Gears source using frozen 83-position audit rules
7557,Technic Gear 8 Tooth with Clutch on One Side,"Gears, Racks & Sprockets",Clutch Gears,8,52,Technic Gears,Plastic,,Reconstructed from current Technic Gears source using frozen 83-position audit rules
76019,Technic Gear 24 Tooth Clutch with Dark Gray or Light Gray Center,"Gears, Racks & Sprockets",Clutch Gears,9,52,Technic Gears,Plastic,,Reconstructed from current Technic Gears source using frozen 83-position audit rules
76244,Technic Gear 24 Tooth Clutch with Dark Bluish Gray Center,"Gears, Racks & Sprockets",Clutch Gears,10,52,Technic Gears,Plastic,,Reconstructed from current Technic Gears source using frozen 83-position audit rules
7785,Technic Gear 14 Tooth,"Gears, Racks & Sprockets",Spur Gears,17,52,Technic Gears,Plastic,,Reconstructed from current Technic Gears source using frozen 83-position audit rules
7786,Technic Gear 18 Tooth with Clutch on Both Sides,"Gears, Racks & Sprockets",Clutch Gears,11,52,Technic Gears,Plastic,,Reconstructed from current Technic Gears source using frozen 83-position audit rules
78442,"Technic Gear Rack 1/4 Circle 6 x 6, 15 Teeth","Gears, Racks & Sprockets",Racks & Gear Track,14,52,Technic Gears,Plastic,,Reconstructed from current Technic Gears source using frozen 83-position audit rules
7861,Technic Gear 64,"Gears, Racks & Sprockets",Spur Gears,18,52,Technic Gears,Plastic,,Reconstructed from current Technic Gears source using frozen 83-position audit rules
81346,Technic Gear 20 Tooth with Clutch on Both Sides,"Gears, Racks & Sprockets",Clutch Gears,12,52,Technic Gears,Plastic,,Reconstructed from current Technic Gears source using frozen 83-position audit rules
87407,Technic Gear 20 Tooth Bevel with Pin Hole,"Gears, Racks & Sprockets",Bevel & Crown Gears,15,52,Technic Gears,Plastic,,Reconstructed from current Technic Gears source using frozen 83-position audit rules
87761,Technic Gear Rack 1 x 7 with Axle and Pin Holes,"Gears, Racks & Sprockets",Racks & Gear Track,15,52,Technic Gears,Plastic,,Reconstructed from current Technic Gears source using frozen 83-position audit rules
94925,Technic Gear 16 Tooth Reinforced [New Style],"Gears, Racks & Sprockets",Spur Gears,19,52,Technic Gears,Plastic,,Reconstructed from current Technic Gears source using frozen 83-position audit rules
100943,Technic Steering Wheel Hub Holder with 2 Ball Joints and 2 Axle Holes,Steering & Suspension,"Hubs, Portals & Ball Joints",1,25,"Technic Steering, Suspension and Engine",Plastic,,Reconstructed from current Technic Steering/Suspension source using frozen 72-position rules
111053c01,Technic Shock Absorber 14L with Black Spring,Steering & Suspension,Shock Absorbers,1,25,"Technic Steering, Suspension and Engine",Plastic,,Reconstructed from current Technic Steering/Suspension source using frozen 72-position rules
11949,Technic Steering Portal with 2 Pin Holes and 2 Ball Joint Arms,Steering & Suspension,"Hubs, Portals & Ball Joints",2,25,"Technic Steering, Suspension and Engine",Plastic,,Reconstructed from current Technic Steering/Suspension source using frozen 72-position rules
11950,Technic Steering Portal with 2 Pin Holes,Steering & Suspension,"Hubs, Portals & Ball Joints",3,25,"Technic Steering, Suspension and Engine",Plastic,,Reconstructed from current Technic Steering/Suspension source using frozen 72-position rules
15459,Technic Steering Arm 5 x 1 with Towball Socket,Steering & Suspension,"Steering Arms, Racks & Geometry",1,25,"Technic Steering, Suspension and Engine",Plastic,,Reconstructed from current Technic Steering/Suspension source using frozen 72-position rules
15460,"Technic Steering Gear with 3 Towball Joints, Compact",Steering & Suspension,"Steering Arms, Racks & Geometry",2,25,"Technic Steering, Suspension and Engine",Plastic,,Reconstructed from current Technic Steering/Suspension source using frozen 72-position rules
23801,"Technic Steering Wheel Hub Holder with 2 Pin Holes and 2 Axle Holes, Slots",Steering & Suspension,"Hubs, Portals & Ball Joints",4,25,"Technic Steering, Suspension and Engine",Plastic,,Reconstructed from current Technic Steering/Suspension source using frozen 72-position rules
2405,Technic Axle 5L with 2 CV Joints,Steering & Suspension,CV Joints & Drive,1,25,"Technic Steering, Suspension and Engine",Plastic,,Reconstructed from current Technic Steering/Suspension source using frozen 72-position rules
2737,Technic Steering Arm Large with Towballs,Steering & Suspension,"Steering Arms, Racks & Geometry",3,25,"Technic Steering, Suspension and Engine",Plastic,,Reconstructed from current Technic Steering/Suspension source using frozen 72-position rules
2738,"Technic Steering Arm 6.5 x 2 with Towball Socket Squared, Un-Chamfered",Steering & Suspension,"Steering Arms, Racks & Geometry",4,25,"Technic Steering, Suspension and Engine",Plastic,,Reconstructed from current Technic Steering/Suspension source using frozen 72-position rules
2741,Technic Steering Wheel Large,Steering & Suspension,Steering Wheels & Controls,1,25,"Technic Steering, Suspension and Engine",Plastic,,Reconstructed from current Technic Steering/Suspension source using frozen 72-position rules
2790,Technic Steering Rack,Steering & Suspension,"Steering Arms, Racks & Geometry",5,25,"Technic Steering, Suspension and Engine",Plastic,,Reconstructed from current Technic Steering/Suspension source using frozen 72-position rules
2791,Technic Steering Gear Holder,Steering & Suspension,"Steering Arms, Racks & Geometry",6,25,"Technic Steering, Suspension and Engine",Plastic,,Reconstructed from current Technic Steering/Suspension source using frozen 72-position rules
2792,Technic Steering Rack Top - Modified 1 x 8 Technic Plate with Toothed Ends,Steering & Suspension,"Steering Arms, Racks & Geometry",7,25,"Technic Steering, Suspension and Engine",Plastic,,Reconstructed from current Technic Steering/Suspension source using frozen 72-position rules
2819,Technic Steering Wheel Small (3 Studs Diameter),Steering & Suspension,Steering Wheels & Controls,2,25,"Technic Steering, Suspension and Engine",Plastic,,Reconstructed from current Technic Steering/Suspension source using frozen 72-position rules
2909c02,Technic Shock Absorber 9.5L with Hard Spring,Steering & Suspension,Shock Absorbers,2,25,"Technic Steering, Suspension and Engine",Plastic,,Reconstructed from current Technic Steering/Suspension source using frozen 72-position rules
31794,Technic Steering Arm 5 x 1 with Towball Socket (Type2),Steering & Suspension,"Steering Arms, Racks & Geometry",8,25,"Technic Steering, Suspension and Engine",Plastic,,Reconstructed from current Technic Steering/Suspension source using frozen 72-position rules
32069,Technic Steering Arm with 2 Pins,Steering & Suspension,"Steering Arms, Racks & Geometry",9,25,"Technic Steering, Suspension and Engine",Plastic,,Reconstructed from current Technic Steering/Suspension source using frozen 72-position rules
32186,Technic Steering Gear with 3 Ball Joints,Steering & Suspension,"Steering Arms, Racks & Geometry",10,25,"Technic Steering, Suspension and Engine",Plastic,,Reconstructed from current Technic Steering/Suspension source using frozen 72-position rules
32195a,"Technic Steering Arm 6.5 x 2 with Towball Socket Rounded, Un-Chamfered",Steering & Suspension,"Steering Arms, Racks & Geometry",11,25,"Technic Steering, Suspension and Engine",Plastic,,Reconstructed from current Technic Steering/Suspension source using frozen 72-position rules
32195b,"Technic Steering Arm 6.5 x 2 with Towball Socket Rounded, Chamfered",Steering & Suspension,"Steering Arms, Racks & Geometry",12,25,"Technic Steering, Suspension and Engine",Plastic,,Reconstructed from current Technic Steering/Suspension source using frozen 72-position rules
32294,Technic Wishbone Suspension Arm 9L,Steering & Suspension,Wishbones & Suspension Arms,1,25,"Technic Steering, Suspension and Engine",Plastic,,Reconstructed from current Technic Steering/Suspension source using frozen 72-position rules
32494,Technic Steering / CV Joint,Steering & Suspension,CV Joints & Drive,2,25,"Technic Steering, Suspension and Engine",Plastic,,Reconstructed from current Technic Steering/Suspension source using frozen 72-position rules
32495,Technic Steering Gear with 4 Ball Joints,Steering & Suspension,"Steering Arms, Racks & Geometry",13,25,"Technic Steering, Suspension and Engine",Plastic,,Reconstructed from current Technic Steering/Suspension source using frozen 72-position rules
32496,Technic Wheel Hub 3 Pin,Steering & Suspension,"Hubs, Portals & Ball Joints",5,25,"Technic Steering, Suspension and Engine",Plastic,,Reconstructed from current Technic Steering/Suspension source using frozen 72-position rules
40001,"Technic Steering Wheel Pilot's Yoke [Open Stud, Axle Hole with X Opening]",Steering & Suspension,Steering Wheels & Controls,3,25,"Technic Steering, Suspension and Engine",Plastic,,Reconstructed from current Technic Steering/Suspension source using frozen 72-position rules
41894,Technic Steering Arm [RC Vehicles],Steering & Suspension,"Steering Arms, Racks & Geometry",14,25,"Technic Steering, Suspension and Engine",Plastic,,Reconstructed from current Technic Steering/Suspension source using frozen 72-position rules
41895,Technic Wheel Hub 3 Pin Holder (RC Vehicles),Steering & Suspension,"Hubs, Portals & Ball Joints",6,25,"Technic Steering, Suspension and Engine",Plastic,,Reconstructed from current Technic Steering/Suspension source using frozen 72-position rules
4192,Technic Steering / CV Ball Joint Female with 2L Axle,Steering & Suspension,CV Joints & Drive,3,25,"Technic Steering, Suspension and Engine",Plastic,,Reconstructed from current Technic Steering/Suspension source using frozen 72-position rules
4261,Technic Steering Arm,Steering & Suspension,"Steering Arms, Racks & Geometry",15,25,"Technic Steering, Suspension and Engine",Plastic,,Reconstructed from current Technic Steering/Suspension source using frozen 72-position rules
4423,Technic Wishbone 7 x 7,Steering & Suspension,Wishbones & Suspension Arms,2,25,"Technic Steering, Suspension and Engine",Plastic,,Reconstructed from current Technic Steering/Suspension source using frozen 72-position rules
46490,Technic Steering Wheel Hub with Planetary Gear Reduction,Steering & Suspension,"Hubs, Portals & Ball Joints",7,25,"Technic Steering, Suspension and Engine",Plastic,,Reconstructed from current Technic Steering/Suspension source using frozen 72-position rules
48912c01,Technic Shock Absorber 11.5L [Complete Assembly],Steering & Suspension,Shock Absorbers,3,25,"Technic Steering, Suspension and Engine",Plastic,,Reconstructed from current Technic Steering/Suspension source using frozen 72-position rules
49151,Technic Steering Wheel Pilot's Yoke [Closed Top],Steering & Suspension,Steering Wheels & Controls,4,25,"Technic Steering, Suspension and Engine",Plastic,,Reconstructed from current Technic Steering/Suspension source using frozen 72-position rules
52730,Technic Steering / CV Ball Joint Female with 3L Axle,Steering & Suspension,CV Joints & Drive,4,25,"Technic Steering, Suspension and Engine",Plastic,,Reconstructed from current Technic Steering/Suspension source using frozen 72-position rules
52731,Technic Steering / CV Ball Joint Male 3L,Steering & Suspension,CV Joints & Drive,5,25,"Technic Steering, Suspension and Engine",Plastic,,Reconstructed from current Technic Steering/Suspension source using frozen 72-position rules
5294,Technic Wish Bone with Axle Connectors,Steering & Suspension,"Steering Arms, Racks & Geometry",16,25,"Technic Steering, Suspension and Engine",Plastic,,Reconstructed from current Technic Steering/Suspension source using frozen 72-position rules
5429,Technic Wishbone Suspension Arm 13 x 6 x 3,Steering & Suspension,Wishbones & Suspension Arms,3,25,"Technic Steering, Suspension and Engine",Plastic,,Reconstructed from current Technic Steering/Suspension source using frozen 72-position rules
57515,"Technic Steering Arm 5.5 x 2 with Towball Socket Rounded, Chamfered",Steering & Suspension,"Steering Arms, Racks & Geometry",17,25,"Technic Steering, Suspension and Engine",Plastic,,Reconstructed from current Technic Steering/Suspension source using frozen 72-position rules
5780,Technic Wishbone 7 x 8 x 2,Steering & Suspension,Wishbones & Suspension Arms,4,25,"Technic Steering, Suspension and Engine",Plastic,,Reconstructed from current Technic Steering/Suspension source using frozen 72-position rules
5997,Technic Steering Arm 3 x 1 with Towball Socket,Steering & Suspension,"Steering Arms, Racks & Geometry",18,25,"Technic Steering, Suspension and Engine",Plastic,,Reconstructed from current Technic Steering/Suspension source using frozen 72-position rules
64872,"Technic Steering Arm 5.5 x 2 with Towball Socket Rounded, Chamfered [Reinforced]",Steering & Suspension,"Steering Arms, Racks & Geometry",19,25,"Technic Steering, Suspension and Engine",Plastic,,Reconstructed from current Technic Steering/Suspension source using frozen 72-position rules
65151c01,"Technic Shock Absorber 11L with Internal Spring, Light Bluish Gray Top",Steering & Suspension,Shock Absorbers,4,25,"Technic Steering, Suspension and Engine",Plastic,,Reconstructed from current Technic Steering/Suspension source using frozen 72-position rules
6540a,"Technic Steering Arm Large with Hub, Towballs - Pin Connection",Steering & Suspension,"Hubs, Portals & Ball Joints",8,25,"Technic Steering, Suspension and Engine",Plastic,,Reconstructed from current Technic Steering/Suspension source using frozen 72-position rules
6540b,"Technic Steering Arm Large with Hub, Towballs - Axle Connection",Steering & Suspension,"Hubs, Portals & Ball Joints",9,25,"Technic Steering, Suspension and Engine",Plastic,,Reconstructed from current Technic Steering/Suspension source using frozen 72-position rules
65452,Technic Steering Ball Joint Large Open with C-Shape Pivot Frame [Reinforced],Steering & Suspension,"Hubs, Portals & Ball Joints",10,25,"Technic Steering, Suspension and Engine",Plastic,,Reconstructed from current Technic Steering/Suspension source using frozen 72-position rules
65453,Technic Steering Ball Joint Large Receptacle [Big Ridges],Steering & Suspension,"Hubs, Portals & Ball Joints",11,25,"Technic Steering, Suspension and Engine",Plastic,,Reconstructed from current Technic Steering/Suspension source using frozen 72-position rules
6571,Technic Steering Arm Small with Towball,Steering & Suspension,"Steering Arms, Racks & Geometry",20,25,"Technic Steering, Suspension and Engine",Plastic,,Reconstructed from current Technic Steering/Suspension source using frozen 72-position rules
6572,Technic Steering Knuckle Arm with Ball Joint,Steering & Suspension,"Steering Arms, Racks & Geometry",21,25,"Technic Steering, Suspension and Engine",Plastic,,Reconstructed from current Technic Steering/Suspension source using frozen 72-position rules
65766,"Technic Steering Wheel Hub Holder with 2 Pin Holes and 2 Axle Holes, No Slots",Steering & Suspension,"Hubs, Portals & Ball Joints",12,25,"Technic Steering, Suspension and Engine",Plastic,,Reconstructed from current Technic Steering/Suspension source using frozen 72-position rules
6615,Technic Axle 4L with 2 CV Joints,Steering & Suspension,CV Joints & Drive,6,25,"Technic Steering, Suspension and Engine",Plastic,,Reconstructed from current Technic Steering/Suspension source using frozen 72-position rules
69633,Technic Shock Absorber 18L with Internal Spring,Steering & Suspension,Shock Absorbers,5,25,"Technic Steering, Suspension and Engine",Plastic,,Reconstructed from current Technic Steering/Suspension source using frozen 72-position rules
69636,Technic Steering Portal with 2 Pin Holes and 2 Axle Holes,Steering & Suspension,"Hubs, Portals & Ball Joints",13,25,"Technic Steering, Suspension and Engine",Plastic,,Reconstructed from current Technic Steering/Suspension source using frozen 72-position rules
69964,Vehicle Axle with Steering Clip and Pins,Steering & Suspension,"Steering Arms, Racks & Geometry",22,25,"Technic Steering, Suspension and Engine",Plastic,,Reconstructed from current Technic Steering/Suspension source using frozen 72-position rules
7168,Brake Disc with CV Ball Joint,Steering & Suspension,CV Joints & Drive,7,25,"Technic Steering, Suspension and Engine",Plastic,,Reconstructed from current Technic Steering/Suspension source using frozen 72-position rules
73129,Technic Shock Absorber 6.5L with Normal Spring [Complete Assembly],Steering & Suspension,Shock Absorbers,6,25,"Technic Steering, Suspension and Engine",Plastic,,Reconstructed from current Technic Steering/Suspension source using frozen 72-position rules
7558,Technic Wishbone 7 x 7 x 4,Steering & Suspension,Wishbones & Suspension Arms,5,25,"Technic Steering, Suspension and Engine",Plastic,,Reconstructed from current Technic Steering/Suspension source using frozen 72-position rules
76138,"Technic Shock Absorber 6.5L with Soft Spring, Standard Coil [Complete Assembly]",Steering & Suspension,Shock Absorbers,7,25,"Technic Steering, Suspension and Engine",Plastic,,Reconstructed from current Technic Steering/Suspension source using frozen 72-position rules
76320c01,"Technic Shock Absorber 10L, Damped, Normal Spring",Steering & Suspension,Shock Absorbers,8,25,"Technic Steering, Suspension and Engine",Plastic,,Reconstructed from current Technic Steering/Suspension source using frozen 72-position rules
76537,"Technic Shock Absorber 6.5L with Hard Spring, Tight Coil in Middle [Complete Assembly]",Steering & Suspension,Shock Absorbers,9,25,"Technic Steering, Suspension and Engine",Plastic,,Reconstructed from current Technic Steering/Suspension source using frozen 72-position rules
7659,Technic Steering / CV Ball Joint Female with 4L Axle,Steering & Suspension,CV Joints & Drive,8,25,"Technic Steering, Suspension and Engine",Plastic,,Reconstructed from current Technic Steering/Suspension source using frozen 72-position rules
77590,"Technic Steering / CV Ball Joint, Cardan Ball with Cross Hole 3L",Steering & Suspension,CV Joints & Drive,9,25,"Technic Steering, Suspension and Engine",Plastic,,Reconstructed from current Technic Steering/Suspension source using frozen 72-position rules
79717c01,Technic Shock Absorber 9L with Blue Spring,Steering & Suspension,Shock Absorbers,10,25,"Technic Steering, Suspension and Engine",Plastic,,Reconstructed from current Technic Steering/Suspension source using frozen 72-position rules
89953c01,"Technic Shock Absorber 6.5L with Soft Spring, Tight Coil, Black Piston Rod [Complete Assembly]",Steering & Suspension,Shock Absorbers,11,25,"Technic Steering, Suspension and Engine",Plastic,,Reconstructed from current Technic Steering/Suspension source using frozen 72-position rules
89954c01,"Technic Shock Absorber 6.5L with Hard Spring, Tight Coils at End, Black Rod [Complete Assembly]",Steering & Suspension,Shock Absorbers,12,25,"Technic Steering, Suspension and Engine",Plastic,,Reconstructed from current Technic Steering/Suspension source using frozen 72-position rules
92906,Technic Steering / CV Joint Axle,Steering & Suspension,CV Joints & Drive,10,25,"Technic Steering, Suspension and Engine",Plastic,,Reconstructed from current Technic Steering/Suspension source using frozen 72-position rules
92908,Technic Steering Portal Axle Housing,Steering & Suspension,"Hubs, Portals & Ball Joints",14,25,"Technic Steering, Suspension and Engine",Plastic,,Reconstructed from current Technic Steering/Suspension source using frozen 72-position rules
92909,Technic Steering Hub for Portal Axle,Steering & Suspension,"Hubs, Portals & Ball Joints",15,25,"Technic Steering, Suspension and Engine",Plastic,,Reconstructed from current Technic Steering/Suspension source using frozen 72-position rules
92910,Technic Steering Ball Joint Large Open with C-Shape Pivot Frame,Steering & Suspension,"Hubs, Portals & Ball Joints",16,25,"Technic Steering, Suspension and Engine",Plastic,,Reconstructed from current Technic Steering/Suspension source using frozen 72-position rules
92911,Technic Steering Ball Joint Large Receptacle,Steering & Suspension,"Hubs, Portals & Ball Joints",17,25,"Technic Steering, Suspension and Engine",Plastic,,Reconstructed from current Technic Steering/Suspension source using frozen 72-position rules
30082,Arm Piece with Towball and Clip,"Arms, Grabbers & Mechanical Linkages",Arms & Grabbers,1,18,"Hinges, Arms and Turntables",Plastic,,Frozen 56-position Mechanical Linkages reconstruction
30542,Arm Grabber Angled,"Arms, Grabbers & Mechanical Linkages",Arms & Grabbers,2,18,"Hinges, Arms and Turntables",Plastic,,Frozen 56-position Mechanical Linkages reconstruction
3612,Arm Piece Straight with 2 and 3 Fingers,"Arms, Grabbers & Mechanical Linkages",Arms & Grabbers,3,18,"Hinges, Arms and Turntables",Plastic,,Frozen 56-position Mechanical Linkages reconstruction
3613,"Arm Piece with Towball Socket, 3 Fingers","Arms, Grabbers & Mechanical Linkages",Arms & Grabbers,4,18,"Hinges, Arms and Turntables",Plastic,,Frozen 56-position Mechanical Linkages reconstruction
412,Arm Piece 90° Turn [2 / 3 Fingers],"Arms, Grabbers & Mechanical Linkages",Arms & Grabbers,5,18,"Hinges, Arms and Turntables",Plastic,,Frozen 56-position Mechanical Linkages reconstruction
4220,"Arm Grab Jaw Holder, 3 Fingers","Arms, Grabbers & Mechanical Linkages",Arms & Grabbers,6,18,"Hinges, Arms and Turntables",Plastic,,Frozen 56-position Mechanical Linkages reconstruction
4221,Arm Grab Jaw,"Arms, Grabbers & Mechanical Linkages",Arms & Grabbers,7,18,"Hinges, Arms and Turntables",Plastic,,Frozen 56-position Mechanical Linkages reconstruction
49700,Grab Claw with Axle,"Arms, Grabbers & Mechanical Linkages",Arms & Grabbers,8,18,"Hinges, Arms and Turntables",Plastic,,Frozen 56-position Mechanical Linkages reconstruction
11953,Technic Grabber Arm Claw with 3L Thick Beam [Type 1],"Arms, Grabbers & Mechanical Linkages",Arms & Grabbers,9,26,Technic Special,Plastic,,Frozen 56-position Mechanical Linkages reconstruction
19540,Technic Grabber Arm Claw with 3L Thick Beam [Type 2],"Arms, Grabbers & Mechanical Linkages",Arms & Grabbers,10,26,Technic Special,Plastic,,Frozen 56-position Mechanical Linkages reconstruction
2502,Technic Beam with Claw 2 x 12 x 9,"Arms, Grabbers & Mechanical Linkages",Arms & Grabbers,11,55,Technic Beams Special,Plastic,,Frozen 56-position Mechanical Linkages reconstruction
14696,"Technic Link, Reinforced, with Beveled Edge","Arms, Grabbers & Mechanical Linkages",Mechanical Links,1,26,Technic Special,Plastic,,Frozen 56-position Mechanical Linkages reconstruction
2637,Technic Link 1 x 16,"Arms, Grabbers & Mechanical Linkages",Mechanical Links,2,26,Technic Special,Plastic,,Frozen 56-position Mechanical Linkages reconstruction
30397,Technic Link 1 x 5,"Arms, Grabbers & Mechanical Linkages",Mechanical Links,3,26,Technic Special,Plastic,,Frozen 56-position Mechanical Linkages reconstruction
32005a,Technic Link 1 x 6 without Stoppers,"Arms, Grabbers & Mechanical Linkages",Mechanical Links,4,25,"Technic Steering, Suspension and Engine",Plastic,,Frozen 56-position Mechanical Linkages reconstruction
32005b,Technic Link 1 x 6 with Stoppers,"Arms, Grabbers & Mechanical Linkages",Mechanical Links,5,25,"Technic Steering, Suspension and Engine",Plastic,,Frozen 56-position Mechanical Linkages reconstruction
32293,Technic Link 1 x 9,"Arms, Grabbers & Mechanical Linkages",Mechanical Links,6,25,"Technic Steering, Suspension and Engine",Plastic,,Frozen 56-position Mechanical Linkages reconstruction
3249,"Technic Link, Reinforced, with Bar","Arms, Grabbers & Mechanical Linkages",Mechanical Links,7,26,Technic Special,Plastic,,Frozen 56-position Mechanical Linkages reconstruction
3711a,Technic Link,"Arms, Grabbers & Mechanical Linkages",Mechanical Links,8,26,Technic Special,Plastic,,Frozen 56-position Mechanical Linkages reconstruction
3711b,"Technic Link, Reinforced","Arms, Grabbers & Mechanical Linkages",Mechanical Links,9,26,Technic Special,Plastic,,Frozen 56-position Mechanical Linkages reconstruction
4514,Technic Link 1 x 6 Perpendicular,"Arms, Grabbers & Mechanical Linkages",Mechanical Links,10,25,"Technic Steering, Suspension and Engine",Plastic,,Frozen 56-position Mechanical Linkages reconstruction
5996,Technic Link 1 x 8,"Arms, Grabbers & Mechanical Linkages",Mechanical Links,11,25,"Technic Steering, Suspension and Engine",Plastic,,Frozen 56-position Mechanical Linkages reconstruction
6247,Technic Link 1 x 11,"Arms, Grabbers & Mechanical Linkages",Mechanical Links,12,26,Technic Special,Plastic,,Frozen 56-position Mechanical Linkages reconstruction
64451,Technic Link 1 x 9 Bent (6 - 4),"Arms, Grabbers & Mechanical Linkages",Mechanical Links,13,26,Technic Special,Plastic,,Frozen 56-position Mechanical Linkages reconstruction
6610,Technic Link 1 x 4 with Stoppers,"Arms, Grabbers & Mechanical Linkages",Mechanical Links,14,25,"Technic Steering, Suspension and Engine",Plastic,,Frozen 56-position Mechanical Linkages reconstruction
61903,Technic Universal Joint 3L [Complete Assembly],"Arms, Grabbers & Mechanical Linkages",Universal Joints,1,25,"Technic Steering, Suspension and Engine",Plastic,,Frozen 56-position Mechanical Linkages reconstruction
62519,Technic Universal Joint 3L Centre,"Arms, Grabbers & Mechanical Linkages",Universal Joints,2,25,"Technic Steering, Suspension and Engine",Plastic,,Frozen 56-position Mechanical Linkages reconstruction
62520,"Technic, Universal Joint, 3L","Arms, Grabbers & Mechanical Linkages",Universal Joints,3,25,"Technic Steering, Suspension and Engine",Plastic,,Frozen 56-position Mechanical Linkages reconstruction
9244,Technic Universal Joint 4L [Complete Assembly],"Arms, Grabbers & Mechanical Linkages",Universal Joints,4,25,"Technic Steering, Suspension and Engine",Plastic,,Frozen 56-position Mechanical Linkages reconstruction
9244a,Technic Universal Joint - Old Style,"Arms, Grabbers & Mechanical Linkages",Universal Joints,5,25,"Technic Steering, Suspension and Engine",Plastic,,Frozen 56-position Mechanical Linkages reconstruction
69787,Clutch Joint Click Gear,"Arms, Grabbers & Mechanical Linkages",Clutch & Joint System,1,26,Technic Special,Plastic,,Frozen 56-position Mechanical Linkages reconstruction
69788,Clutch Joint Click Ring,"Arms, Grabbers & Mechanical Linkages",Clutch & Joint System,2,26,Technic Special,Plastic,,Frozen 56-position Mechanical Linkages reconstruction
69789,Clutch Joint Pin,"Arms, Grabbers & Mechanical Linkages",Clutch & Joint System,3,26,Technic Special,Plastic,,Frozen 56-position Mechanical Linkages reconstruction
69790,Clutch Joint Gear,"Arms, Grabbers & Mechanical Linkages",Clutch & Joint System,4,26,Technic Special,Plastic,,Frozen 56-position Mechanical Linkages reconstruction
18947,Technic Driving Ring 3L,"Arms, Grabbers & Mechanical Linkages",Selectors & Shifters,2,52,Technic Gears,Plastic,,Frozen 56-position Mechanical Linkages reconstruction
2473,"Technic Driving Ring 2L, 8 Ridges","Arms, Grabbers & Mechanical Linkages",Selectors & Shifters,3,52,Technic Gears,Plastic,,Frozen 56-position Mechanical Linkages reconstruction
32187,"Technic Driving Ring Extension, 4 Ridges","Arms, Grabbers & Mechanical Linkages",Selectors & Shifters,4,52,Technic Gears,Plastic,,Frozen 56-position Mechanical Linkages reconstruction
35186,"Technic Driving Ring Extension, 8 Ridges","Arms, Grabbers & Mechanical Linkages",Selectors & Shifters,5,52,Technic Gears,Plastic,,Frozen 56-position Mechanical Linkages reconstruction
35188,Gear Shifter,"Arms, Grabbers & Mechanical Linkages",Selectors & Shifters,6,52,Technic Gears,Plastic,,Frozen 56-position Mechanical Linkages reconstruction
3584,"Gear Shifter with Groove, 8 Steps, No Markings","Arms, Grabbers & Mechanical Linkages",Selectors & Shifters,7,52,Technic Gears,Plastic,,Frozen 56-position Mechanical Linkages reconstruction
4158,"Gear Shifter with Groove, 8 Steps, Letter Markings","Arms, Grabbers & Mechanical Linkages",Selectors & Shifters,8,52,Technic Gears,Plastic,,Frozen 56-position Mechanical Linkages reconstruction
4159,Gear Shifter Fork,"Arms, Grabbers & Mechanical Linkages",Selectors & Shifters,9,52,Technic Gears,Plastic,,Frozen 56-position Mechanical Linkages reconstruction
flex08c12,Technic Flex Cable 12L,"Arms, Grabbers & Mechanical Linkages",Control Cables,8,26,Technic Special,Plastic,flex08c04; flex08c05; flex08c06; flex08c07; flex08c09; flex08c10; flex08c10.75; flex08c11; flex08c13; flex08c14; flex08c15; flex08c16; flex08c18; flex08c19; flex08c20; flex08c23; flex08c33,Representative Technic flex control cable; length variants collapse
3691,"Motor Housing 4 x 4 x 3, 4.5V",Electronics & Electrical,Motors,1,45,Electronics,Plastic,,Frozen 101-position Electronics & Electrical reconstruction; length/print/regional/minor-shell variants collapsed
6216a,"Motor, 4.5V Type 1 for 2-Prong Connectors without Middle Pin",Electronics & Electrical,Motors,2,45,Electronics,Plastic,,Frozen 101-position Electronics & Electrical reconstruction; length/print/regional/minor-shell variants collapsed
6216b,"Motor, 4.5V Type 2 for 2-Prong Connectors with Middle Pin",Electronics & Electrical,Motors,3,45,Electronics,Plastic,,Frozen 101-position Electronics & Electrical reconstruction; length/print/regional/minor-shell variants collapsed
upn0362a,"Motor, 12V Type 1 for 2-Prong Connectors with Middle Pin",Electronics & Electrical,Motors,4,45,Electronics,Plastic,,Frozen 101-position Electronics & Electrical reconstruction; length/print/regional/minor-shell variants collapsed
upn0362b,"Motor, 12V Type 2 for 2-Prong Connectors without Middle Pin",Electronics & Electrical,Motors,5,45,Electronics,Plastic,,Frozen 101-position Electronics & Electrical reconstruction; length/print/regional/minor-shell variants collapsed
4755,Plate 1 x 2 with Electric Contacts,Electronics & Electrical,Connectors & Switching,1,45,Electronics,Plastic,,Frozen 101-position Electronics & Electrical reconstruction; length/print/regional/minor-shell variants collapsed
4757,Plate 2 x 4 with Electric Contacts,Electronics & Electrical,Connectors & Switching,2,45,Electronics,Plastic,,Frozen 101-position Electronics & Electrical reconstruction; length/print/regional/minor-shell variants collapsed
4758,Plate 2 x 8 with Electric Contacts,Electronics & Electrical,Connectors & Switching,3,45,Electronics,Plastic,,Frozen 101-position Electronics & Electrical reconstruction; length/print/regional/minor-shell variants collapsed
3waycona,"Electric Connector, 3 Way Female Rounded",Electronics & Electrical,Connectors & Switching,4,45,Electronics,Plastic,,Frozen 101-position Electronics & Electrical reconstruction; length/print/regional/minor-shell variants collapsed
3wayconb,"Electric Connector, 3 Way Male Rounded",Electronics & Electrical,Connectors & Switching,5,45,Electronics,Plastic,,Frozen 101-position Electronics & Electrical reconstruction; length/print/regional/minor-shell variants collapsed
765c01,"Electric Connector, 1 Way Male Squared [Complete Assembly]",Electronics & Electrical,Connectors & Switching,6,45,Electronics,Plastic,,Frozen 101-position Electronics & Electrical reconstruction; length/print/regional/minor-shell variants collapsed
766c01,"Electric Connector, 2 Way Male Squared Narrow Long [Complete Assembly]",Electronics & Electrical,Connectors & Switching,7,45,Electronics,Plastic,,Frozen 101-position Electronics & Electrical reconstruction; length/print/regional/minor-shell variants collapsed
996ac01,"Electric Connector, 1 Way Male Rounded with Hollow Pin (Banana Plug)",Electronics & Electrical,Connectors & Switching,8,45,Electronics,Plastic,,Frozen 101-position Electronics & Electrical reconstruction; length/print/regional/minor-shell variants collapsed
996bc01,"Electric Connector, 1 Way Male Rounded with Cross-Cut Pin (Banana Plug)",Electronics & Electrical,Connectors & Switching,9,45,Electronics,Plastic,,Frozen 101-position Electronics & Electrical reconstruction; length/print/regional/minor-shell variants collapsed
upn0128c01,"Electric Connector, 2 Way Male Rounded Wide Long, Hollow Pins",Electronics & Electrical,Connectors & Switching,10,45,Electronics,Plastic,,Frozen 101-position Electronics & Electrical reconstruction; length/print/regional/minor-shell variants collapsed
upn0128c02,"Electric Connector, 2 Way Male Rounded Wide Long, Cross-Cut Pins",Electronics & Electrical,Connectors & Switching,11,45,Electronics,Plastic,,Frozen 101-position Electronics & Electrical reconstruction; length/print/regional/minor-shell variants collapsed
6637,"Hub, Fiber Optics Element",Electronics & Electrical,Hubs & Control,1,45,Electronics,Plastic,,Frozen 101-position Electronics & Electrical reconstruction; length/print/regional/minor-shell variants collapsed
87578,"Solar Cell / Panel, with Light Bluish Gray Top",Electronics & Electrical,"Lights, Optical & Solar",1,45,Electronics,Plastic,,Frozen 101-position Electronics & Electrical reconstruction; length/print/regional/minor-shell variants collapsed
4767,Light Brick 1 x 2 [Single Bulb],Electronics & Electrical,"Lights, Optical & Solar",2,45,Electronics,Plastic,,Frozen 101-position Electronics & Electrical reconstruction; length/print/regional/minor-shell variants collapsed
4771,Light Brick 1 x 4 [Two Bulbs],Electronics & Electrical,"Lights, Optical & Solar",3,45,Electronics,Plastic,,Frozen 101-position Electronics & Electrical reconstruction; length/print/regional/minor-shell variants collapsed
6035,Light Brick 1 x 2 with Single Side Light,Electronics & Electrical,"Lights, Optical & Solar",4,45,Electronics,Plastic,,Frozen 101-position Electronics & Electrical reconstruction; length/print/regional/minor-shell variants collapsed
54605,Light Brick 2 x 4 [Red LED],Electronics & Electrical,"Lights, Optical & Solar",5,45,Electronics,Plastic,,Frozen 101-position Electronics & Electrical reconstruction; length/print/regional/minor-shell variants collapsed
70022,"Light Brick, Train 12V 2 x 3 Signal with Red and Green Lights",Electronics & Electrical,"Lights, Optical & Solar",6,45,Electronics,Plastic,,Frozen 101-position Electronics & Electrical reconstruction; length/print/regional/minor-shell variants collapsed
468c01,"Battery Box, 4.5V 7 x 11 x 3 Type 1 [Complete Assembly]",Electronics & Electrical,Power & Battery,1,45,Electronics,Plastic,,Frozen 101-position Electronics & Electrical reconstruction; length/print/regional/minor-shell variants collapsed
4760,"Battery Box, 9V Small",Electronics & Electrical,Power & Battery,2,45,Electronics,Plastic,,Frozen 101-position Electronics & Electrical reconstruction; length/print/regional/minor-shell variants collapsed
4352,"Battery Box, 4.5V, 2 x 4, 3 x C-Cell Polarity Switch",Electronics & Electrical,Power & Battery,3,45,Electronics,Plastic,,Frozen 101-position Electronics & Electrical reconstruction; length/print/regional/minor-shell variants collapsed
564c01,"Motor, Train, 4.5V, 4 x 12 x 3 1/3 Type 1",Electronics & Electrical,Motors,6,45,Electronics,Plastic,,Frozen 101-position Electronics & Electrical reconstruction; length/print/regional/minor-shell variants collapsed
upn0259c01,"Motor, Train, 4.5V 12 x 4 x 3 1/3 Type II",Electronics & Electrical,Motors,7,45,Electronics,Plastic,,Frozen 101-position Electronics & Electrical reconstruction; length/print/regional/minor-shell variants collapsed
upn0259c02,"Motor, Train, 4.5V 12 x 4 x 3 1/3 Type III, Open Contacts",Electronics & Electrical,Motors,8,45,Electronics,Plastic,,Frozen 101-position Electronics & Electrical reconstruction; length/print/regional/minor-shell variants collapsed
upn0274c01,"Motor, Train, 12V 12 x 4 x 3 1/3 Type II with Three Side Holes",Electronics & Electrical,Motors,9,45,Electronics,Plastic,,Frozen 101-position Electronics & Electrical reconstruction; length/print/regional/minor-shell variants collapsed
upn0274c02,"Motor, Train, 12V 12 x 4 x 3 1/3 Type I with Two Side Holes",Electronics & Electrical,Motors,10,45,Electronics,Plastic,,Frozen 101-position Electronics & Electrical reconstruction; length/print/regional/minor-shell variants collapsed
501a,"Motor, Train Base, 12V Modern Type I with 2 round contact holes",Electronics & Electrical,Motors,11,45,Electronics,Plastic,,Frozen 101-position Electronics & Electrical reconstruction; length/print/regional/minor-shell variants collapsed
70358,"Motor, Train Base, 9V [Complete Assembly]",Electronics & Electrical,Motors,12,45,Electronics,Plastic,,Frozen 101-position Electronics & Electrical reconstruction; length/print/regional/minor-shell variants collapsed
54754,"Motor, Train Base, RC Train",Electronics & Electrical,Motors,13,45,Electronics,Plastic,,Frozen 101-position Electronics & Electrical reconstruction; length/print/regional/minor-shell variants collapsed
87574,"Motor, Train Base, RC Train with PF Cable, Orange Wheel Holders",Electronics & Electrical,Motors,14,45,Electronics,Plastic,,Frozen 101-position Electronics & Electrical reconstruction; length/print/regional/minor-shell variants collapsed
43362c01,"Motor, 9V Mini [Lightweight New Style]",Electronics & Electrical,Motors,15,45,Electronics,Plastic,,Frozen 101-position Electronics & Electrical reconstruction; length/print/regional/minor-shell variants collapsed
71427c01,"Motor, 9V Mini [Old Style]",Electronics & Electrical,Motors,16,45,Electronics,Plastic,,Frozen 101-position Electronics & Electrical reconstruction; length/print/regional/minor-shell variants collapsed
44486c01,"Motor, 9V 4 x 4 x 3 1/3 with Dark Gray Base",Electronics & Electrical,Motors,17,45,Electronics,Plastic,,Frozen 101-position Electronics & Electrical reconstruction; length/print/regional/minor-shell variants collapsed
5011,"Motor, 9V 4 x 10 x 3",Electronics & Electrical,Motors,18,45,Electronics,Plastic,,Frozen 101-position Electronics & Electrical reconstruction; length/print/regional/minor-shell variants collapsed
2986,"Motor, 9V Micromotor 2 x 2",Electronics & Electrical,Motors,19,45,Electronics,Plastic,,Frozen 101-position Electronics & Electrical reconstruction; length/print/regional/minor-shell variants collapsed
58119,"Battery Box, Power Functions 4 x 11 x 7 with Orange Switch and Dark Bluish Gray Covers [Complete Assembly]",Electronics & Electrical,Power & Battery,4,45,Electronics,Plastic,,Frozen 101-position Electronics & Electrical reconstruction; length/print/regional/minor-shell variants collapsed
58120,"Motor, Medium, Power Functions, 3 x 6 x 3 with Dark Bluish Gray Bottom and 20cm Wire",Electronics & Electrical,Motors,20,45,Electronics,Plastic,,Frozen 101-position Electronics & Electrical reconstruction; length/print/regional/minor-shell variants collapsed
58121,"Motor, XL, Power Functions, 6 x 5 x 6, 20cm with Dark Bluish Gray Bottom",Electronics & Electrical,Motors,21,45,Electronics,Plastic,,Frozen 101-position Electronics & Electrical reconstruction; length/print/regional/minor-shell variants collapsed
58122,"Control Unit, IR, Power Functions, with Dark Bluish Gray Bottom",Electronics & Electrical,Hubs & Control,2,45,Electronics,Plastic,,Frozen 101-position Electronics & Electrical reconstruction; length/print/regional/minor-shell variants collapsed
58123a,"Receiver Unit, IR, Power Functions",Electronics & Electrical,Hubs & Control,3,45,Electronics,Plastic,,Frozen 101-position Electronics & Electrical reconstruction; length/print/regional/minor-shell variants collapsed
61929c01,"Pole Reverser / Polarity Switch, Power Functions, Black Wire",Electronics & Electrical,Connectors & Switching,12,45,Electronics,Plastic,,Frozen 101-position Electronics & Electrical reconstruction; length/print/regional/minor-shell variants collapsed
61930,"Light Unit, LED with Black Cable, Power Functions",Electronics & Electrical,"Lights, Optical & Solar",7,45,Electronics,Plastic,,Frozen 101-position Electronics & Electrical reconstruction; length/print/regional/minor-shell variants collapsed
64227,"Control Unit, Power Functions, IR Speed Remote Control with Dark Bluish Gray Bottom",Electronics & Electrical,Hubs & Control,4,45,Electronics,Plastic,,Frozen 101-position Electronics & Electrical reconstruction; length/print/regional/minor-shell variants collapsed
64228,"Battery Box, Power Functions, with Dark Bluish Gray Bottom [Non-Rechargeable]",Electronics & Electrical,Power & Battery,5,45,Electronics,Plastic,,Frozen 101-position Electronics & Electrical reconstruction; length/print/regional/minor-shell variants collapsed
84599,"Battery Box, Power Functions, with Dark Bluish Gray Bottom [Rechargeable]",Electronics & Electrical,Power & Battery,6,45,Electronics,Plastic,,Frozen 101-position Electronics & Electrical reconstruction; length/print/regional/minor-shell variants collapsed
87577,"Motor, 9V, Gear Reduction Ratio 9.5:1, Power Functions [Complete Assembly]",Electronics & Electrical,Motors,22,45,Electronics,Plastic,,Frozen 101-position Electronics & Electrical reconstruction; length/print/regional/minor-shell variants collapsed
28738,"Hub / Battery Box, Powered Up",Electronics & Electrical,Power & Battery,7,45,Electronics,Plastic,,Frozen 101-position Electronics & Electrical reconstruction; length/print/regional/minor-shell variants collapsed
28739,"Control Unit, Powered Up",Electronics & Electrical,Hubs & Control,5,45,Electronics,Plastic,,Frozen 101-position Electronics & Electrical reconstruction; length/print/regional/minor-shell variants collapsed
28740,"Motor, Train Base, Powered Up",Electronics & Electrical,Motors,23,45,Electronics,Plastic,,Frozen 101-position Electronics & Electrical reconstruction; length/print/regional/minor-shell variants collapsed
26910,"Hub, Move, Powered Up 6 x 16 x 4",Electronics & Electrical,Hubs & Control,6,45,Electronics,Plastic,,Frozen 101-position Electronics & Electrical reconstruction; length/print/regional/minor-shell variants collapsed
26912,"Sensor, Color and Distance, Powered Up 2 x 4 x 2",Electronics & Electrical,Sensors,1,45,Electronics,Plastic,,Frozen 101-position Electronics & Electrical reconstruction; length/print/regional/minor-shell variants collapsed
26913,"Motor, Medium Linear, Powered Up 4 x 6 x 3",Electronics & Electrical,Motors,24,45,Electronics,Plastic,,Frozen 101-position Electronics & Electrical reconstruction; length/print/regional/minor-shell variants collapsed
22127,"Hub, Powered Up 4-Port (Technic Control+) - Clip Opening",Electronics & Electrical,Hubs & Control,7,45,Electronics,Plastic,,Frozen 101-position Electronics & Electrical reconstruction; length/print/regional/minor-shell variants collapsed
22168,"Light Unit, LED, with Cable, Powered Up",Electronics & Electrical,"Lights, Optical & Solar",8,45,Electronics,Plastic,,Frozen 101-position Electronics & Electrical reconstruction; length/print/regional/minor-shell variants collapsed
22169,"Motor, Large, Powered Up",Electronics & Electrical,Motors,25,45,Electronics,Plastic,,Frozen 101-position Electronics & Electrical reconstruction; length/print/regional/minor-shell variants collapsed
22172,"Motor, XL, Powered Up",Electronics & Electrical,Motors,26,45,Electronics,Plastic,,Frozen 101-position Electronics & Electrical reconstruction; length/print/regional/minor-shell variants collapsed
85824,"Hub, Powered Up 4-Port (Technic Control+) - Screw Opening",Electronics & Electrical,Hubs & Control,8,45,Electronics,Plastic,,Frozen 101-position Electronics & Electrical reconstruction; length/print/regional/minor-shell variants collapsed
76048c01,"Hub, RCX 1.0, with Power Jack [Complete Assembly]",Electronics & Electrical,Hubs & Control,9,45,Electronics,Plastic,,Frozen 101-position Electronics & Electrical reconstruction; length/print/regional/minor-shell variants collapsed
884c,"Hub, RCX 2.0, No Power Jack [Complete Assembly]",Electronics & Electrical,Hubs & Control,10,45,Electronics,Plastic,,Frozen 101-position Electronics & Electrical reconstruction; length/print/regional/minor-shell variants collapsed
53788,"Hub, NXT Brick with Dark Bluish Gray Base [Complete Assembly]",Electronics & Electrical,Hubs & Control,11,45,Electronics,Plastic,,Frozen 101-position Electronics & Electrical reconstruction; length/print/regional/minor-shell variants collapsed
53787,"Motor, NXT",Electronics & Electrical,Motors,27,45,Electronics,Plastic,,Frozen 101-position Electronics & Electrical reconstruction; length/print/regional/minor-shell variants collapsed
53792,"Sensor, Ultrasonic, NXT",Electronics & Electrical,Sensors,2,45,Electronics,Plastic,,Frozen 101-position Electronics & Electrical reconstruction; length/print/regional/minor-shell variants collapsed
53793,"Sensor, Touch, NXT",Electronics & Electrical,Sensors,3,45,Electronics,Plastic,,Frozen 101-position Electronics & Electrical reconstruction; length/print/regional/minor-shell variants collapsed
55963,"Sensor, Sound, NXT",Electronics & Electrical,Sensors,4,45,Electronics,Plastic,,Frozen 101-position Electronics & Electrical reconstruction; length/print/regional/minor-shell variants collapsed
55969,"Sensor, Light, NXT",Electronics & Electrical,Sensors,5,45,Electronics,Plastic,,Frozen 101-position Electronics & Electrical reconstruction; length/print/regional/minor-shell variants collapsed
64892,"Sensor, Colour, NXT 2.0",Electronics & Electrical,Sensors,6,45,Electronics,Plastic,,Frozen 101-position Electronics & Electrical reconstruction; length/print/regional/minor-shell variants collapsed
95646c01,"Hub, EV3 Brick [Complete Assembly]",Electronics & Electrical,Hubs & Control,12,45,Electronics,Plastic,,Frozen 101-position Electronics & Electrical reconstruction; length/print/regional/minor-shell variants collapsed
95648,"Sensor, Touch, EV3 with White Case",Electronics & Electrical,Sensors,7,45,Electronics,Plastic,,Frozen 101-position Electronics & Electrical reconstruction; length/print/regional/minor-shell variants collapsed
95650,"Sensor, Colour, EV3 with White Case",Electronics & Electrical,Sensors,8,45,Electronics,Plastic,,Frozen 101-position Electronics & Electrical reconstruction; length/print/regional/minor-shell variants collapsed
95652,"Sensor, Ultrasonic, EV3",Electronics & Electrical,Sensors,9,45,Electronics,Plastic,,Frozen 101-position Electronics & Electrical reconstruction; length/print/regional/minor-shell variants collapsed
95654,"Sensor, Infrared, EV3",Electronics & Electrical,Sensors,10,45,Electronics,Plastic,,Frozen 101-position Electronics & Electrical reconstruction; length/print/regional/minor-shell variants collapsed
95658,"Motor, Large, EV3 with White Case",Electronics & Electrical,Motors,28,45,Electronics,Plastic,,Frozen 101-position Electronics & Electrical reconstruction; length/print/regional/minor-shell variants collapsed
99455,"Motor, Medium, EV3 with White Case",Electronics & Electrical,Motors,29,45,Electronics,Plastic,,Frozen 101-position Electronics & Electrical reconstruction; length/print/regional/minor-shell variants collapsed
99380,"Sensor, Gyro, EV3 with White Case",Electronics & Electrical,Sensors,11,45,Electronics,Plastic,,Frozen 101-position Electronics & Electrical reconstruction; length/print/regional/minor-shell variants collapsed
33718,"Hub, USB, We-Do",Electronics & Electrical,Hubs & Control,13,45,Electronics,Plastic,,Frozen 101-position Electronics & Electrical reconstruction; length/print/regional/minor-shell variants collapsed
43718,"Sensor, Motion, We-Do",Electronics & Electrical,Sensors,12,45,Electronics,Plastic,,Frozen 101-position Electronics & Electrical reconstruction; length/print/regional/minor-shell variants collapsed
19071,"Hub, We-Do",Electronics & Electrical,Hubs & Control,14,45,Electronics,Plastic,,Frozen 101-position Electronics & Electrical reconstruction; length/print/regional/minor-shell variants collapsed
20841,"Sensor, Tilt, We-Do 2.0 2 x 4 x 1",Electronics & Electrical,Sensors,13,45,Electronics,Plastic,,Frozen 101-position Electronics & Electrical reconstruction; length/print/regional/minor-shell variants collapsed
20844,"Sensor, Motion, We-Do 2.0 2 x 4 x 1",Electronics & Electrical,Sensors,14,45,Electronics,Plastic,,Frozen 101-position Electronics & Electrical reconstruction; length/print/regional/minor-shell variants collapsed
21980,"Motor, Medium, We-Do 2.0",Electronics & Electrical,Motors,30,45,Electronics,Plastic,,Frozen 101-position Electronics & Electrical reconstruction; length/print/regional/minor-shell variants collapsed
45601,"Hub, Programmable, SPIKE 6-Port",Electronics & Electrical,Hubs & Control,15,45,Electronics,Plastic,,Frozen 101-position Electronics & Electrical reconstruction; length/print/regional/minor-shell variants collapsed
37308,"Sensor, Color, SPIKE",Electronics & Electrical,Sensors,15,45,Electronics,Plastic,,Frozen 101-position Electronics & Electrical reconstruction; length/print/regional/minor-shell variants collapsed
37312,"Sensor, Force, SPIKE",Electronics & Electrical,Sensors,16,45,Electronics,Plastic,,Frozen 101-position Electronics & Electrical reconstruction; length/print/regional/minor-shell variants collapsed
37316,"Sensor, Distance, SPIKE",Electronics & Electrical,Sensors,17,45,Electronics,Plastic,,Frozen 101-position Electronics & Electrical reconstruction; length/print/regional/minor-shell variants collapsed
47592,"Light, Color Matrix Display, 3 x 3, SPIKE",Electronics & Electrical,"Lights, Optical & Solar",9,45,Electronics,Plastic,,Frozen 101-position Electronics & Electrical reconstruction; length/print/regional/minor-shell variants collapsed
54675,"Motor, Large Angular, SPIKE, White Housing, White Wire",Electronics & Electrical,Motors,31,45,Electronics,Plastic,,Frozen 101-position Electronics & Electrical reconstruction; length/print/regional/minor-shell variants collapsed
54696,"Motor, Medium Servo SPIKE",Electronics & Electrical,Motors,32,45,Electronics,Plastic,,Frozen 101-position Electronics & Electrical reconstruction; length/print/regional/minor-shell variants collapsed
67351,"Hub, Programmable, SPIKE 2-Port (Small)",Electronics & Electrical,Hubs & Control,16,45,Electronics,Plastic,,Frozen 101-position Electronics & Electrical reconstruction; length/print/regional/minor-shell variants collapsed
68488,"Motor, Small Angular, SPIKE, White Housing, White Wire",Electronics & Electrical,Motors,33,45,Electronics,Plastic,,Frozen 101-position Electronics & Electrical reconstruction; length/print/regional/minor-shell variants collapsed
879,"Sensor, Touch",Electronics & Electrical,Sensors,18,45,Electronics,Plastic,,Frozen 101-position Electronics & Electrical reconstruction; length/print/regional/minor-shell variants collapsed
upn0196,"Sensor, Touch, 4.5V",Electronics & Electrical,Sensors,19,45,Electronics,Plastic,,Frozen 101-position Electronics & Electrical reconstruction; length/print/regional/minor-shell variants collapsed
2954,"Hub, Control Lab",Electronics & Electrical,Hubs & Control,17,45,Electronics,Plastic,,Frozen 101-position Electronics & Electrical reconstruction; length/print/regional/minor-shell variants collapsed
2974c01,"Sensor, Touch, Fixed Cable",Electronics & Electrical,Sensors,20,45,Electronics,Plastic,,Frozen 101-position Electronics & Electrical reconstruction; length/print/regional/minor-shell variants collapsed
2977c01,"Sensor, Rotation",Electronics & Electrical,Sensors,21,45,Electronics,Plastic,,Frozen 101-position Electronics & Electrical reconstruction; length/print/regional/minor-shell variants collapsed
2980c01,"Sensor, Temperature, Short Cable",Electronics & Electrical,Sensors,22,45,Electronics,Plastic,,Frozen 101-position Electronics & Electrical reconstruction; length/print/regional/minor-shell variants collapsed
2982c01,"Sensor, Light with Fixed Cable",Electronics & Electrical,Sensors,23,45,Electronics,Plastic,,Frozen 101-position Electronics & Electrical reconstruction; length/print/regional/minor-shell variants collapsed
4081a,"Plate Special 1 x 1 with Clip Light, Bar Hole [Thin Ring]","Clips, Bars & Handles",Clip & Bar Hybrids,1,9,Plates Special,Plastic,,Frozen 78-position reconstruction; dominant clip/bar/handle identity required; stronger structural/object families remain elsewhere
4081b,"Plate Special 1 x 1 with Clip Light, Bar Hole [Thick Ring]","Clips, Bars & Handles",Clip & Bar Hybrids,2,9,Plates Special,Plastic,,Frozen 78-position reconstruction; dominant clip/bar/handle identity required; stronger structural/object families remain elsewhere
4085a,Plate Special 1 x 1 with Clip Vertical [Thin Open O Clip],"Clips, Bars & Handles",Clips,1,9,Plates Special,Plastic,,Frozen 78-position reconstruction; dominant clip/bar/handle identity required; stronger structural/object families remain elsewhere
4085b,Plate Special 1 x 1 with Clip Vertical [Thin U Clip],"Clips, Bars & Handles",Clips,2,9,Plates Special,Plastic,,Frozen 78-position reconstruction; dominant clip/bar/handle identity required; stronger structural/object families remain elsewhere
4085c,Plate Special 1 x 1 with Clip Vertical [Thick U Clip],"Clips, Bars & Handles",Clips,3,9,Plates Special,Plastic,,Frozen 78-position reconstruction; dominant clip/bar/handle identity required; stronger structural/object families remain elsewhere
61252,Plate Special 1 x 1 with Clip Horizontal [Thick Open O Clip],"Clips, Bars & Handles",Clips,4,9,Plates Special,Plastic,,Frozen 78-position reconstruction; dominant clip/bar/handle identity required; stronger structural/object families remain elsewhere
44861,"Plate Special 1 x 2, Top Clip [Open O]","Clips, Bars & Handles",Clips,5,9,Plates Special,Plastic,,Frozen 78-position reconstruction; dominant clip/bar/handle identity required; stronger structural/object families remain elsewhere
92280,"Plate Special 1 x 2, Top Clip [Split]","Clips, Bars & Handles",Clips,6,9,Plates Special,Plastic,,Frozen 78-position reconstruction; dominant clip/bar/handle identity required; stronger structural/object families remain elsewhere
60475a,"Brick Special 1 x 1 with Clip Vertical [Thick U Clip, Solid Stud]","Clips, Bars & Handles",Clips,7,5,Bricks Special,Plastic,,Frozen 78-position reconstruction; dominant clip/bar/handle identity required; stronger structural/object families remain elsewhere
60475b,"Brick Special 1 x 1 with Clip Vertical [Open O Clip, Hollow Stud]","Clips, Bars & Handles",Clips,8,5,Bricks Special,Plastic,,Frozen 78-position reconstruction; dominant clip/bar/handle identity required; stronger structural/object families remain elsewhere
60476,Brick Special 1 x 1 with Clip Horizontal,"Clips, Bars & Handles",Clips,9,5,Bricks Special,Plastic,,Frozen 78-position reconstruction; dominant clip/bar/handle identity required; stronger structural/object families remain elsewhere
30237a,Brick Special 1 x 2 with Vertical Clip [Thick U Clip],"Clips, Bars & Handles",Clips,10,5,Bricks Special,Plastic,,Frozen 78-position reconstruction; dominant clip/bar/handle identity required; stronger structural/object families remain elsewhere
30237b,Brick Special 1 x 2 with Vertical Clip [Open O Clip],"Clips, Bars & Handles",Clips,11,5,Bricks Special,Plastic,,Frozen 78-position reconstruction; dominant clip/bar/handle identity required; stronger structural/object families remain elsewhere
5264,Plate Special Round 1 x 1 with Hollow Stud and Underside Clip,"Clips, Bars & Handles",Clips,12,9,Plates Special,Plastic,,Frozen 78-position reconstruction; dominant clip/bar/handle identity required; stronger structural/object families remain elsewhere
48729a,Bar 1L with Clip,"Clips, Bars & Handles",Clip & Bar Hybrids,3,32,"Bars, Ladders and Fences",Plastic,,Frozen 78-position reconstruction; dominant clip/bar/handle identity required; stronger structural/object families remain elsewhere
48729b,Bar 1L with Clip [Cut Edges and One Side Hole] [Gap in Clip],"Clips, Bars & Handles",Clip & Bar Hybrids,4,32,"Bars, Ladders and Fences",Plastic,,Frozen 78-position reconstruction; dominant clip/bar/handle identity required; stronger structural/object families remain elsewhere
11090,Bar Holder with Clip,"Clips, Bars & Handles",Clip & Bar Hybrids,5,32,"Bars, Ladders and Fences",Plastic,,Frozen 78-position reconstruction; dominant clip/bar/handle identity required; stronger structural/object families remain elsewhere
3484,Bar 1L with Clip [Cut Edges and One Side Hole] [Full Clip],"Clips, Bars & Handles",Clip & Bar Hybrids,6,32,"Bars, Ladders and Fences",Plastic,,Frozen 78-position reconstruction; dominant clip/bar/handle identity required; stronger structural/object families remain elsewhere
4735,Bar 1 x 3 [Clip / Anti-Stud],"Clips, Bars & Handles",Clip & Bar Hybrids,7,32,"Bars, Ladders and Fences",Plastic,,Frozen 78-position reconstruction; dominant clip/bar/handle identity required; stronger structural/object families remain elsewhere
72869,Bar Holder with Clip and 90° Angle (Mechanical Leg),"Clips, Bars & Handles",Clip & Bar Hybrids,8,32,"Bars, Ladders and Fences",Plastic,,Frozen 78-position reconstruction; dominant clip/bar/handle identity required; stronger structural/object families remain elsewhere
3628,"Bar 3L with 1 Clip on One Side, 2 Clips on Other Side","Clips, Bars & Handles",Clip & Bar Hybrids,9,32,"Bars, Ladders and Fences",Plastic,,Frozen 78-position reconstruction; dominant clip/bar/handle identity required; stronger structural/object families remain elsewhere
30095,Bar 7 x 3 [4 Clips],"Clips, Bars & Handles",Clip & Bar Hybrids,10,32,"Bars, Ladders and Fences",Plastic,,Frozen 78-position reconstruction; dominant clip/bar/handle identity required; stronger structural/object families remain elsewhere
23443,Bar Holder with Hole and Bar Handle,"Clips, Bars & Handles",Handles & Levers,1,32,"Bars, Ladders and Fences",Plastic,,Frozen 78-position reconstruction; dominant clip/bar/handle identity required; stronger structural/object families remain elsewhere
30374,Bar 4L (Lightsaber Blade / Wand),"Clips, Bars & Handles",Straight & Structural Bars,1,32,"Bars, Ladders and Fences",Plastic,,Frozen 78-position reconstruction; dominant clip/bar/handle identity required; stronger structural/object families remain elsewhere
4095,Bar 6.6L with Stop Ring [Umbrella Stand],"Clips, Bars & Handles",Straight & Structural Bars,2,32,"Bars, Ladders and Fences",Plastic,,Frozen 78-position reconstruction; dominant clip/bar/handle identity required; stronger structural/object families remain elsewhere
63965,Bar 6L with Stop Ring,"Clips, Bars & Handles",Straight & Structural Bars,3,32,"Bars, Ladders and Fences",Plastic,,Frozen 78-position reconstruction; dominant clip/bar/handle identity required; stronger structural/object families remain elsewhere
71184,Bar 4.5L with Stop Ends,"Clips, Bars & Handles",Straight & Structural Bars,4,32,"Bars, Ladders and Fences",Plastic,,Frozen 78-position reconstruction; dominant clip/bar/handle identity required; stronger structural/object families remain elsewhere
7768,Bar 1L with Rounded End,"Clips, Bars & Handles",Straight & Structural Bars,5,32,"Bars, Ladders and Fences",Plastic,,Frozen 78-position reconstruction; dominant clip/bar/handle identity required; stronger structural/object families remain elsewhere
78258,Bar 2L with Stop in Center,"Clips, Bars & Handles",Straight & Structural Bars,6,32,"Bars, Ladders and Fences",Plastic,,Frozen 78-position reconstruction; dominant clip/bar/handle identity required; stronger structural/object families remain elsewhere
87994,Bar 3L,"Clips, Bars & Handles",Straight & Structural Bars,7,32,"Bars, Ladders and Fences",Plastic,,Frozen 78-position reconstruction; dominant clip/bar/handle identity required; stronger structural/object families remain elsewhere
90540,"Bar 3L with Handle, Stop Ring and Side Stops (Minifig Ski Pole)","Clips, Bars & Handles",Handles & Levers,2,32,"Bars, Ladders and Fences",Plastic,,Frozen 78-position reconstruction; dominant clip/bar/handle identity required; stronger structural/object families remain elsewhere
2714a,"Bar 8L - Two Stop Rings / One Pin, Technic Figure Ski Pole [Rounded End]","Clips, Bars & Handles",Straight & Structural Bars,8,32,"Bars, Ladders and Fences",Plastic,,Frozen 78-position reconstruction; dominant clip/bar/handle identity required; stronger structural/object families remain elsewhere
2714b,"Bar 8L - Two Stop Rings / One Pin, Technic Figure Ski Pole [Flat End]","Clips, Bars & Handles",Straight & Structural Bars,9,32,"Bars, Ladders and Fences",Plastic,,Frozen 78-position reconstruction; dominant clip/bar/handle identity required; stronger structural/object families remain elsewhere
4873,Bar 1 x 6 [Open Studs],"Clips, Bars & Handles",Straight & Structural Bars,10,32,"Bars, Ladders and Fences",Plastic,,Frozen 78-position reconstruction; dominant clip/bar/handle identity required; stronger structural/object families remain elsewhere
6140,Bar 1 x 6 [Closed Studs],"Clips, Bars & Handles",Straight & Structural Bars,11,32,"Bars, Ladders and Fences",Plastic,,Frozen 78-position reconstruction; dominant clip/bar/handle identity required; stronger structural/object families remain elsewhere
42445,Bar 1 x 12 with 1 x 2 Plate End with Solid Studs and 1 x 1 Round Plate End,"Clips, Bars & Handles",Straight & Structural Bars,12,32,"Bars, Ladders and Fences",Plastic,,Frozen 78-position reconstruction; dominant clip/bar/handle identity required; stronger structural/object families remain elsewhere
99784,Bar 1 x 12 with 1 x 2 Plate End with Hollow Studs and 1 x 1 Round Plate End,"Clips, Bars & Handles",Straight & Structural Bars,13,32,"Bars, Ladders and Fences",Plastic,,Frozen 78-position reconstruction; dominant clip/bar/handle identity required; stronger structural/object families remain elsewhere
4042,Bar Curved with Axle End and 1 x 1 Round Plate,"Clips, Bars & Handles",Bent & Shaped Bars,1,32,"Bars, Ladders and Fences",Plastic,,Frozen 78-position reconstruction; dominant clip/bar/handle identity required; stronger structural/object families remain elsewhere
65578,"Bar, Angled with 1 x 1 Round Plate / Stud on End","Clips, Bars & Handles",Bent & Shaped Bars,2,32,"Bars, Ladders and Fences",Plastic,,Frozen 78-position reconstruction; dominant clip/bar/handle identity required; stronger structural/object families remain elsewhere
7052,"Bar, Curved U-Shape 2 x 3","Clips, Bars & Handles",Bent & Shaped Bars,3,32,"Bars, Ladders and Fences",Plastic,,Frozen 78-position reconstruction; dominant clip/bar/handle identity required; stronger structural/object families remain elsewhere
7078,Bar 6L with Stop Rings and Double Bent,"Clips, Bars & Handles",Bent & Shaped Bars,4,32,"Bars, Ladders and Fences",Plastic,,Frozen 78-position reconstruction; dominant clip/bar/handle identity required; stronger structural/object families remain elsewhere
8284,Bar Curved 5 x 5 with Stop Rings,"Clips, Bars & Handles",Bent & Shaped Bars,5,32,"Bars, Ladders and Fences",Plastic,,Frozen 78-position reconstruction; dominant clip/bar/handle identity required; stronger structural/object families remain elsewhere
84868,Bar T-Split with Hole,"Clips, Bars & Handles",Bent & Shaped Bars,6,32,"Bars, Ladders and Fences",Plastic,,Frozen 78-position reconstruction; dominant clip/bar/handle identity required; stronger structural/object families remain elsewhere
95229,Bar 1 x 8 x 3 - 1 x 8 x 4 Curved,"Clips, Bars & Handles",Bent & Shaped Bars,7,32,"Bars, Ladders and Fences",Plastic,,Frozen 78-position reconstruction; dominant clip/bar/handle identity required; stronger structural/object families remain elsewhere
22484,Bar 2L with Towball,"Clips, Bars & Handles",Straight & Structural Bars,14,32,"Bars, Ladders and Fences",Plastic,,Frozen 78-position reconstruction; dominant clip/bar/handle identity required; stronger structural/object families remain elsewhere
79851,"Bar, Ring 7L Diameter, with 2 Axle Connectors","Clips, Bars & Handles",Bent & Shaped Bars,8,26,Technic Special,Plastic,,Frozen 78-position reconstruction; dominant clip/bar/handle identity required; stronger structural/object families remain elsewhere
4592,Lever Small Base,"Clips, Bars & Handles",Handles & Levers,3,32,"Bars, Ladders and Fences",Plastic,,Frozen 78-position reconstruction; dominant clip/bar/handle identity required; stronger structural/object families remain elsewhere
4593,Lever Small,"Clips, Bars & Handles",Handles & Levers,4,32,"Bars, Ladders and Fences",Plastic,,Frozen 78-position reconstruction; dominant clip/bar/handle identity required; stronger structural/object families remain elsewhere
79194,Plate Special Round 1 x 1 with Hollow Stud and Bar on Underside - Long Space,"Clips, Bars & Handles",Straight & Structural Bars,15,9,Plates Special,Plastic,,Frozen 78-position reconstruction; dominant clip/bar/handle identity required; stronger structural/object families remain elsewhere
2486,Bar 1 x 8 x 2,"Clips, Bars & Handles",Straight & Structural Bars,16,32,"Bars, Ladders and Fences",Plastic,,Frozen 78-position reconstruction; dominant clip/bar/handle identity required; stronger structural/object families remain elsewhere
30359a,"Bar 1 x 8 with Brick 1 x 2 Curved Top End (Original, No Axle Holder)","Clips, Bars & Handles",Bent & Shaped Bars,9,32,"Bars, Ladders and Fences",Plastic,,Frozen 78-position reconstruction; dominant clip/bar/handle identity required; stronger structural/object families remain elsewhere
30359b,Bar 1 x 8 with Brick 1 x 2 Curved Top End (Axle Holder Inside Small End),"Clips, Bars & Handles",Bent & Shaped Bars,10,32,"Bars, Ladders and Fences",Plastic,,Frozen 78-position reconstruction; dominant clip/bar/handle identity required; stronger structural/object families remain elsewhere
4083,Bar 1 x 4 x 2 with Studs,"Clips, Bars & Handles",Straight & Structural Bars,17,32,"Bars, Ladders and Fences",Plastic,,Frozen 78-position reconstruction; dominant clip/bar/handle identity required; stronger structural/object families remain elsewhere
6187,Bar 1 x 4 x 2,"Clips, Bars & Handles",Straight & Structural Bars,18,32,"Bars, Ladders and Fences",Plastic,,Frozen 78-position reconstruction; dominant clip/bar/handle identity required; stronger structural/object families remain elsewhere
6190,"Bar 1 x 3 (Radio Handle, Phone Handset)","Clips, Bars & Handles",Handles & Levers,5,32,"Bars, Ladders and Fences",Plastic,,Frozen 78-position reconstruction; dominant clip/bar/handle identity required; stronger structural/object families remain elsewhere
62113,Bar 1 x 4 x 3 [End Tabs],"Clips, Bars & Handles",Straight & Structural Bars,19,32,"Bars, Ladders and Fences",Plastic,,Frozen 78-position reconstruction; dominant clip/bar/handle identity required; stronger structural/object families remain elsewhere
92690,Bar 1L with Top Stud and Two Side Studs,"Clips, Bars & Handles",Straight & Structural Bars,20,32,"Bars, Ladders and Fences",Plastic,,Frozen 78-position reconstruction; dominant clip/bar/handle identity required; stronger structural/object families remain elsewhere
37494,"Bar, Parallel Angled with 2 Connecting Bars (Train Hinge)","Clips, Bars & Handles",Bent & Shaped Bars,11,32,"Bars, Ladders and Fences",Plastic,,Frozen 78-position reconstruction; dominant clip/bar/handle identity required; stronger structural/object families remain elsewhere
3839a,"Plate Special 1 x 2 with Handles [Round Ends, Mid Attachment]","Clips, Bars & Handles",Handles & Levers,6,9,Plates Special,Plastic,,Frozen 78-position reconstruction; dominant clip/bar/handle identity required; stronger structural/object families remain elsewhere
3839b,Plate Special 1 x 2 with Handles [Flat Ends / Low Attachment],"Clips, Bars & Handles",Handles & Levers,7,9,Plates Special,Plastic,,Frozen 78-position reconstruction; dominant clip/bar/handle identity required; stronger structural/object families remain elsewhere
7508,Plate Special 1 x 2 Rounded with Handle,"Clips, Bars & Handles",Handles & Levers,8,9,Plates Special,Plastic,,Frozen 78-position reconstruction; dominant clip/bar/handle identity required; stronger structural/object families remain elsewhere
78257,Plate Special 1 x 1 with Handle on 2 Ends,"Clips, Bars & Handles",Handles & Levers,9,9,Plates Special,Plastic,,Frozen 78-position reconstruction; dominant clip/bar/handle identity required; stronger structural/object families remain elsewhere
92692,Plate Special 1 x 2 with Angled Handles on Side,"Clips, Bars & Handles",Handles & Levers,10,9,Plates Special,Plastic,,Frozen 78-position reconstruction; dominant clip/bar/handle identity required; stronger structural/object families remain elsewhere
424,Technic Hub / Handle 1 x 1,"Clips, Bars & Handles",Handles & Levers,11,26,Technic Special,Plastic,,Frozen 78-position reconstruction; dominant clip/bar/handle identity required; stronger structural/object families remain elsewhere
49283,Wire Clip with Axle Hole,"Clips, Bars & Handles",Clips,13,12,Technic Connectors,Plastic,,Frozen 78-position reconstruction; dominant clip/bar/handle identity required; stronger structural/object families remain elsewhere
37452,Brick Special 1 x 2 x 2 with Photo Clip,"Clips, Bars & Handles",Clips,14,5,Bricks Special,Plastic,,Frozen 78-position reconstruction; dominant clip/bar/handle identity required; stronger structural/object families remain elsewhere
5252,Brick Special 2 x 2 with Photo Clip,"Clips, Bars & Handles",Clips,15,5,Bricks Special,Plastic,,Frozen 78-position reconstruction; dominant clip/bar/handle identity required; stronger structural/object families remain elsewhere
60583a,"Brick Special 1 x 1 x 3 with 2 Clips Vertical [Solid Stud, Thick U Clips]","Clips, Bars & Handles",Clips,16,5,Bricks Special,Plastic,,Frozen 78-position reconstruction; dominant clip/bar/handle identity required; stronger structural/object families remain elsewhere
60583b,"Brick Special 1 x 1 x 3 with 2 Clips Vertical [Hollow Stud, Open O Clips]","Clips, Bars & Handles",Clips,17,5,Bricks Special,Plastic,,Frozen 78-position reconstruction; dominant clip/bar/handle identity required; stronger structural/object families remain elsewhere
79987,Plate Special 1 x 3 with 2 Clips on Top,"Clips, Bars & Handles",Clips,18,9,Plates Special,Plastic,,Frozen 78-position reconstruction; dominant clip/bar/handle identity required; stronger structural/object families remain elsewhere
71509,Rubber Band Small 13mm (Square Cross Section),"Hooks, Chains & Flexible Elements",Bands & Belts,6,31,"String, Bands and Reels",Rubber,,"Frozen 49-position flexible-elements reconstruction; construction/end fittings matter, arbitrary cut length does not"
73590c02a,Flexible Hose 8.5L with Tabbed Ends (Ends same color as Tube),"Hooks, Chains & Flexible Elements",Hoses & Flexible Cables,7,30,Tubes and Hoses,Plastic,,"Frozen 49-position flexible-elements reconstruction; construction/end fittings matter, arbitrary cut length does not"
85543,Rubber Belt Small [15mm ID] [Round Cross Section],"Hooks, Chains & Flexible Elements",Bands & Belts,7,31,"String, Bands and Reels",Rubber,,"Frozen 49-position flexible-elements reconstruction; construction/end fittings matter, arbitrary cut length does not"
85544,Technic Rubber Belt Medium [24mm ID] [Round Cross Section],"Hooks, Chains & Flexible Elements",Bands & Belts,8,31,"String, Bands and Reels",Rubber,85545,"Frozen 49-position flexible-elements reconstruction; construction/end fittings matter, arbitrary cut length does not; 24mm/26mm medium round belts collapse to one medium reference"
85546,Technic Rubber Belt Large [33mm ID] [Round Cross Section],"Hooks, Chains & Flexible Elements",Bands & Belts,9,31,"String, Bands and Reels",Rubber,,"Frozen 49-position flexible-elements reconstruction; construction/end fittings matter, arbitrary cut length does not"
71059,Rubber Belt Extra Large (Round Cross Section) - Approx. 7 x 7,"Hooks, Chains & Flexible Elements",Bands & Belts,10,31,"String, Bands and Reels",Rubber,,"Frozen 49-position flexible-elements reconstruction; construction/end fittings matter, arbitrary cut length does not"
78265,"Shoe Lace, Flat","Hooks, Chains & Flexible Elements","String, Rope & Straps",14,31,"String, Bands and Reels",Cloth,,"Frozen 49-position flexible-elements reconstruction; construction/end fittings matter, arbitrary cut length does not"
1578,"Plant, Vine with Bar and Bar Hole",Plants & Natural Elements,"Leaves, Vines & Ground Plants",1,76,Plants & Trees,Plastic,,Frozen 66-position reconstruction; purpose-molded natural form retained; ordinary geometry used as scenery excluded
16981,"Plant, Vine with Leaves, 16L",Plants & Natural Elements,"Leaves, Vines & Ground Plants",2,76,Plants & Trees,Rubber,,Frozen 66-position reconstruction; purpose-molded natural form retained; ordinary geometry used as scenery excluded
1747,"Plant, Vine Stem with 2 Leaves",Plants & Natural Elements,"Leaves, Vines & Ground Plants",3,76,Plants & Trees,Plastic,,Frozen 66-position reconstruction; purpose-molded natural form retained; ordinary geometry used as scenery excluded
19119,"Plant, Flower Stem with Bar and 6 Stems",Plants & Natural Elements,Flowers,1,76,Plants & Trees,Plastic,,Frozen 66-position reconstruction; purpose-molded natural form retained; ordinary geometry used as scenery excluded
30093,"Plant, Sea Grass",Plants & Natural Elements,"Leaves, Vines & Ground Plants",4,76,Plants & Trees,Plastic,,Frozen 66-position reconstruction; purpose-molded natural form retained; ordinary geometry used as scenery excluded
30131,"Plant, Tree 6 x 6 Hollow Stump",Plants & Natural Elements,Trees & Trunks,1,76,Plants & Trees,Plastic,,Frozen 66-position reconstruction; purpose-molded natural form retained; ordinary geometry used as scenery excluded
30596,Rock 2 x 2 with Centre Stud,Plants & Natural Elements,Rocks & Crystals,1,33,Rock,Plastic,,Frozen 66-position reconstruction; purpose-molded natural form retained; ordinary geometry used as scenery excluded
35646,Rock 1 1/3 x 1 1/3 x 1,Plants & Natural Elements,Rocks & Crystals,2,33,Rock,Plastic,,Frozen 66-position reconstruction; purpose-molded natural form retained; ordinary geometry used as scenery excluded
6082,Rock Panel Rectangular 4 x 10 x 6 (aka BURP),Plants & Natural Elements,Rocks & Crystals,3,33,Rock,Plastic,,Frozen 66-position reconstruction; purpose-molded natural form retained; ordinary geometry used as scenery excluded
6083,Rock Panel Triangular 3 x 8 x 7 (aka LURP),Plants & Natural Elements,Rocks & Crystals,4,33,Rock,Plastic,,Frozen 66-position reconstruction; purpose-molded natural form retained; ordinary geometry used as scenery excluded
18853,"Plant, Flower with 5 Pointed Petals and Pin",Plants & Natural Elements,Flowers,2,76,Plants & Trees,Plastic,,Frozen 66-position reconstruction; purpose-molded natural form retained; ordinary geometry used as scenery excluded
24866,"Plant, Flower, Plate Round 1 x 1 with 5 Petals",Plants & Natural Elements,Flowers,3,76,Plants & Trees,Plastic,,Frozen 66-position reconstruction; purpose-molded natural form retained; ordinary geometry used as scenery excluded
32606,"Plant, Flower, Minifig Accessory with 7 Thick Petals and Pin",Plants & Natural Elements,Flowers,4,76,Plants & Trees,Plastic,,Frozen 66-position reconstruction; purpose-molded natural form retained; ordinary geometry used as scenery excluded
33291,"Plant, Flower, Plate Round 1 x 1 with 4 Petals",Plants & Natural Elements,Flowers,5,76,Plants & Trees,Plastic,,Frozen 66-position reconstruction; purpose-molded natural form retained; ordinary geometry used as scenery excluded
35473,Flower 4 x 4 Rounded Petals with Center Stud,Plants & Natural Elements,Flowers,6,76,Plants & Trees,Plastic,,Frozen 66-position reconstruction; purpose-molded natural form retained; ordinary geometry used as scenery excluded
3742,"Plant, Flower - Small",Plants & Natural Elements,Flowers,7,76,Plants & Trees,Plastic,,Frozen 66-position reconstruction; purpose-molded natural form retained; ordinary geometry used as scenery excluded
4367,"Plant, Flower, Minifig Accessory with 7 Thick Petals and Pin, Center Ring",Plants & Natural Elements,Flowers,8,76,Plants & Trees,Plastic,,Frozen 66-position reconstruction; purpose-molded natural form retained; ordinary geometry used as scenery excluded
45711a,"Plant, Flower, Pointed",Plants & Natural Elements,Flowers,9,76,Plants & Trees,Foam,,Frozen 66-position reconstruction; purpose-molded natural form retained; ordinary geometry used as scenery excluded
45711b,"Plant, Flower, Rounded",Plants & Natural Elements,Flowers,10,76,Plants & Trees,Foam,,Frozen 66-position reconstruction; purpose-molded natural form retained; ordinary geometry used as scenery excluded
4728,"Plant, Flower 2 x 2 - Round [Open Stud]",Plants & Natural Elements,Flowers,11,76,Plants & Trees,Plastic,,Frozen 66-position reconstruction; purpose-molded natural form retained; ordinary geometry used as scenery excluded
5903,"Plant, Flower, Tulip",Plants & Natural Elements,Flowers,12,76,Plants & Trees,Plastic,,Frozen 66-position reconstruction; purpose-molded natural form retained; ordinary geometry used as scenery excluded
5904,"Plant, Flower, Peony Rose with 2 Layers",Plants & Natural Elements,Flowers,13,76,Plants & Trees,Plastic,,Frozen 66-position reconstruction; purpose-molded natural form retained; ordinary geometry used as scenery excluded
65468f,"Plant, Flower, 7 Petals on Pin",Plants & Natural Elements,Flowers,14,76,Plants & Trees,Plastic,,Frozen 66-position reconstruction; purpose-molded natural form retained; ordinary geometry used as scenery excluded
95829,"Plant, Outdoor Accessory Kit, Flower Rose with Pin",Plants & Natural Elements,Flowers,15,76,Plants & Trees,Plastic,,Frozen 66-position reconstruction; purpose-molded natural form retained; ordinary geometry used as scenery excluded
95831,"Plant, Outdoor Accessory Kit, Flower with 6 Rounded Petals and Pin",Plants & Natural Elements,Flowers,16,76,Plants & Trees,Plastic,,Frozen 66-position reconstruction; purpose-molded natural form retained; ordinary geometry used as scenery excluded
95832,"Plant, Outdoor Accessory Kit, Flower with 7 Thin Petals and Pin",Plants & Natural Elements,Flowers,17,76,Plants & Trees,Plastic,,Frozen 66-position reconstruction; purpose-molded natural form retained; ordinary geometry used as scenery excluded
98262,"Plant, Flower 2 x 2 - Round [Solid Stud]",Plants & Natural Elements,Flowers,18,76,Plants & Trees,Plastic,,Frozen 66-position reconstruction; purpose-molded natural form retained; ordinary geometry used as scenery excluded
10884,"Plant, Leaves 6 x 5 Swordleaf with Clip [Thick Open O Clip]",Plants & Natural Elements,"Leaves, Vines & Ground Plants",5,76,Plants & Trees,Plastic,,Frozen 66-position reconstruction; purpose-molded natural form retained; ordinary geometry used as scenery excluded
30239,"Plant, Leaves 6 x 5 Swordleaf with Clip [Thick U Clip]",Plants & Natural Elements,"Leaves, Vines & Ground Plants",6,76,Plants & Trees,Plastic,,Frozen 66-position reconstruction; purpose-molded natural form retained; ordinary geometry used as scenery excluded
2536a,"Plant, Palm Tree Trunk - Long Indented Connector",Plants & Natural Elements,Trees & Trunks,2,76,Plants & Trees,Plastic,,Frozen 66-position reconstruction; purpose-molded natural form retained; ordinary geometry used as scenery excluded
2536b,"Plant, Palm Tree Trunk - Short Connector, no Axle Hole",Plants & Natural Elements,Trees & Trunks,3,76,Plants & Trees,Plastic,,Frozen 66-position reconstruction; purpose-molded natural form retained; ordinary geometry used as scenery excluded
2536c,"Plant, Palm Tree Trunk - Short Connector, Axle Hole with 4 Inside Prongs",Plants & Natural Elements,Trees & Trunks,4,76,Plants & Trees,Plastic,,Frozen 66-position reconstruction; purpose-molded natural form retained; ordinary geometry used as scenery excluded
2536e,"Plant, Palm Tree Trunk - Long Smooth Connector",Plants & Natural Elements,Trees & Trunks,5,76,Plants & Trees,Plastic,,Frozen 66-position reconstruction; purpose-molded natural form retained; ordinary geometry used as scenery excluded
6135,"Plant, Palm Tree Trunk - Short Connector, Axle Hole with 2 Inside Prongs",Plants & Natural Elements,Trees & Trunks,6,76,Plants & Trees,Plastic,,Frozen 66-position reconstruction; purpose-molded natural form retained; ordinary geometry used as scenery excluded
10178,Rock 1 x 2 Crystal Stepped,Plants & Natural Elements,Rocks & Crystals,5,33,Rock,Plastic,,Frozen 66-position reconstruction; purpose-molded natural form retained; ordinary geometry used as scenery excluded
11127,Rock 1 x 1 Crystal 4 Point,Plants & Natural Elements,Rocks & Crystals,6,33,Rock,Plastic,,Frozen 66-position reconstruction; purpose-molded natural form retained; ordinary geometry used as scenery excluded
23447,"Rock / Boulder, Vertical Half",Plants & Natural Elements,Rocks & Crystals,7,33,Rock,Plastic,,Frozen 66-position reconstruction; purpose-molded natural form retained; ordinary geometry used as scenery excluded
23996,Rock Brick 8 x 8 x 6,Plants & Natural Elements,Rocks & Crystals,8,33,Rock,Plastic,,Frozen 66-position reconstruction; purpose-molded natural form retained; ordinary geometry used as scenery excluded
30213,Rock 2 x 2 Crystal 3 Point,Plants & Natural Elements,Rocks & Crystals,9,33,Rock,Plastic,,Frozen 66-position reconstruction; purpose-molded natural form retained; ordinary geometry used as scenery excluded
30293,"Rock Boulder 4 x 4, Top",Plants & Natural Elements,Rocks & Crystals,10,33,Rock,Plastic,,Frozen 66-position reconstruction; purpose-molded natural form retained; ordinary geometry used as scenery excluded
30294,"Rock Boulder 4 x 4, Bottom",Plants & Natural Elements,Rocks & Crystals,11,33,Rock,Plastic,,Frozen 66-position reconstruction; purpose-molded natural form retained; ordinary geometry used as scenery excluded
30385,Rock 1 x 1 Crystal 5 Point,Plants & Natural Elements,Rocks & Crystals,12,33,Rock,Plastic,,Frozen 66-position reconstruction; purpose-molded natural form retained; ordinary geometry used as scenery excluded
3161,Rock Panel 2 x 4 x 4,Plants & Natural Elements,Rocks & Crystals,13,33,Rock,Plastic,,Frozen 66-position reconstruction; purpose-molded natural form retained; ordinary geometry used as scenery excluded
47847,Rock Panel 2 x 4 x 6,Plants & Natural Elements,Rocks & Crystals,14,33,Rock,Plastic,,Frozen 66-position reconstruction; purpose-molded natural form retained; ordinary geometry used as scenery excluded
49656,Geode / Rock with Crystal [PLAIN],Plants & Natural Elements,Rocks & Crystals,15,33,Rock,Plastic,,Frozen 66-position reconstruction; purpose-molded natural form retained; ordinary geometry used as scenery excluded
7591,"Rock, Crystal 5 x 2 1/2 x 2 1/3",Plants & Natural Elements,Rocks & Crystals,16,33,Rock,Plastic,,Frozen 66-position reconstruction; purpose-molded natural form retained; ordinary geometry used as scenery excluded
8079,"Rock Boulder 2 x 2 x 2/3, Top",Plants & Natural Elements,Rocks & Crystals,17,33,Rock,Plastic,,Frozen 66-position reconstruction; purpose-molded natural form retained; ordinary geometry used as scenery excluded
8080,"Rock Boulder 2 x 2 x 1, Bottom",Plants & Natural Elements,Rocks & Crystals,18,33,Rock,Plastic,,Frozen 66-position reconstruction; purpose-molded natural form retained; ordinary geometry used as scenery excluded
28870,Curled Decorative Ornament / Plant Vine with Bar,Plants & Natural Elements,"Leaves, Vines & Ground Plants",7,32,"Bars, Ladders and Fences",Plastic,,Frozen 66-position reconstruction; purpose-molded natural form retained; ordinary geometry used as scenery excluded
99249,"Plant, Flower Stem with Bar",Plants & Natural Elements,Flowers,19,76,Plants & Trees,Plastic,,Frozen 66-position reconstruction; purpose-molded natural form retained; ordinary geometry used as scenery excluded
33183,"Plant, Carrot Top",Plants & Natural Elements,Other Natural Forms,1,76,Plants & Trees,Plastic,,Frozen 66-position reconstruction; purpose-molded natural form retained; ordinary geometry used as scenery excluded
15279,"Plant, Grass Stem with Bar Hole [3.2mm]",Plants & Natural Elements,"Leaves, Vines & Ground Plants",8,76,Plants & Trees,Plastic,,Frozen 66-position reconstruction; purpose-molded natural form retained; ordinary geometry used as scenery excluded
15469,"Plant, Leaves, Round 2 x 2 x 2/3 with + Axle Hole and 4 Leaf Extensions",Plants & Natural Elements,"Leaves, Vines & Ground Plants",9,76,Plants & Trees,Plastic,,Frozen 66-position reconstruction; purpose-molded natural form retained; ordinary geometry used as scenery excluded
1566,"Plant, with Bar and Off-shoot with Stud",Plants & Natural Elements,Other Natural Forms,2,76,Plants & Trees,Plastic,,Frozen 66-position reconstruction; purpose-molded natural form retained; ordinary geometry used as scenery excluded
2417,"Plant, Leaves 6 x 5",Plants & Natural Elements,"Leaves, Vines & Ground Plants",10,76,Plants & Trees,Plastic,,Frozen 66-position reconstruction; purpose-molded natural form retained; ordinary geometry used as scenery excluded
2423,"Plant, Leaves 4 x 3",Plants & Natural Elements,"Leaves, Vines & Ground Plants",11,76,Plants & Trees,Plastic,,Frozen 66-position reconstruction; purpose-molded natural form retained; ordinary geometry used as scenery excluded
2435,"Plant, Pine Tree - Small 2 x 2 x 4",Plants & Natural Elements,Trees & Trunks,7,76,Plants & Trees,Plastic,,Frozen 66-position reconstruction; purpose-molded natural form retained; ordinary geometry used as scenery excluded
2518,"Plant, Palm Leaf Large 10 x 5",Plants & Natural Elements,Trees & Trunks,8,76,Plants & Trees,Plastic,,Frozen 66-position reconstruction; purpose-molded natural form retained; ordinary geometry used as scenery excluded
2563,"Plant, Palm Tree Base",Plants & Natural Elements,Trees & Trunks,9,76,Plants & Trees,Plastic,,Frozen 66-position reconstruction; purpose-molded natural form retained; ordinary geometry used as scenery excluded
2682,"Plant, Fern 2 x 3 x 2",Plants & Natural Elements,"Leaves, Vines & Ground Plants",12,76,Plants & Trees,Plastic,,Frozen 66-position reconstruction; purpose-molded natural form retained; ordinary geometry used as scenery excluded
30176,"Plant, Round 1 x 1 - 3 Bamboo Leaves",Plants & Natural Elements,"Leaves, Vines & Ground Plants",13,76,Plants & Trees,Plastic,,Frozen 66-position reconstruction; purpose-molded natural form retained; ordinary geometry used as scenery excluded
30339,"Plant, Palm Tree Leaf 4",Plants & Natural Elements,Trees & Trunks,10,76,Plants & Trees,Plastic,,Frozen 66-position reconstruction; purpose-molded natural form retained; ordinary geometry used as scenery excluded
32607,"Plant, Plate 1 x 1 Round with 3 Leaves",Plants & Natural Elements,"Leaves, Vines & Ground Plants",14,76,Plants & Trees,Plastic,,Frozen 66-position reconstruction; purpose-molded natural form retained; ordinary geometry used as scenery excluded
37695,"Plant, Stem with 3 Leaves and Bottom Pin",Plants & Natural Elements,"Leaves, Vines & Ground Plants",15,76,Plants & Trees,Plastic,,Frozen 66-position reconstruction; purpose-molded natural form retained; ordinary geometry used as scenery excluded
5151,"Plant, Fern 3 x 4 x 2",Plants & Natural Elements,"Leaves, Vines & Ground Plants",16,76,Plants & Trees,Plastic,,Frozen 66-position reconstruction; purpose-molded natural form retained; ordinary geometry used as scenery excluded
6148,"Plant, Palm Leaf Small",Plants & Natural Elements,Trees & Trunks,11,76,Plants & Trees,Plastic,,Frozen 66-position reconstruction; purpose-molded natural form retained; ordinary geometry used as scenery excluded
1410,"Animal, Pig / Piglet, Small [Plain]",Animals & Creature Elements,Land Animals & Creatures,19,28,Animals / Creatures,Plastic,,"Frozen 68-position reconstruction; useful physical animal/anatomical mold retained, decoration and complete assemblies excluded"
1413,"Animal, Chicken [PLAIN]",Animals & Creature Elements,Birds,5,28,Animals / Creatures,Plastic,,"Frozen 68-position reconstruction; useful physical animal/anatomical mold retained, decoration and complete assemblies excluded"
14732,"Animal, Bear, Small with Hole in Top [Plain]",Animals & Creature Elements,Land Animals & Creatures,20,28,Animals / Creatures,Plastic,,"Frozen 68-position reconstruction; useful physical animal/anatomical mold retained, decoration and complete assemblies excluded"
14734,"Animal, Big Cat Cub [Plain]",Animals & Creature Elements,Land Animals & Creatures,21,28,Animals / Creatures,Plastic,,"Frozen 68-position reconstruction; useful physical animal/anatomical mold retained, decoration and complete assemblies excluded"
14736,"Animal, Monkey / Ape / Orangutan [Plain]",Animals & Creature Elements,Land Animals & Creatures,22,28,Animals / Creatures,Plastic,,"Frozen 68-position reconstruction; useful physical animal/anatomical mold retained, decoration and complete assemblies excluded"
1568,"Animal, Cow, Baby / Calf [PLAIN]",Animals & Creature Elements,Land Animals & Creatures,23,28,Animals / Creatures,Plastic,,"Frozen 68-position reconstruction; useful physical animal/anatomical mold retained, decoration and complete assemblies excluded"
1569,"Animal, Sheep / Lamb [PLAIN]",Animals & Creature Elements,Land Animals & Creatures,24,28,Animals / Creatures,Plastic,,"Frozen 68-position reconstruction; useful physical animal/anatomical mold retained, decoration and complete assemblies excluded"
27062,"Animal, Bird, Parrot, Wide Beak and Tail [Plain]",Animals & Creature Elements,Birds,6,28,Animals / Creatures,Plastic,,"Frozen 68-position reconstruction; useful physical animal/anatomical mold retained, decoration and complete assemblies excluded"
2889,"Animal, Dog, Small (Puppy), Alsatian / German Shepherd (Police Dog) [PLAIN]",Animals & Creature Elements,Land Animals & Creatures,25,28,Animals / Creatures,Plastic,,"Frozen 68-position reconstruction; useful physical animal/anatomical mold retained, decoration and complete assemblies excluded"
30032,"Animal, Horse / Pony, Fixed Head",Animals & Creature Elements,Land Animals & Creatures,26,28,Animals / Creatures,Plastic,,"Frozen 68-position reconstruction; useful physical animal/anatomical mold retained, decoration and complete assemblies excluded"
30464,"Animal, Dinosaur, Tyrannosaurus Rex Baby",Animals & Creature Elements,Land Animals & Creatures,27,28,Animals / Creatures,Plastic,,"Frozen 68-position reconstruction; useful physical animal/anatomical mold retained, decoration and complete assemblies excluded"
41835,"Animal, Bird, Small [PLAIN]",Animals & Creature Elements,Birds,7,28,Animals / Creatures,Plastic,,"Frozen 68-position reconstruction; useful physical animal/anatomical mold retained, decoration and complete assemblies excluded"
5153,"Animal, Hedgehog Baby [PLAIN]",Animals & Creature Elements,Land Animals & Creatures,28,28,Animals / Creatures,Plastic,,"Frozen 68-position reconstruction; useful physical animal/anatomical mold retained, decoration and complete assemblies excluded"
65388,"Animal, Dog, Bulldog [PLAIN]",Animals & Creature Elements,Land Animals & Creatures,29,28,Animals / Creatures,Plastic,,"Frozen 68-position reconstruction; useful physical animal/anatomical mold retained, decoration and complete assemblies excluded"
7188,"Animal, Pigeon [PLAIN]",Animals & Creature Elements,Birds,8,28,Animals / Creatures,Plastic,,"Frozen 68-position reconstruction; useful physical animal/anatomical mold retained, decoration and complete assemblies excluded"
7443,"Animal, Snail",Animals & Creature Elements,Land Animals & Creatures,30,28,Animals / Creatures,Plastic,,"Frozen 68-position reconstruction; useful physical animal/anatomical mold retained, decoration and complete assemblies excluded"
78532,"Animal, Alligator / Crocodile Baby [PLAIN]",Animals & Creature Elements,Land Animals & Creatures,31,28,Animals / Creatures,Plastic,,"Frozen 68-position reconstruction; useful physical animal/anatomical mold retained, decoration and complete assemblies excluded"
80674,"Insect, Butterfly",Animals & Creature Elements,Insects & Arthropods,5,28,Animals / Creatures,Plastic,,"Frozen 68-position reconstruction; useful physical animal/anatomical mold retained, decoration and complete assemblies excluded"
87621,"Animal, Pig, Large [Plain]",Animals & Creature Elements,Land Animals & Creatures,32,28,Animals / Creatures,Plastic,,"Frozen 68-position reconstruction; useful physical animal/anatomical mold retained, decoration and complete assemblies excluded"
95327,"Animal, Monkey / Ape, Chimpanzee [Plain]",Animals & Creature Elements,Land Animals & Creatures,33,28,Animals / Creatures,Plastic,,"Frozen 68-position reconstruction; useful physical animal/anatomical mold retained, decoration and complete assemblies excluded"
98389,"Animal, Hedgehog [Plain]",Animals & Creature Elements,Land Animals & Creatures,34,28,Animals / Creatures,Plastic,,"Frozen 68-position reconstruction; useful physical animal/anatomical mold retained, decoration and complete assemblies excluded"
98496,"Animal, Bear with 2 Studs on Back [Plain]",Animals & Creature Elements,Land Animals & Creatures,35,28,Animals / Creatures,Plastic,,"Frozen 68-position reconstruction; useful physical animal/anatomical mold retained, decoration and complete assemblies excluded"
13543,Sports Baseball Glove,Figure Equipment & Accessories,Sports,1,27,Minifig Accessories,Plastic,,Frozen 126-position figure-equipment reconstruction; recognizable figure-scale object retained when no stronger physical family wins
43702,Sports Basketball [Plain],Figure Equipment & Accessories,Sports,2,27,Minifig Accessories,Plastic,,Frozen 126-position figure-equipment reconstruction; recognizable figure-scale object retained when no stronger physical family wins
48990,Sports Soccer Ball,Figure Equipment & Accessories,Sports,3,27,Minifig Accessories,Plastic,,Frozen 126-position figure-equipment reconstruction; recognizable figure-scale object retained when no stronger physical family wins
6075,Sports Surfboard [Long],Figure Equipment & Accessories,Sports,4,27,Minifig Accessories,Plastic,,Frozen 126-position figure-equipment reconstruction; recognizable figure-scale object retained when no stronger physical family wins
90397,Sports Surfboard Standard,Figure Equipment & Accessories,Sports,5,27,Minifig Accessories,Plastic,,Frozen 126-position figure-equipment reconstruction; recognizable figure-scale object retained when no stronger physical family wins
93220,Sports Baseball Bat 4L [Plain],Figure Equipment & Accessories,Sports,6,27,Minifig Accessories,Plastic,,Frozen 126-position figure-equipment reconstruction; recognizable figure-scale object retained when no stronger physical family wins
92585,Tool Crowbar,Figure Equipment & Accessories,Tools,1,73,"Minifig Shields, Weapons, & Tools",Plastic,,Frozen 126-position figure-equipment reconstruction; recognizable figure-scale object retained when no stronger physical family wins
11601,Tool Saw with Handle and Tooth,Figure Equipment & Accessories,Tools,2,73,"Minifig Shields, Weapons, & Tools",Plastic,,Frozen 126-position figure-equipment reconstruction; recognizable figure-scale object retained when no stronger physical family wins
13793,Tool Welding Gun,Figure Equipment & Accessories,Tools,3,73,"Minifig Shields, Weapons, & Tools",Plastic,,Frozen 126-position figure-equipment reconstruction; recognizable figure-scale object retained when no stronger physical family wins
18738,Tool Ice Axe [3-Rib Handle],Figure Equipment & Accessories,Tools,4,73,"Minifig Shields, Weapons, & Tools",Plastic,,Frozen 126-position figure-equipment reconstruction; recognizable figure-scale object retained when no stronger physical family wins
18789,"Tool Pickaxe Blocky, Double",Figure Equipment & Accessories,Tools,5,73,"Minifig Shields, Weapons, & Tools",Plastic,,Frozen 126-position figure-equipment reconstruction; recognizable figure-scale object retained when no stronger physical family wins
18983,Tool Saw [Plain],Figure Equipment & Accessories,Tools,6,73,"Minifig Shields, Weapons, & Tools",Plastic,,Frozen 126-position figure-equipment reconstruction; recognizable figure-scale object retained when no stronger physical family wins
2516,Tool Chainsaw / Drill Body,Figure Equipment & Accessories,Tools,7,73,"Minifig Shields, Weapons, & Tools",Plastic,,Frozen 126-position figure-equipment reconstruction; recognizable figure-scale object retained when no stronger physical family wins
30193,Tool Ice Axe [6-Rib Handle],Figure Equipment & Accessories,Tools,8,73,"Minifig Shields, Weapons, & Tools",Plastic,,Frozen 126-position figure-equipment reconstruction; recognizable figure-scale object retained when no stronger physical family wins
30194,Tool Circular Saw,Figure Equipment & Accessories,Tools,9,73,"Minifig Shields, Weapons, & Tools",Plastic,,Frozen 126-position figure-equipment reconstruction; recognizable figure-scale object retained when no stronger physical family wins
30228,Tool Jackhammer / Motor Hammer,Figure Equipment & Accessories,Tools,10,73,"Minifig Shields, Weapons, & Tools",Plastic,,Frozen 126-position figure-equipment reconstruction; recognizable figure-scale object retained when no stronger physical family wins
3129,Tool Hoe Blocky,Figure Equipment & Accessories,Tools,11,73,"Minifig Shields, Weapons, & Tools",Plastic,,Frozen 126-position figure-equipment reconstruction; recognizable figure-scale object retained when no stronger physical family wins
3841,Tool Pickaxe,Figure Equipment & Accessories,Tools,12,73,"Minifig Shields, Weapons, & Tools",Plastic,,Frozen 126-position figure-equipment reconstruction; recognizable figure-scale object retained when no stronger physical family wins
4006,Tool Screwdriver and Spanner / Wrench,Figure Equipment & Accessories,Tools,13,73,"Minifig Shields, Weapons, & Tools",Plastic,,Frozen 126-position figure-equipment reconstruction; recognizable figure-scale object retained when no stronger physical family wins
4328,Tool Pipe Wrench / Adjustable Spanner,Figure Equipment & Accessories,Tools,14,73,"Minifig Shields, Weapons, & Tools",Plastic,,Frozen 126-position figure-equipment reconstruction; recognizable figure-scale object retained when no stronger physical family wins
4522,Tool Hammer / Mallet Large,Figure Equipment & Accessories,Tools,15,73,"Minifig Shields, Weapons, & Tools",Plastic,,Frozen 126-position figure-equipment reconstruction; recognizable figure-scale object retained when no stronger physical family wins
55295,Tool Hammer Cross Pein [6-Rib Handle],Figure Equipment & Accessories,Tools,16,73,"Minifig Shields, Weapons, & Tools",Plastic,,Frozen 126-position figure-equipment reconstruction; recognizable figure-scale object retained when no stronger physical family wins
55297,"Tool Drill, Electric",Figure Equipment & Accessories,Tools,17,73,"Minifig Shields, Weapons, & Tools",Plastic,,Frozen 126-position figure-equipment reconstruction; recognizable figure-scale object retained when no stronger physical family wins
55299,Tool Wrench / Spanner Open End [6-Rib Handle],Figure Equipment & Accessories,Tools,18,73,"Minifig Shields, Weapons, & Tools",Plastic,,Frozen 126-position figure-equipment reconstruction; recognizable figure-scale object retained when no stronger physical family wins
55300,"Tool Wrench / Spanner, Box [6-Rib Handle]",Figure Equipment & Accessories,Tools,19,73,"Minifig Shields, Weapons, & Tools",Plastic,,Frozen 126-position figure-equipment reconstruction; recognizable figure-scale object retained when no stronger physical family wins
604553,Tool Wrench 4-Way Lug,Figure Equipment & Accessories,Tools,20,73,"Minifig Shields, Weapons, & Tools",Plastic,,Frozen 126-position figure-equipment reconstruction; recognizable figure-scale object retained when no stronger physical family wins
604614,Tool Wrench / Spanner Adjustable,Figure Equipment & Accessories,Tools,21,73,"Minifig Shields, Weapons, & Tools",Plastic,,Frozen 126-position figure-equipment reconstruction; recognizable figure-scale object retained when no stronger physical family wins
604615,Tool Ratchet / Socket Wrench,Figure Equipment & Accessories,Tools,22,73,"Minifig Shields, Weapons, & Tools",Plastic,,Frozen 126-position figure-equipment reconstruction; recognizable figure-scale object retained when no stronger physical family wins
75904,Tool Hammer / Sledgehammer,Figure Equipment & Accessories,Tools,23,73,"Minifig Shields, Weapons, & Tools",Plastic,,Frozen 126-position figure-equipment reconstruction; recognizable figure-scale object retained when no stronger physical family wins
4627,Tool Jack Lifter,Figure Equipment & Accessories,Tools,24,73,"Minifig Shields, Weapons, & Tools",Plastic,,Frozen 126-position figure-equipment reconstruction; recognizable figure-scale object retained when no stronger physical family wins
4628,Tool Jack Handle,Figure Equipment & Accessories,Tools,25,73,"Minifig Shields, Weapons, & Tools",Plastic,,Frozen 126-position figure-equipment reconstruction; recognizable figure-scale object retained when no stronger physical family wins
4629,Tool Jack Base,Figure Equipment & Accessories,Tools,26,73,"Minifig Shields, Weapons, & Tools",Plastic,,Frozen 126-position figure-equipment reconstruction; recognizable figure-scale object retained when no stronger physical family wins
11250,Equipment Judge's Gavel,Figure Equipment & Accessories,Household & General Equipment,1,27,Minifig Accessories,Plastic,,Frozen 126-position figure-equipment reconstruction; recognizable figure-scale object retained when no stronger physical family wins
11251,Equipment Plunger (Soft Plastic) [Plain],Figure Equipment & Accessories,Household & General Equipment,2,27,Minifig Accessories,Plastic,,Frozen 126-position figure-equipment reconstruction; recognizable figure-scale object retained when no stronger physical family wins
11252,Equipment Oval Tray,Figure Equipment & Accessories,Household & General Equipment,3,27,Minifig Accessories,Plastic,,Frozen 126-position figure-equipment reconstruction; recognizable figure-scale object retained when no stronger physical family wins
12885,Equipment Paint Roller Brush Handle Edge On Handle,Figure Equipment & Accessories,Household & General Equipment,4,27,Minifig Accessories,Plastic,,Frozen 126-position figure-equipment reconstruction; recognizable figure-scale object retained when no stronger physical family wins
15496,Equipment Cup with Take Out Lid Without Drinking Hole [Plain],Figure Equipment & Accessories,Household & General Equipment,5,27,Minifig Accessories,Plastic,,Frozen 126-position figure-equipment reconstruction; recognizable figure-scale object retained when no stronger physical family wins
18855,Equipment Baby Bottle with Handle,Figure Equipment & Accessories,Household & General Equipment,6,27,Minifig Accessories,Plastic,,Frozen 126-position figure-equipment reconstruction; recognizable figure-scale object retained when no stronger physical family wins
18920,Equipment Scissors,Figure Equipment & Accessories,Household & General Equipment,7,27,Minifig Accessories,Plastic,,Frozen 126-position figure-equipment reconstruction; recognizable figure-scale object retained when no stronger physical family wins
19118,Equipment Key Ornamented with Stud,Figure Equipment & Accessories,Household & General Equipment,8,27,Minifig Accessories,Plastic,,Frozen 126-position figure-equipment reconstruction; recognizable figure-scale object retained when no stronger physical family wins
19220,"Equipment Radio [Extended Handle, Expanded Speaker Grille]",Figure Equipment & Accessories,Household & General Equipment,9,27,Minifig Accessories,Plastic,,Frozen 126-position figure-equipment reconstruction; recognizable figure-scale object retained when no stronger physical family wins
2343,Equipment Goblet / Glass,Figure Equipment & Accessories,Household & General Equipment,10,27,Minifig Accessories,Plastic,,Frozen 126-position figure-equipment reconstruction; recognizable figure-scale object retained when no stronger physical family wins
23986,Equipment Teapot,Figure Equipment & Accessories,Household & General Equipment,11,27,Minifig Accessories,Plastic,,Frozen 126-position figure-equipment reconstruction; recognizable figure-scale object retained when no stronger physical family wins
24077,Equipment Medical Crutch,Figure Equipment & Accessories,Household & General Equipment,12,27,Minifig Accessories,Plastic,,Frozen 126-position figure-equipment reconstruction; recognizable figure-scale object retained when no stronger physical family wins
30162,Equipment Binoculars,Figure Equipment & Accessories,Household & General Equipment,13,27,Minifig Accessories,Plastic,,Frozen 126-position figure-equipment reconstruction; recognizable figure-scale object retained when no stronger physical family wins
30304,Equipment Space Binoculars / Scanner / Electrobinoculars,Figure Equipment & Accessories,Household & General Equipment,14,27,Minifig Accessories,Plastic,,Frozen 126-position figure-equipment reconstruction; recognizable figure-scale object retained when no stronger physical family wins
52494,Equipment Binoculars with Stud on Top,Figure Equipment & Accessories,Household & General Equipment,15,27,Minifig Accessories,Plastic,,Frozen 126-position figure-equipment reconstruction; recognizable figure-scale object retained when no stronger physical family wins
30089a,Equipment Camera Handheld with Right-Aligned Viewfinder,Figure Equipment & Accessories,Household & General Equipment,16,27,Minifig Accessories,Plastic,,Frozen 126-position figure-equipment reconstruction; recognizable figure-scale object retained when no stronger physical family wins
30089b,Equipment Camera Handheld with Central Viewfinder,Figure Equipment & Accessories,Household & General Equipment,17,27,Minifig Accessories,Plastic,,Frozen 126-position figure-equipment reconstruction; recognizable figure-scale object retained when no stronger physical family wins
30148,Equipment Camera / Camcorder [Movie Style],Figure Equipment & Accessories,Household & General Equipment,18,27,Minifig Accessories,Plastic,,Frozen 126-position figure-equipment reconstruction; recognizable figure-scale object retained when no stronger physical family wins
38014,Equipment Cup / Teacup,Figure Equipment & Accessories,Household & General Equipment,19,27,Minifig Accessories,Plastic,,Frozen 126-position figure-equipment reconstruction; recognizable figure-scale object retained when no stronger physical family wins
3899,Equipment Cup / Mug [Plain],Figure Equipment & Accessories,Household & General Equipment,20,27,Minifig Accessories,Plastic,,Frozen 126-position figure-equipment reconstruction; recognizable figure-scale object retained when no stronger physical family wins
4341,Equipment Pot / Cauldron 3 x 3 x 1 & 3/4 with Handles,Figure Equipment & Accessories,Household & General Equipment,21,27,Minifig Accessories,Plastic,,Frozen 126-position figure-equipment reconstruction; recognizable figure-scale object retained when no stronger physical family wins
4528,Equipment Frying Pan,Figure Equipment & Accessories,Household & General Equipment,22,27,Minifig Accessories,Plastic,,Frozen 126-position figure-equipment reconstruction; recognizable figure-scale object retained when no stronger physical family wins
4529,Equipment Saucepan,Figure Equipment & Accessories,Household & General Equipment,23,27,Minifig Accessories,Plastic,,Frozen 126-position figure-equipment reconstruction; recognizable figure-scale object retained when no stronger physical family wins
5608,Equipment Bottle / Erlenmeyer / Florence Flask [PLAIN],Figure Equipment & Accessories,Household & General Equipment,24,27,Minifig Accessories,Plastic,,Frozen 126-position figure-equipment reconstruction; recognizable figure-scale object retained when no stronger physical family wins
93549,Equipment Bottle / Erlenmeyer Flask [Plain],Figure Equipment & Accessories,Household & General Equipment,25,27,Minifig Accessories,Plastic,,Frozen 126-position figure-equipment reconstruction; recognizable figure-scale object retained when no stronger physical family wins
64644,"Equipment Telescope / Torch / Spyglass, Support Round 1 x 1 x 1 2/3",Figure Equipment & Accessories,Household & General Equipment,26,27,Minifig Accessories,Plastic,,Frozen 126-position figure-equipment reconstruction; recognizable figure-scale object retained when no stronger physical family wins
90463,Equipment Magnifying Glass with Removable Trans-Clear Lens,Figure Equipment & Accessories,Household & General Equipment,27,27,Minifig Accessories,Plastic,,Frozen 126-position figure-equipment reconstruction; recognizable figure-scale object retained when no stronger physical family wins
10049,Shield Broad with Spiked Bottom and Cutout Corner,Figure Equipment & Accessories,Shields,1,73,"Minifig Shields, Weapons, & Tools",Plastic,,Frozen 126-position figure-equipment reconstruction; recognizable figure-scale object retained when no stronger physical family wins
22408,Shield Pentagonal,Figure Equipment & Accessories,Shields,2,73,"Minifig Shields, Weapons, & Tools",Plastic,,Frozen 126-position figure-equipment reconstruction; recognizable figure-scale object retained when no stronger physical family wins
22409,Shield Pentagonal with Rock Edges,Figure Equipment & Accessories,Shields,3,73,"Minifig Shields, Weapons, & Tools",Plastic,,Frozen 126-position figure-equipment reconstruction; recognizable figure-scale object retained when no stronger physical family wins
2586,Shield Ovoid [Plain],Figure Equipment & Accessories,Shields,4,73,"Minifig Shields, Weapons, & Tools",Plastic,,Frozen 126-position figure-equipment reconstruction; recognizable figure-scale object retained when no stronger physical family wins
35035,Shield Pentagonal with Spikes,Figure Equipment & Accessories,Shields,5,73,"Minifig Shields, Weapons, & Tools",Plastic,,Frozen 126-position figure-equipment reconstruction; recognizable figure-scale object retained when no stronger physical family wins
37720a,Shield with Stud (Batman),Figure Equipment & Accessories,Shields,6,73,"Minifig Shields, Weapons, & Tools",Plastic,,Frozen 126-position figure-equipment reconstruction; recognizable figure-scale object retained when no stronger physical family wins
3846,Shield Triangular,Figure Equipment & Accessories,Shields,7,73,"Minifig Shields, Weapons, & Tools",Plastic,,Frozen 126-position figure-equipment reconstruction; recognizable figure-scale object retained when no stronger physical family wins
3876,Shield Round with Stud,Figure Equipment & Accessories,Shields,8,73,"Minifig Shields, Weapons, & Tools",Plastic,,Frozen 126-position figure-equipment reconstruction; recognizable figure-scale object retained when no stronger physical family wins
48494,Shield Rectangular with Stud [Plain],Figure Equipment & Accessories,Shields,9,73,"Minifig Shields, Weapons, & Tools",Plastic,,Frozen 126-position figure-equipment reconstruction; recognizable figure-scale object retained when no stronger physical family wins
4972,Shield Triangular with Spiked Top [PLAIN],Figure Equipment & Accessories,Shields,10,73,"Minifig Shields, Weapons, & Tools",Plastic,,Frozen 126-position figure-equipment reconstruction; recognizable figure-scale object retained when no stronger physical family wins
59231,Shield Round Flat [Plain],Figure Equipment & Accessories,Shields,11,73,"Minifig Shields, Weapons, & Tools",Plastic,,Frozen 126-position figure-equipment reconstruction; recognizable figure-scale object retained when no stronger physical family wins
61856,Shield Octagonal without Stud [Plain],Figure Equipment & Accessories,Shields,12,73,"Minifig Shields, Weapons, & Tools",Plastic,,Frozen 126-position figure-equipment reconstruction; recognizable figure-scale object retained when no stronger physical family wins
75902,Shield Round Bowed [Plain],Figure Equipment & Accessories,Shields,13,73,"Minifig Shields, Weapons, & Tools",Plastic,,Frozen 126-position figure-equipment reconstruction; recognizable figure-scale object retained when no stronger physical family wins
91884,Shield Round with Stud and Raised Rim [Plain],Figure Equipment & Accessories,Shields,14,73,"Minifig Shields, Weapons, & Tools",Plastic,,Frozen 126-position figure-equipment reconstruction; recognizable figure-scale object retained when no stronger physical family wins
92747,Shield Ovoid with Grip [Plain],Figure Equipment & Accessories,Shields,15,73,"Minifig Shields, Weapons, & Tools",Plastic,,Frozen 126-position figure-equipment reconstruction; recognizable figure-scale object retained when no stronger physical family wins
93251,Shield Scarab,Figure Equipment & Accessories,Shields,16,73,"Minifig Shields, Weapons, & Tools",Plastic,,Frozen 126-position figure-equipment reconstruction; recognizable figure-scale object retained when no stronger physical family wins
98367,Shield Rectangular Curved with Stud,Figure Equipment & Accessories,Shields,17,73,"Minifig Shields, Weapons, & Tools",Plastic,,Frozen 126-position figure-equipment reconstruction; recognizable figure-scale object retained when no stronger physical family wins
10172,Equipment Trophy Cup Small,Figure Equipment & Accessories,Household & General Equipment,28,27,Minifig Accessories,Plastic,,Frozen 126-position figure-equipment reconstruction; recognizable figure-scale object retained when no stronger physical family wins
18791,Equipment Shovel Blocky,Figure Equipment & Accessories,Household & General Equipment,29,27,Minifig Accessories,Plastic,,Frozen 126-position figure-equipment reconstruction; recognizable figure-scale object retained when no stronger physical family wins
61482,Equipment Handcuffs,Figure Equipment & Accessories,Household & General Equipment,30,27,Minifig Accessories,Plastic,,Frozen 126-position figure-equipment reconstruction; recognizable figure-scale object retained when no stronger physical family wins
2495,Equipment Hand Truck / Sack Barrow Frame,Figure Equipment & Accessories,Household & General Equipment,31,27,Minifig Accessories,Plastic,,Frozen 126-position figure-equipment reconstruction; recognizable figure-scale object retained when no stronger physical family wins
2542,Equipment Oar / Paddle,Figure Equipment & Accessories,Household & General Equipment,32,27,Minifig Accessories,Plastic,,Frozen 126-position figure-equipment reconstruction; recognizable figure-scale object retained when no stronger physical family wins
25892,Equipment Boomerang,Figure Equipment & Accessories,Household & General Equipment,33,27,Minifig Accessories,Plastic,,Frozen 126-position figure-equipment reconstruction; recognizable figure-scale object retained when no stronger physical family wins
2614a,"Equipment Fishing Rod 12L, Horizontal Line Hole",Figure Equipment & Accessories,Household & General Equipment,34,27,Minifig Accessories,Plastic,,Frozen 126-position figure-equipment reconstruction; recognizable figure-scale object retained when no stronger physical family wins
2665c,"Equipment Rake Head, Nine-Teeth",Figure Equipment & Accessories,Household & General Equipment,35,27,Minifig Accessories,Plastic,,Frozen 126-position figure-equipment reconstruction; recognizable figure-scale object retained when no stronger physical family wins
27150,Equipment Umbrella Folded,Figure Equipment & Accessories,Household & General Equipment,36,27,Minifig Accessories,Plastic,,Frozen 126-position figure-equipment reconstruction; recognizable figure-scale object retained when no stronger physical family wins
29636,Equipment Whisk with Thin Ring,Figure Equipment & Accessories,Household & General Equipment,37,27,Minifig Accessories,Plastic,,Frozen 126-position figure-equipment reconstruction; recognizable figure-scale object retained when no stronger physical family wins
30340,Equipment Flotation Ring [Life Preserver],Figure Equipment & Accessories,Household & General Equipment,38,27,Minifig Accessories,Plastic,,Frozen 126-position figure-equipment reconstruction; recognizable figure-scale object retained when no stronger physical family wins
3836,Equipment Brush / Push Broom,Figure Equipment & Accessories,Household & General Equipment,39,27,Minifig Accessories,Plastic,,Frozen 126-position figure-equipment reconstruction; recognizable figure-scale object retained when no stronger physical family wins
3837,Equipment Shovel [Rounded Handle End],Figure Equipment & Accessories,Household & General Equipment,40,27,Minifig Accessories,Plastic,,Frozen 126-position figure-equipment reconstruction; recognizable figure-scale object retained when no stronger physical family wins
39144,Equipment Megaphone,Figure Equipment & Accessories,Household & General Equipment,41,27,Minifig Accessories,Plastic,,Frozen 126-position figure-equipment reconstruction; recognizable figure-scale object retained when no stronger physical family wins
4094b,"Equipment Umbrella Top with No Bottom Flaps, 6 x 6 with Top Stud",Figure Equipment & Accessories,Household & General Equipment,42,27,Minifig Accessories,Plastic,,Frozen 126-position figure-equipment reconstruction; recognizable figure-scale object retained when no stronger physical family wins
4479,Equipment Metal Detector,Figure Equipment & Accessories,Household & General Equipment,43,27,Minifig Accessories,Plastic,,Frozen 126-position figure-equipment reconstruction; recognizable figure-scale object retained when no stronger physical family wins
4496,"Equipment Pitchfork / Fork, Rounded End",Figure Equipment & Accessories,Household & General Equipment,44,27,Minifig Accessories,Plastic,,Frozen 126-position figure-equipment reconstruction; recognizable figure-scale object retained when no stronger physical family wins
49492,Equipment Shepherd's Crook / Staff,Figure Equipment & Accessories,Household & General Equipment,45,27,Minifig Accessories,Plastic,,Frozen 126-position figure-equipment reconstruction; recognizable figure-scale object retained when no stronger physical family wins
49649,Equipment Shopping Cart,Figure Equipment & Accessories,Household & General Equipment,46,27,Minifig Accessories,Plastic,,Frozen 126-position figure-equipment reconstruction; recognizable figure-scale object retained when no stronger physical family wins
53020,Equipment Medical Syringe with 2 Holes,Figure Equipment & Accessories,Household & General Equipment,47,27,Minifig Accessories,Plastic,,Frozen 126-position figure-equipment reconstruction; recognizable figure-scale object retained when no stronger physical family wins
62698,Equipment Laptop,Figure Equipment & Accessories,Household & General Equipment,48,27,Minifig Accessories,Plastic,,Frozen 126-position figure-equipment reconstruction; recognizable figure-scale object retained when no stronger physical family wins
79736,Equipment Watering Can,Figure Equipment & Accessories,Household & General Equipment,49,27,Minifig Accessories,Plastic,,Frozen 126-position figure-equipment reconstruction; recognizable figure-scale object retained when no stronger physical family wins
10170,Food Pretzel,Figure Equipment & Accessories,Food,1,27,Minifig Accessories,Plastic,,Frozen 126-position figure-equipment reconstruction; recognizable figure-scale object retained when no stronger physical family wins
24946,Food Egg with 1.5mm Hole [Plain],Figure Equipment & Accessories,Food,2,27,Minifig Accessories,Plastic,,Frozen 126-position figure-equipment reconstruction; recognizable figure-scale object retained when no stronger physical family wins
25386,Food Hot Dog Bun,Figure Equipment & Accessories,Food,3,27,Minifig Accessories,Plastic,,Frozen 126-position figure-equipment reconstruction; recognizable figure-scale object retained when no stronger physical family wins
33078,Food Hot Dog / Sausage,Figure Equipment & Accessories,Food,4,27,Minifig Accessories,Plastic,,Frozen 126-position figure-equipment reconstruction; recognizable figure-scale object retained when no stronger physical family wins
33120,Food Ice Cream Cone with Ice Cream,Figure Equipment & Accessories,Food,5,27,Minifig Accessories,Plastic,,Frozen 126-position figure-equipment reconstruction; recognizable figure-scale object retained when no stronger physical family wins
33125,Food Croissant - Rounded Ends,Figure Equipment & Accessories,Food,6,27,Minifig Accessories,Plastic,,Frozen 126-position figure-equipment reconstruction; recognizable figure-scale object retained when no stronger physical family wins
4342,Food Bread,Figure Equipment & Accessories,Food,7,27,Minifig Accessories,Plastic,,Frozen 126-position figure-equipment reconstruction; recognizable figure-scale object retained when no stronger physical family wins
93568,Food Pie,Figure Equipment & Accessories,Food,8,27,Minifig Accessories,Plastic,,Frozen 126-position figure-equipment reconstruction; recognizable figure-scale object retained when no stronger physical family wins
11640,Musical Instrument Guitar Electric [Plain],Figure Equipment & Accessories,Music,1,27,Minifig Accessories,Plastic,,Frozen 126-position figure-equipment reconstruction; recognizable figure-scale object retained when no stronger physical family wins
13808,Musical Instrument Saxophone,Figure Equipment & Accessories,Music,2,27,Minifig Accessories,Plastic,,Frozen 126-position figure-equipment reconstruction; recognizable figure-scale object retained when no stronger physical family wins
5019,"Musical Instrument, Lute, Blocky",Figure Equipment & Accessories,Music,3,27,Minifig Accessories,Plastic,,Frozen 126-position figure-equipment reconstruction; recognizable figure-scale object retained when no stronger physical family wins
5721,"Musical Instrument, Ocarina of Time",Figure Equipment & Accessories,Music,4,27,Minifig Accessories,Plastic,,Frozen 126-position figure-equipment reconstruction; recognizable figure-scale object retained when no stronger physical family wins
69947,Musical Instrument Violin [PLAIN],Figure Equipment & Accessories,Music,5,27,Minifig Accessories,Plastic,,Frozen 126-position figure-equipment reconstruction; recognizable figure-scale object retained when no stronger physical family wins
71342,Musical Instrument Bugle,Figure Equipment & Accessories,Music,6,27,Minifig Accessories,Plastic,,Frozen 126-position figure-equipment reconstruction; recognizable figure-scale object retained when no stronger physical family wins
8039,Musical Instrument Tuba,Figure Equipment & Accessories,Music,7,27,Minifig Accessories,Plastic,,Frozen 126-position figure-equipment reconstruction; recognizable figure-scale object retained when no stronger physical family wins
90370,Musical Instrument Microphone [Plain],Figure Equipment & Accessories,Music,8,27,Minifig Accessories,Plastic,,Frozen 126-position figure-equipment reconstruction; recognizable figure-scale object retained when no stronger physical family wins
11253,Sports Roller Skate,Figure Equipment & Accessories,Sports,7,27,Minifig Accessories,Plastic,,Frozen 126-position figure-equipment reconstruction; recognizable figure-scale object retained when no stronger physical family wins
18746,Sports Snowboard Small,Figure Equipment & Accessories,Sports,8,27,Minifig Accessories,Plastic,,Frozen 126-position figure-equipment reconstruction; recognizable figure-scale object retained when no stronger physical family wins
29596,Sports Barbells [Plain],Figure Equipment & Accessories,Sports,9,27,Minifig Accessories,Plastic,,Frozen 126-position figure-equipment reconstruction; recognizable figure-scale object retained when no stronger physical family wins
42511,Sports Skateboard with Trolley Wheel Holders,Figure Equipment & Accessories,Sports,10,27,Minifig Accessories,Plastic,,Frozen 126-position figure-equipment reconstruction; recognizable figure-scale object retained when no stronger physical family wins
45730,Sports Golf Club / Driver,Figure Equipment & Accessories,Sports,11,27,Minifig Accessories,Plastic,,Frozen 126-position figure-equipment reconstruction; recognizable figure-scale object retained when no stronger physical family wins
53019,Sports Tennis Racket - Round Holes,Figure Equipment & Accessories,Sports,12,27,Minifig Accessories,Plastic,,Frozen 126-position figure-equipment reconstruction; recognizable figure-scale object retained when no stronger physical family wins
64000,"Sports Hockey Stick, Round Shaft",Figure Equipment & Accessories,Sports,13,27,Minifig Accessories,Plastic,,Frozen 126-position figure-equipment reconstruction; recognizable figure-scale object retained when no stronger physical family wins
93216,Sports Tennis Racket,Figure Equipment & Accessories,Sports,14,27,Minifig Accessories,Plastic,,Frozen 126-position figure-equipment reconstruction; recognizable figure-scale object retained when no stronger physical family wins
16877,Animal / Creature Accessory Bridle,Figure Equipment & Accessories,Animal Equipment,1,74,Animal / Creature Accessories,Plastic,,Frozen 126-position figure-equipment reconstruction; recognizable figure-scale object retained when no stronger physical family wins
18306,"Animal / Creature Accessory, Saddle [Two Open O Clips]",Figure Equipment & Accessories,Animal Equipment,2,74,Animal / Creature Accessories,Plastic,,Frozen 126-position figure-equipment reconstruction; recognizable figure-scale object retained when no stronger physical family wins
4309,Equipment Dog Harness,Figure Equipment & Accessories,Animal Equipment,3,74,Animal / Creature Accessories,Plastic,,Frozen 126-position figure-equipment reconstruction; recognizable figure-scale object retained when no stronger physical family wins
4491b,"Animal / Creature Accessory, Saddle [Two Clips]",Figure Equipment & Accessories,Animal Equipment,4,74,Animal / Creature Accessories,Plastic,,Frozen 126-position figure-equipment reconstruction; recognizable figure-scale object retained when no stronger physical family wins
11258,"Hat / Cap, Worker",Figure Wearables,Hats & Headwear,26,65,Minifig Headwear,Plastic,,"Frozen 121-position wearable reconstruction; silhouette/wearable function retained, print/color/character permutations collapsed"
12895,"Hat, Captain's Cap [Plain]",Figure Wearables,Hats & Headwear,27,65,Minifig Headwear,Plastic,,"Frozen 121-position wearable reconstruction; silhouette/wearable function retained, print/color/character permutations collapsed"
13565,"Hat Very Wide Brim, Outback Style [Fedora]",Figure Wearables,Hats & Headwear,28,65,Minifig Headwear,Plastic,,"Frozen 121-position wearable reconstruction; silhouette/wearable function retained, print/color/character permutations collapsed"
13788,Hat Wide Brimmed,Figure Wearables,Hats & Headwear,29,65,Minifig Headwear,Plastic,,"Frozen 121-position wearable reconstruction; silhouette/wearable function retained, print/color/character permutations collapsed"
15424,"Hat, Cowboy [Plain]",Figure Wearables,Hats & Headwear,30,65,Minifig Headwear,Plastic,,"Frozen 121-position wearable reconstruction; silhouette/wearable function retained, print/color/character permutations collapsed"
10907,"Helmet Space with Open Face Rounded, Top Hinge",Figure Wearables,Helmets & Masks,28,65,Minifig Headwear,Plastic,,"Frozen 121-position wearable reconstruction; silhouette/wearable function retained, print/color/character permutations collapsed"
13792,Helmet Welding with Visor [Plain],Figure Wearables,Helmets & Masks,29,65,Minifig Headwear,Plastic,,"Frozen 121-position wearable reconstruction; silhouette/wearable function retained, print/color/character permutations collapsed"
2447,Headwear Accessory Visor For Standard Helmet,Figure Wearables,Headwear Accessories,10,72,Minifig Headwear Accessories,Plastic,,"Frozen 121-position wearable reconstruction; silhouette/wearable function retained, print/color/character permutations collapsed"
30090,Headwear Accessory Visor / Diver's Mask,Figure Wearables,Headwear Accessories,11,72,Minifig Headwear Accessories,Plastic,,"Frozen 121-position wearable reconstruction; silhouette/wearable function retained, print/color/character permutations collapsed"
30170,Headwear Accessory Glasses / Goggles,Figure Wearables,Headwear Accessories,12,72,Minifig Headwear Accessories,Plastic,,"Frozen 121-position wearable reconstruction; silhouette/wearable function retained, print/color/character permutations collapsed"
11255,Hair Long with Curls (Judge's Peruke),Figure Wearables,Hair,20,65,Minifig Headwear,Plastic,,"Frozen 121-position wearable reconstruction; silhouette/wearable function retained, print/color/character permutations collapsed"
12890,Hair Long Smooth,Figure Wearables,Hair,21,65,Minifig Headwear,Plastic,,"Frozen 121-position wearable reconstruction; silhouette/wearable function retained, print/color/character permutations collapsed"
13251,Hair Elaborate Knot Bun,Figure Wearables,Hair,22,65,Minifig Headwear,Plastic,,"Frozen 121-position wearable reconstruction; silhouette/wearable function retained, print/color/character permutations collapsed"
13784,Hair Long with Braided Pigtails,Figure Wearables,Hair,23,65,Minifig Headwear,Plastic,,"Frozen 121-position wearable reconstruction; silhouette/wearable function retained, print/color/character permutations collapsed"
15427,Hair Ponytail Off-center [Plain],Figure Wearables,Hair,24,65,Minifig Headwear,Plastic,,"Frozen 121-position wearable reconstruction; silhouette/wearable function retained, print/color/character permutations collapsed"
16816,"Hipwear Skirt, Long [10mm]",Figure Wearables,Hipwear,7,70,Minifig Hipwear,Cloth,,"Frozen 121-position wearable reconstruction; silhouette/wearable function retained, print/color/character permutations collapsed"
24087,Minifig Hipwear Ruffled Ballerina Tutu [Plain],Figure Wearables,Hipwear,8,70,Minifig Hipwear,Plastic,,"Frozen 121-position wearable reconstruction; silhouette/wearable function retained, print/color/character permutations collapsed"
27145,Minifig Hipwear Utility Belt,Figure Wearables,Hipwear,9,70,Minifig Hipwear,Plastic,,"Frozen 121-position wearable reconstruction; silhouette/wearable function retained, print/color/character permutations collapsed"
32861,"Hipwear Skirt, Flared [Plain]",Figure Wearables,Hipwear,10,70,Minifig Hipwear,Cloth,,"Frozen 121-position wearable reconstruction; silhouette/wearable function retained, print/color/character permutations collapsed"
8011,"Hipwear, Katana Holder / Scabbard",Figure Wearables,Hipwear,11,70,Minifig Hipwear,Plastic,,"Frozen 121-position wearable reconstruction; silhouette/wearable function retained, print/color/character permutations collapsed"
11097,"Minifig Neckwear Armour Shoulder Pads with 1 Stud on Front, 2 Studs on Back",Figure Wearables,"Neckwear, Armor & Packs",7,71,Minifig Neckwear,Plastic,,"Frozen 121-position wearable reconstruction; silhouette/wearable function retained, print/color/character permutations collapsed"
11260,Minifig Neckwear Armour with Square Shoulder Protection (Space) [Plain],Figure Wearables,"Neckwear, Armor & Packs",8,71,Minifig Neckwear,Plastic,,"Frozen 121-position wearable reconstruction; silhouette/wearable function retained, print/color/character permutations collapsed"
12610,Minifig Neckwear Turtle Shell with Horizontal and Diagonal Belt [Plain],Figure Wearables,"Neckwear, Armor & Packs",9,71,Minifig Neckwear,Plastic,,"Frozen 121-position wearable reconstruction; silhouette/wearable function retained, print/color/character permutations collapsed"
12897,Minifig Neckwear Backpack Skydiver,Figure Wearables,"Neckwear, Armor & Packs",10,71,Minifig Neckwear,Plastic,,"Frozen 121-position wearable reconstruction; silhouette/wearable function retained, print/color/character permutations collapsed"
15406,Minifig Neckwear Backpack with Horizontal Pin Hole,Figure Wearables,"Neckwear, Armor & Packs",11,71,Minifig Neckwear,Plastic,,"Frozen 121-position wearable reconstruction; silhouette/wearable function retained, print/color/character permutations collapsed"
15428,Minifig Neckwear Hood Folded Down,Figure Wearables,"Neckwear, Armor & Packs",12,71,Minifig Neckwear,Rubber,,"Frozen 121-position wearable reconstruction; silhouette/wearable function retained, print/color/character permutations collapsed"
15501,"Minifig Neckwear Beard, Short",Figure Wearables,"Neckwear, Armor & Packs",13,71,Minifig Neckwear,Plastic,,"Frozen 121-position wearable reconstruction; silhouette/wearable function retained, print/color/character permutations collapsed"
15619,Minifig Neckwear Bandana (Ninjago),Figure Wearables,"Neckwear, Armor & Packs",14,71,Minifig Neckwear,Plastic,,"Frozen 121-position wearable reconstruction; silhouette/wearable function retained, print/color/character permutations collapsed"
18827,Minifig Neckwear Armor Space with Shoulder Protection and 2 Clips [Plain],Figure Wearables,"Neckwear, Armor & Packs",15,71,Minifig Neckwear,Plastic,,"Frozen 121-position wearable reconstruction; silhouette/wearable function retained, print/color/character permutations collapsed"
15210,Road Sign Clip-on 2 x 2 Square [Thick Open O Clip],Decorative & Specialty Elements,Flags & Signs,6,38,"Flags, Banners and Signs",Plastic,,Frozen 69-position specialty reconstruction; positive generic ornament/effect identity required; Specialty is not a fallback
2038,Road Sign Round on Pole [Fabuland],Decorative & Specialty Elements,Flags & Signs,7,38,"Flags, Banners and Signs",Plastic,,Frozen 69-position specialty reconstruction; positive generic ornament/effect identity required; Specialty is not a fallback
2525,Flag 6 x 4 with O-Clips,Decorative & Specialty Elements,Flags & Signs,8,38,"Flags, Banners and Signs",Plastic,,Frozen 69-position specialty reconstruction; positive generic ornament/effect identity required; Specialty is not a fallback
30258,Road Sign Clip-on 2 x 2 Square,Decorative & Specialty Elements,Flags & Signs,9,38,"Flags, Banners and Signs",Plastic,,Frozen 69-position specialty reconstruction; positive generic ornament/effect identity required; Specialty is not a fallback
30259,Road Sign Clip-on 2.2 x 2.667 Triangular,Decorative & Specialty Elements,Flags & Signs,10,38,"Flags, Banners and Signs",Plastic,,Frozen 69-position specialty reconstruction; positive generic ornament/effect identity required; Specialty is not a fallback
30261,Road Sign Clip-on 2 x 2 Round,Decorative & Specialty Elements,Flags & Signs,11,38,"Flags, Banners and Signs",Plastic,,Frozen 69-position specialty reconstruction; positive generic ornament/effect identity required; Specialty is not a fallback
30292,Flag 7 x 3 with Rod,Decorative & Specialty Elements,Flags & Signs,12,38,"Flags, Banners and Signs",Plastic,,Frozen 69-position specialty reconstruction; positive generic ornament/effect identity required; Specialty is not a fallback
3350,Road Sign Round,Decorative & Specialty Elements,Flags & Signs,13,38,"Flags, Banners and Signs",Plastic,,Frozen 69-position specialty reconstruction; positive generic ornament/effect identity required; Specialty is not a fallback
3351a,Road Sign Triangular Type 1,Decorative & Specialty Elements,Flags & Signs,14,38,"Flags, Banners and Signs",Plastic,,Frozen 69-position specialty reconstruction; positive generic ornament/effect identity required; Specialty is not a fallback
3897,Road Sign Wide Rectangle,Decorative & Specialty Elements,Flags & Signs,15,38,"Flags, Banners and Signs",Plastic,,Frozen 69-position specialty reconstruction; positive generic ornament/effect identity required; Specialty is not a fallback
44676,Flag 2 x 2 Trapezoid with Flat Area between Clips,Decorative & Specialty Elements,Flags & Signs,16,38,"Flags, Banners and Signs",Plastic,,Frozen 69-position specialty reconstruction; positive generic ornament/effect identity required; Specialty is not a fallback
4495a,Flag 4 x 1 Wavy [First Wave Left],Decorative & Specialty Elements,Flags & Signs,17,38,"Flags, Banners and Signs",Plastic,,Frozen 69-position specialty reconstruction; positive generic ornament/effect identity required; Specialty is not a fallback
25895,"Web Effect, Half-Cone Shaped",Decorative & Specialty Elements,Webs,5,74,Animal / Creature Accessories,Plastic,,Frozen 69-position specialty reconstruction; positive generic ornament/effect identity required; Specialty is not a fallback
36083a,Web Effect Long and Narrow Bars at Both Ends,Decorative & Specialty Elements,Webs,6,74,Animal / Creature Accessories,Plastic,,Frozen 69-position specialty reconstruction; positive generic ornament/effect identity required; Specialty is not a fallback
36083b,Web Effect Handcuffs,Decorative & Specialty Elements,Webs,7,74,Animal / Creature Accessories,Plastic,,Frozen 69-position specialty reconstruction; positive generic ornament/effect identity required; Specialty is not a fallback
36083c,Web Effect Medium Bar on Back,Decorative & Specialty Elements,Webs,8,74,Animal / Creature Accessories,Plastic,,Frozen 69-position specialty reconstruction; positive generic ornament/effect identity required; Specialty is not a fallback
36083d,Web Effect Small Short Bar on Front and Back,Decorative & Specialty Elements,Webs,9,74,Animal / Creature Accessories,Plastic,,Frozen 69-position specialty reconstruction; positive generic ornament/effect identity required; Specialty is not a fallback
36083e,Web Effect Large Bar on Back Handles on Sides,Decorative & Specialty Elements,Webs,10,74,Animal / Creature Accessories,Plastic,,Frozen 69-position specialty reconstruction; positive generic ornament/effect identity required; Specialty is not a fallback
36083f,Web Effect Two Branches Bars on Each End,Decorative & Specialty Elements,Webs,11,74,Animal / Creature Accessories,Plastic,,Frozen 69-position specialty reconstruction; positive generic ornament/effect identity required; Specialty is not a fallback
3473a,"Wave / Power Burst / Flame / Magic Spell Effect, Splash Stretched with Bar",Decorative & Specialty Elements,Flames & Fire,12,69,Energy Effects,Plastic,,Frozen 69-position specialty reconstruction; positive generic ornament/effect identity required; Specialty is not a fallback
3473b,"Wave / Power Burst / Flame / Magic Spell Effect, Splash Round with Bar",Decorative & Specialty Elements,Flames & Fire,13,69,Energy Effects,Plastic,,Frozen 69-position specialty reconstruction; positive generic ornament/effect identity required; Specialty is not a fallback
3473c,"Wave / Power Burst / Flame / Magic Spell Effect, Shirly Stream with 2 Bars",Decorative & Specialty Elements,Flames & Fire,14,69,Energy Effects,Plastic,,Frozen 69-position specialty reconstruction; positive generic ornament/effect identity required; Specialty is not a fallback
3473d,"Wave / Power Burst / Flame / Magic Spell Effect, Lightning Stream with 2 Bars",Decorative & Specialty Elements,Flames & Fire,15,69,Energy Effects,Plastic,,Frozen 69-position specialty reconstruction; positive generic ornament/effect identity required; Specialty is not a fallback
3473e,"Wave / Power Burst / Flame / Magic Spell Effect, Large Dish with Splash with Stud",Decorative & Specialty Elements,Flames & Fire,16,69,Energy Effects,Plastic,,Frozen 69-position specialty reconstruction; positive generic ornament/effect identity required; Specialty is not a fallback
3473f,"Wave / Power Burst / Flame / Magic Spell Effect, Large Dish with Stud",Decorative & Specialty Elements,Flames & Fire,17,69,Energy Effects,Plastic,,Frozen 69-position specialty reconstruction; positive generic ornament/effect identity required; Specialty is not a fallback
35032a,Wave / Power Burst / Flame Blaster with Handle,Decorative & Specialty Elements,Flames & Fire,18,69,Energy Effects,Plastic,,Frozen 69-position specialty reconstruction; positive generic ornament/effect identity required; Specialty is not a fallback
35032b,"Wave / Power Burst / Flame, Bolt Large with Bar Ends",Decorative & Specialty Elements,Flames & Fire,19,69,Energy Effects,Plastic,,Frozen 69-position specialty reconstruction; positive generic ornament/effect identity required; Specialty is not a fallback
35032c,"Wave / Power Burst / Flame, Bolt Small with Bar Ends",Decorative & Specialty Elements,Flames & Fire,20,69,Energy Effects,Plastic,,Frozen 69-position specialty reconstruction; positive generic ornament/effect identity required; Specialty is not a fallback
35032d,"Wave / Power Burst / Flame, Bolt Spiral with Bar Ends",Decorative & Specialty Elements,Flames & Fire,21,69,Energy Effects,Plastic,,Frozen 69-position specialty reconstruction; positive generic ornament/effect identity required; Specialty is not a fallback
35032e,"Wave / Power Burst / Flame, Shield Large with Bar End",Decorative & Specialty Elements,Flames & Fire,22,69,Energy Effects,Plastic,,Frozen 69-position specialty reconstruction; positive generic ornament/effect identity required; Specialty is not a fallback
35032f,"Wave / Power Burst / Flame, Shield Small with Bar Ends",Decorative & Specialty Elements,Flames & Fire,23,69,Energy Effects,Plastic,,Frozen 69-position specialty reconstruction; positive generic ornament/effect identity required; Specialty is not a fallback
11302,"Large Figure Weapon Accessory, Flame / Lightning Bolt with Axle Hole",Decorative & Specialty Elements,Flames & Fire,24,69,Energy Effects,Plastic,,Frozen 69-position specialty reconstruction; positive generic ornament/effect identity required; Specialty is not a fallback
32558,"Large Figure Weapon Sword, Toa Flame 2 x 12 with Two Holes",Decorative & Specialty Elements,Flames & Fire,25,69,Energy Effects,Plastic,,Frozen 69-position specialty reconstruction; positive generic ornament/effect identity required; Specialty is not a fallback
32358,"Technic Disc 5 x 5 Notched, Flame [Plain]",Decorative & Specialty Elements,Flames & Fire,26,26,Technic Special,Plastic,,Frozen 69-position specialty reconstruction; positive generic ornament/effect identity required; Specialty is not a fallback
65416,Brake Disc 6 x 6,Steering & Suspension,CV Joints & Drive,11,29,Wheels and Tyres,Plastic,,Technical reconciliation v0.17; restored frozen steering addition
43464,"Technic, Steering Arm 3 x 4 T-Shape with 3 Pin Holes and 2 Axle Holes",Steering & Suspension,"Steering Arms, Racks & Geometry",23,55,Technic Beams Special,Plastic,,Technical reconciliation v0.17; restored frozen steering addition
85940,Technic Pin Connector Double with Bar [2 Holes],"Technic Axles, Pins & Connectors",Connectors,94,55,Technic Beams Special,Plastic,,Technical reconciliation v0.17; restored frozen connector addition. 90202 transferred out because clip identity dominates.
90202,Technic Pin Connector Round with 4 Clips,"Clips, Bars & Handles",Clips,19,12,Technic Connectors,Plastic,,Cross-catalog sanity v0.18; clip function dominates loose-part identity despite Technic source category.
15706,Wedge Plate 4 Stud 45° Angle Plate,Plates,Wedged,1,49,Plates Wedged,Plastic,,v0.19 Wedged Plates reconstruction; distinct visible profile retained; boat-bow forms remain Transportation - Sea.
2419,Wedge Plate 3 x 6 Cut Corners,Plates,Wedged,2,49,Plates Wedged,Plastic,,v0.19 Wedged Plates reconstruction; distinct visible profile retained; boat-bow forms remain Transportation - Sea.
24299,Wedge Plate 2 x 2 Left,Plates,Wedged,3,49,Plates Wedged,Plastic,,v0.19 Wedged Plates reconstruction; distinct visible profile retained; boat-bow forms remain Transportation - Sea.
24307,Wedge Plate 2 x 2 Right,Plates,Wedged,4,49,Plates Wedged,Plastic,,v0.19 Wedged Plates reconstruction; distinct visible profile retained; boat-bow forms remain Transportation - Sea.
2450,Wedge Plate 3 x 3 Cut Corner,Plates,Wedged,5,49,Plates Wedged,Plastic,,v0.19 Wedged Plates reconstruction; distinct visible profile retained; boat-bow forms remain Transportation - Sea.
26601,Wedge Plate 2 x 2 Cut Corner,Plates,Wedged,6,49,Plates Wedged,Plastic,,v0.19 Wedged Plates reconstruction; distinct visible profile retained; boat-bow forms remain Transportation - Sea.
30355,Wedge Plate 6 x 12 Left,Plates,Wedged,7,49,Plates Wedged,Plastic,,v0.19 Wedged Plates reconstruction; distinct visible profile retained; boat-bow forms remain Transportation - Sea.
30356,Wedge Plate 6 x 12 Right,Plates,Wedged,8,49,Plates Wedged,Plastic,,v0.19 Wedged Plates reconstruction; distinct visible profile retained; boat-bow forms remain Transportation - Sea.
30503,Wedge Plate 4 x 4 Cut Corner,Plates,Wedged,9,49,Plates Wedged,Plastic,,v0.19 Wedged Plates reconstruction; distinct visible profile retained; boat-bow forms remain Transportation - Sea.
30504,Wedge Plate 8 x 8 Cut Corner,Plates,Wedged,10,49,Plates Wedged,Plastic,,v0.19 Wedged Plates reconstruction; distinct visible profile retained; boat-bow forms remain Transportation - Sea.
32059,Wedge Plate 4 x 6 Cut Corners,Plates,Wedged,11,49,Plates Wedged,Plastic,,v0.19 Wedged Plates reconstruction; distinct visible profile retained; boat-bow forms remain Transportation - Sea.
3474,Wedge Plate 4 x 8 Tail,Plates,Wedged,12,49,Plates Wedged,Plastic,,v0.19 Wedged Plates reconstruction; distinct visible profile retained; boat-bow forms remain Transportation - Sea.
3544,"Wedge Plate 8 x 3, 8° Left",Plates,Wedged,13,49,Plates Wedged,Plastic,,v0.19 Wedged Plates reconstruction; distinct visible profile retained; boat-bow forms remain Transportation - Sea.
3545,"Wedge Plate 8 x 3, 8° Right",Plates,Wedged,14,49,Plates Wedged,Plastic,,v0.19 Wedged Plates reconstruction; distinct visible profile retained; boat-bow forms remain Transportation - Sea.
3585,"Wedge, Plate 7 x 12 Wing Right",Plates,Wedged,15,49,Plates Wedged,Plastic,,v0.19 Wedged Plates reconstruction; distinct visible profile retained; boat-bow forms remain Transportation - Sea.
3586,"Wedge, Plate 7 x 12 Wing Left",Plates,Wedged,16,49,Plates Wedged,Plastic,,v0.19 Wedged Plates reconstruction; distinct visible profile retained; boat-bow forms remain Transportation - Sea.
3933,Wedge Plate 8 x 4 Wing Left,Plates,Wedged,17,49,Plates Wedged,Plastic,,v0.19 Wedged Plates reconstruction; distinct visible profile retained; boat-bow forms remain Transportation - Sea.
3934,Wedge Plate 8 x 4 Wing Right with Stud Notch,Plates,Wedged,18,49,Plates Wedged,Plastic,,v0.19 Wedged Plates reconstruction; distinct visible profile retained; boat-bow forms remain Transportation - Sea.
3935,Wedge Plate 4 x 4 Wing Right,Plates,Wedged,19,49,Plates Wedged,Plastic,,v0.19 Wedged Plates reconstruction; distinct visible profile retained; boat-bow forms remain Transportation - Sea.
3936,Wedge Plate 4 x 4 Wing Left,Plates,Wedged,20,49,Plates Wedged,Plastic,,v0.19 Wedged Plates reconstruction; distinct visible profile retained; boat-bow forms remain Transportation - Sea.
41769,Wedge Plate 4 x 2 Right,Plates,Wedged,21,49,Plates Wedged,Plastic,,v0.19 Wedged Plates reconstruction; distinct visible profile retained; boat-bow forms remain Transportation - Sea.
41770,Wedge Plate 4 x 2 Left,Plates,Wedged,22,49,Plates Wedged,Plastic,,v0.19 Wedged Plates reconstruction; distinct visible profile retained; boat-bow forms remain Transportation - Sea.
43719,Wedge Plate 4 x 4 with 2 x 2 Cutout,Plates,Wedged,23,49,Plates Wedged,Plastic,,v0.19 Wedged Plates reconstruction; distinct visible profile retained; boat-bow forms remain Transportation - Sea.
43722,Wedge Plate 3 x 2 Right,Plates,Wedged,24,49,Plates Wedged,Plastic,,v0.19 Wedged Plates reconstruction; distinct visible profile retained; boat-bow forms remain Transportation - Sea.
43723,Wedge Plate 3 x 2 Left,Plates,Wedged,25,49,Plates Wedged,Plastic,,v0.19 Wedged Plates reconstruction; distinct visible profile retained; boat-bow forms remain Transportation - Sea.
4475,"Wedge, Plate 8 x 8 with 4 x 4 Cutout",Plates,Wedged,26,49,Plates Wedged,Plastic,,v0.19 Wedged Plates reconstruction; distinct visible profile retained; boat-bow forms remain Transportation - Sea.
47397,Wedge Plate 12 x 3 Left,Plates,Wedged,27,49,Plates Wedged,Plastic,,v0.19 Wedged Plates reconstruction; distinct visible profile retained; boat-bow forms remain Transportation - Sea.
47398,Wedge Plate 12 x 3 Right,Plates,Wedged,28,49,Plates Wedged,Plastic,,v0.19 Wedged Plates reconstruction; distinct visible profile retained; boat-bow forms remain Transportation - Sea.
47407,Wedge Plate 4 x 6,Plates,Wedged,29,49,Plates Wedged,Plastic,,v0.19 Wedged Plates reconstruction; distinct visible profile retained; boat-bow forms remain Transportation - Sea.
48205,Wedge Plate 6 x 4 Right,Plates,Wedged,30,49,Plates Wedged,Plastic,,v0.19 Wedged Plates reconstruction; distinct visible profile retained; boat-bow forms remain Transportation - Sea.
48208,Wedge Plate 6 x 4 Left,Plates,Wedged,31,49,Plates Wedged,Plastic,,v0.19 Wedged Plates reconstruction; distinct visible profile retained; boat-bow forms remain Transportation - Sea.
50304,"Wedge Plate 8 x 3, 22° Right",Plates,Wedged,32,49,Plates Wedged,Plastic,,v0.19 Wedged Plates reconstruction; distinct visible profile retained; boat-bow forms remain Transportation - Sea.
50305,"Wedge Plate 8 x 3, 22° Left",Plates,Wedged,33,49,Plates Wedged,Plastic,,v0.19 Wedged Plates reconstruction; distinct visible profile retained; boat-bow forms remain Transportation - Sea.
51739,Wedge Plate 2 x 4,Plates,Wedged,34,49,Plates Wedged,Plastic,,v0.19 Wedged Plates reconstruction; distinct visible profile retained; boat-bow forms remain Transportation - Sea.
54383,Wedge Plate 6 x 3 Right,Plates,Wedged,35,49,Plates Wedged,Plastic,,v0.19 Wedged Plates reconstruction; distinct visible profile retained; boat-bow forms remain Transportation - Sea.
54384,Wedge Plate 6 x 3 Left,Plates,Wedged,36,49,Plates Wedged,Plastic,,v0.19 Wedged Plates reconstruction; distinct visible profile retained; boat-bow forms remain Transportation - Sea.
6106,Wedge Plate 6 x 6 Cut Corner,Plates,Wedged,37,49,Plates Wedged,Plastic,,v0.19 Wedged Plates reconstruction; distinct visible profile retained; boat-bow forms remain Transportation - Sea.
65426,Wedge Plate 2 x 4 27° Right,Plates,Wedged,38,49,Plates Wedged,Plastic,,v0.19 Wedged Plates reconstruction; distinct visible profile retained; boat-bow forms remain Transportation - Sea.
65429,Wedge Plate 2 x 4 27° Left,Plates,Wedged,39,49,Plates Wedged,Plastic,,v0.19 Wedged Plates reconstruction; distinct visible profile retained; boat-bow forms remain Transportation - Sea.
68297,Wedge Plate 4 x 8 Cut Corners,Plates,Wedged,40,49,Plates Wedged,Plastic,,v0.19 Wedged Plates reconstruction; distinct visible profile retained; boat-bow forms remain Transportation - Sea.
11399,Plate Special 4 x 4 with Clips Horizontal (thick open O clips),Plates,Special,39,9,Plates Special,Plastic,,v0.19 structural return from Clips; plate identity dominates clip/handle feature.
66961,Plate Special 2 x 2 with 4 Side Handles Closed Ends,Plates,Special,40,9,Plates Special,Plastic,,v0.19 structural return from Clips; plate identity dominates clip/handle feature.
66252,Plate Special 4 x 4 with Studs on Edges and Clips Horizontal,Plates,Special,41,9,Plates Special,Plastic,,v0.19 structural return from Clips; plate identity dominates clip/handle feature.
11211,Brick Special 1 x 2 with 2 Studs on 1 Side,Bricks,Special,1,5,Bricks Special,Plastic,,v0.20 Bricks Special reconstruction; dominant brick identity retained; stronger Bracket/Clip/Vehicle/Mechanical families excluded.
14520,Brick Special 2 x 4 - 1 x 4 with 2 Recessed Studs and Thin Side Arches,Bricks,Special,2,5,Bricks Special,Plastic,,v0.20 Bricks Special reconstruction; dominant brick identity retained; stronger Bracket/Clip/Vehicle/Mechanical families excluded.
15533,Brick Special 1 x 4 with Masonry Brick Profile,Bricks,Special,3,5,Bricks Special,Plastic,,v0.20 Bricks Special reconstruction; dominant brick identity retained; stronger Bracket/Clip/Vehicle/Mechanical families excluded.
20310,Brick Special 1 x 1 with Scroll with Open Stud,Bricks,Special,4,5,Bricks Special,Plastic,,v0.20 Bricks Special reconstruction; dominant brick identity retained; stronger Bracket/Clip/Vehicle/Mechanical families excluded.
22885,Brick Special 1 x 2 x 1 2/3 with 4 Studs on 1 Side,Bricks,Special,5,5,Bricks Special,Plastic,,v0.20 Bricks Special reconstruction; dominant brick identity retained; stronger Bracket/Clip/Vehicle/Mechanical families excluded.
2434,Brick Special 2 x 4 x 2 with Studs on Sides,Bricks,Special,6,5,Bricks Special,Plastic,,v0.20 Bricks Special reconstruction; dominant brick identity retained; stronger Bracket/Clip/Vehicle/Mechanical families excluded.
2458,Brick Special 1 x 2 with Pin,Bricks,Special,7,5,Bricks Special,Plastic,,v0.20 Bricks Special reconstruction; dominant brick identity retained; stronger Bracket/Clip/Vehicle/Mechanical families excluded.
2653,Brick Special 1 x 4 with Groove,Bricks,Special,8,5,Bricks Special,Plastic,,v0.20 Bricks Special reconstruction; dominant brick identity retained; stronger Bracket/Clip/Vehicle/Mechanical families excluded.
26597,Brick Special 1 x 2 with Vertical Closed Handle Inset from Edge,Bricks,Special,9,5,Bricks Special,Plastic,,v0.20 Bricks Special reconstruction; dominant brick identity retained; stronger Bracket/Clip/Vehicle/Mechanical families excluded.
26604,Brick Special 1 x 1 with Studs on 2 Adjacent Sides,Bricks,Special,10,5,Bricks Special,Plastic,,v0.20 Bricks Special reconstruction; dominant brick identity retained; stronger Bracket/Clip/Vehicle/Mechanical families excluded.
2877,Brick Special 1 x 2 with Grille,Bricks,Special,11,5,Bricks Special,Plastic,,v0.20 Bricks Special reconstruction; dominant brick identity retained; stronger Bracket/Clip/Vehicle/Mechanical families excluded.
2921,Brick Special 1 x 1 with Handle,Bricks,Special,12,5,Bricks Special,Plastic,,v0.20 Bricks Special reconstruction; dominant brick identity retained; stronger Bracket/Clip/Vehicle/Mechanical families excluded.
30136,Brick Special 1 x 2 Palisade [aka Log],Bricks,Special,13,5,Bricks Special,Plastic,,v0.20 Bricks Special reconstruction; dominant brick identity retained; stronger Bracket/Clip/Vehicle/Mechanical families excluded.
30137,Brick Special 1 x 4 Palisade [aka Log],Bricks,Special,14,5,Bricks Special,Plastic,,v0.20 Bricks Special reconstruction; dominant brick identity retained; stronger Bracket/Clip/Vehicle/Mechanical families excluded.
30236,Brick Special 1 x 2 with Handle,Bricks,Special,15,5,Bricks Special,Plastic,,v0.20 Bricks Special reconstruction; dominant brick identity retained; stronger Bracket/Clip/Vehicle/Mechanical families excluded.
30414,Brick Special 1 x 4 with 4 Studs on One Side,Bricks,Special,16,5,Bricks Special,Plastic,,v0.20 Bricks Special reconstruction; dominant brick identity retained; stronger Bracket/Clip/Vehicle/Mechanical families excluded.
3134a,Brick Special 1 x 2 with Cable Holding Rounded Cutout,Bricks,Special,17,5,Bricks Special,Plastic,,v0.20 Bricks Special reconstruction; dominant brick identity retained; stronger Bracket/Clip/Vehicle/Mechanical families excluded.
32952,Brick Special 1 x 1 x 1 2/3 with Studs on 1 Side,Bricks,Special,18,5,Bricks Special,Plastic,,v0.20 Bricks Special reconstruction; dominant brick identity retained; stronger Bracket/Clip/Vehicle/Mechanical families excluded.
34816,Brick Special 1 x 2 with Vertical Closed Handle on Edge,Bricks,Special,19,5,Bricks Special,Plastic,,v0.20 Bricks Special reconstruction; dominant brick identity retained; stronger Bracket/Clip/Vehicle/Mechanical families excluded.
3581,Brick Special 1 x 1 x 2 with Shutter Holder,Bricks,Special,20,5,Bricks Special,Plastic,,v0.20 Bricks Special reconstruction; dominant brick identity retained; stronger Bracket/Clip/Vehicle/Mechanical families excluded.
39789,Brick Special 2 x 4 with 3 Axle Holes,Bricks,Special,21,5,Bricks Special,Plastic,,v0.20 Bricks Special reconstruction; dominant brick identity retained; stronger Bracket/Clip/Vehicle/Mechanical families excluded.
4070,Brick Special 1 x 1 with Headlight,Bricks,Special,22,5,Bricks Special,Plastic,,v0.20 Bricks Special reconstruction; dominant brick identity retained; stronger Bracket/Clip/Vehicle/Mechanical families excluded.
4216,Brick Special 1 x 2 with Groove,Bricks,Special,23,5,Bricks Special,Plastic,,v0.20 Bricks Special reconstruction; dominant brick identity retained; stronger Bracket/Clip/Vehicle/Mechanical families excluded.
44865,Brick Special 1 x 2 with Pin - Bottom Stud Holder,Bricks,Special,24,5,Bricks Special,Plastic,,v0.20 Bricks Special reconstruction; dominant brick identity retained; stronger Bracket/Clip/Vehicle/Mechanical families excluded.
4595,Brick Special 1 x 2 x 2/3 with Studs on Sides,Bricks,Special,25,5,Bricks Special,Plastic,,v0.20 Bricks Special reconstruction; dominant brick identity retained; stronger Bracket/Clip/Vehicle/Mechanical families excluded.
4729,"Brick Special 2 x 2 No Studs, Top Pin",Bricks,Special,26,5,Bricks Special,Plastic,,v0.20 Bricks Special reconstruction; dominant brick identity retained; stronger Bracket/Clip/Vehicle/Mechanical families excluded.
4730,Brick Special 2 x 2 with Pin and No Axle Hole,Bricks,Special,27,5,Bricks Special,Plastic,,v0.20 Bricks Special reconstruction; dominant brick identity retained; stronger Bracket/Clip/Vehicle/Mechanical families excluded.
4733,Brick Special 1 x 1 Studs on 4 Sides,Bricks,Special,28,5,Bricks Special,Plastic,,v0.20 Bricks Special reconstruction; dominant brick identity retained; stronger Bracket/Clip/Vehicle/Mechanical families excluded.
47905,Brick Special 1 x 1 with Studs on 2 Sides,Bricks,Special,29,5,Bricks Special,Plastic,,v0.20 Bricks Special reconstruction; dominant brick identity retained; stronger Bracket/Clip/Vehicle/Mechanical families excluded.
4920,Brick Special 1 x 2 with Rotation Joint Pin,Bricks,Special,30,5,Bricks Special,Plastic,,v0.20 Bricks Special reconstruction; dominant brick identity retained; stronger Bracket/Clip/Vehicle/Mechanical families excluded.
52038,Brick Special 2 x 4 - 1 x 4 with 2 Recessed Studs and Thick Side Arches,Bricks,Special,31,5,Bricks Special,Plastic,,v0.20 Bricks Special reconstruction; dominant brick identity retained; stronger Bracket/Clip/Vehicle/Mechanical families excluded.
52107,Brick Special 1 x 2 with Studs on 2 Sides,Bricks,Special,32,5,Bricks Special,Plastic,,v0.20 Bricks Special reconstruction; dominant brick identity retained; stronger Bracket/Clip/Vehicle/Mechanical families excluded.
53540,"Brick Special 1 x 2 with 2 Pins, Square Pin Holes",Bricks,Special,33,5,Bricks Special,Plastic,,v0.20 Bricks Special reconstruction; dominant brick identity retained; stronger Bracket/Clip/Vehicle/Mechanical families excluded.
6032,Brick Special Octagonal 2 x 3 x 1 2/3 Sloped,Bricks,Special,34,5,Bricks Special,Plastic,,v0.20 Bricks Special reconstruction; dominant brick identity retained; stronger Bracket/Clip/Vehicle/Mechanical families excluded.
6037,Brick Special Octagonal 2 x 2 x 3 1/3,Bricks,Special,35,5,Bricks Special,Plastic,,v0.20 Bricks Special reconstruction; dominant brick identity retained; stronger Bracket/Clip/Vehicle/Mechanical families excluded.
6042,Brick Special Octagonal 2 x 2 x 3 1/3 with Side Studs,Bricks,Special,36,5,Bricks Special,Plastic,,v0.20 Bricks Special reconstruction; dominant brick identity retained; stronger Bracket/Clip/Vehicle/Mechanical families excluded.
6043,Brick Special Octagonal 2 x 2 x 3 1/3 Corner,Bricks,Special,37,5,Bricks Special,Plastic,,v0.20 Bricks Special reconstruction; dominant brick identity retained; stronger Bracket/Clip/Vehicle/Mechanical families excluded.
6056,Brick Special 2 x 2 x 6 with Groove,Bricks,Special,38,5,Bricks Special,Plastic,,v0.20 Bricks Special reconstruction; dominant brick identity retained; stronger Bracket/Clip/Vehicle/Mechanical families excluded.
6061b,"Brick 2 x 4 x 2 with Holes on Sides, Reinforced Supports between Tubes",Bricks,Special,39,5,Bricks Special,Plastic,,v0.20 Bricks Special reconstruction; dominant brick identity retained; stronger Bracket/Clip/Vehicle/Mechanical families excluded.
6232,Brick Special 2 x 2 with Pin and Axle Hole,Bricks,Special,40,5,Bricks Special,Plastic,,v0.20 Bricks Special reconstruction; dominant brick identity retained; stronger Bracket/Clip/Vehicle/Mechanical families excluded.
6249,Brick Special 2 x 4 with Pins,Bricks,Special,41,5,Bricks Special,Plastic,,v0.20 Bricks Special reconstruction; dominant brick identity retained; stronger Bracket/Clip/Vehicle/Mechanical families excluded.
66855,Brick Special Cube with 2 x 2 Studs on Top [Plain],Bricks,Special,42,5,Bricks Special,Plastic,,v0.20 Bricks Special reconstruction; dominant brick identity retained; stronger Bracket/Clip/Vehicle/Mechanical families excluded.
67329,Brick Special 1 x 2 x 1 2/3 with 8 Studs on 3 Sides,Bricks,Special,43,5,Bricks Special,Plastic,,v0.20 Bricks Special reconstruction; dominant brick identity retained; stronger Bracket/Clip/Vehicle/Mechanical families excluded.
7133,"Brick Special 1 x 2 with 1 Center Stud on 1 Side, No Bottom Stud Holder",Bricks,Special,44,5,Bricks Special,Plastic,,v0.20 Bricks Special reconstruction; dominant brick identity retained; stronger Bracket/Clip/Vehicle/Mechanical families excluded.
7246,Brick Round Half 2 x 2 x 2 with 4 Studs on Side,Bricks,Special,45,5,Bricks Special,Plastic,,v0.20 Bricks Special reconstruction; dominant brick identity retained; stronger Bracket/Clip/Vehicle/Mechanical families excluded.
73764,Brick Special 2 x 2 x 1 2/3 with Worm Gear Hole,Bricks,Special,46,5,Bricks Special,Plastic,,v0.20 Bricks Special reconstruction; dominant brick identity retained; stronger Bracket/Clip/Vehicle/Mechanical families excluded.
7729,Brick Special 1 x 1 x 1 2/3 with 6 Studs on 3 Sides,Bricks,Special,47,5,Bricks Special,Plastic,,v0.20 Bricks Special reconstruction; dominant brick identity retained; stronger Bracket/Clip/Vehicle/Mechanical families excluded.
77808,Brick Special 1 x 2 Rounded with Center Bars,Bricks,Special,48,5,Bricks Special,Plastic,,v0.20 Bricks Special reconstruction; dominant brick identity retained; stronger Bracket/Clip/Vehicle/Mechanical families excluded.
15444,Brick Special 1 x 1 x 2 with Extra Tube Side [Piece of Resistance],Bricks,Special,49,5,Bricks Special,Plastic,,v0.20 Bricks Special reconstruction; dominant brick identity retained; stronger Bracket/Clip/Vehicle/Mechanical families excluded.
79897,"Brick Special 2 x 5 with Slope, Studs on Side",Bricks,Special,50,5,Bricks Special,Plastic,,v0.20 Bricks Special reconstruction; dominant brick identity retained; stronger Bracket/Clip/Vehicle/Mechanical families excluded.
80431,Brick Special 1 x 2 x 1 1/3 with Rotation Joint Socket,Bricks,Special,51,5,Bricks Special,Plastic,,v0.20 Bricks Special reconstruction; dominant brick identity retained; stronger Bracket/Clip/Vehicle/Mechanical families excluded.
80796,Brick Special 1 x 2 x 1 2/3 with 8 Studs on 2 Sides,Bricks,Special,52,5,Bricks Special,Plastic,,v0.20 Bricks Special reconstruction; dominant brick identity retained; stronger Bracket/Clip/Vehicle/Mechanical families excluded.
84866,"Brick Special Round, Curved Sides 4 x 4 x 1 1/3 with Pin Holes, 2 x 2 Recessed Studs",Bricks,Special,53,5,Bricks Special,Plastic,,v0.20 Bricks Special reconstruction; dominant brick identity retained; stronger Bracket/Clip/Vehicle/Mechanical families excluded.
86876,"Brick Special 1 x 2 with 1 Center Stud on 1 Side, Bottom Stud Holder",Bricks,Special,54,5,Bricks Special,Plastic,,v0.20 Bricks Special reconstruction; dominant brick identity retained; stronger Bracket/Clip/Vehicle/Mechanical families excluded.
87087,Brick Special 1 x 1 with Stud on 1 Side,Bricks,Special,55,5,Bricks Special,Plastic,,v0.20 Bricks Special reconstruction; dominant brick identity retained; stronger Bracket/Clip/Vehicle/Mechanical families excluded.
88393,Brick Special 1 x 2 x 5 with Groove,Bricks,Special,56,5,Bricks Special,Plastic,,v0.20 Bricks Special reconstruction; dominant brick identity retained; stronger Bracket/Clip/Vehicle/Mechanical families excluded.
90258,Brick Special 2 x 2 with Grooves and Axle Hole,Bricks,Special,57,5,Bricks Special,Plastic,,v0.20 Bricks Special reconstruction; dominant brick identity retained; stronger Bracket/Clip/Vehicle/Mechanical families excluded.
3062b,Brick Round 1 x 1 Open Stud,Bricks,Round & Curved,1,20,Bricks Round and Cones,Plastic,,v0.21 Round & Curved reconstruction; distinct loose-part silhouette retained; minor mold revisions and stronger families excluded.
3063b,Brick Round Corner 2 x 2 Macaroni with Stud Notch,Bricks,Round & Curved,2,20,Bricks Round and Cones,Plastic,,v0.21 Round & Curved reconstruction; distinct loose-part silhouette retained; minor mold revisions and stronger families excluded.
3941,Brick Round 2 x 2 with Axle Hole,Bricks,Round & Curved,3,20,Bricks Round and Cones,Plastic,,v0.21 Round & Curved reconstruction; distinct loose-part silhouette retained; minor mold revisions and stronger families excluded.
4588,"Brick Round 1 x 1 with Fins, Open Stud",Bricks,Round & Curved,4,20,Bricks Round and Cones,Plastic,,v0.21 Round & Curved reconstruction; distinct loose-part silhouette retained; minor mold revisions and stronger families excluded.
4591,Brick Round 2 x 2 x 2 with Axle Hole and Fins,Bricks,Round & Curved,5,20,Bricks Round and Cones,Plastic,,v0.21 Round & Curved reconstruction; distinct loose-part silhouette retained; minor mold revisions and stronger families excluded.
48092,Brick Round Corner 4 x 4 Macaroni Wide with 3 Studs,Bricks,Round & Curved,6,20,Bricks Round and Cones,Plastic,,v0.21 Round & Curved reconstruction; distinct loose-part silhouette retained; minor mold revisions and stronger families excluded.
5152,Brick Round Corner 3 x 3 Macaroni with 2 Studs,Bricks,Round & Curved,7,20,Bricks Round and Cones,Plastic,,v0.21 Round & Curved reconstruction; distinct loose-part silhouette retained; minor mold revisions and stronger families excluded.
5532,Brick Round Corner 5 x 5 Macaroni with 1/3 Inner Side,Bricks,Round & Curved,8,20,Bricks Round and Cones,Plastic,,v0.21 Round & Curved reconstruction; distinct loose-part silhouette retained; minor mold revisions and stronger families excluded.
5651,Brick Round Corner 4 x 4 x 1,Bricks,Round & Curved,9,20,Bricks Round and Cones,Plastic,,v0.21 Round & Curved reconstruction; distinct loose-part silhouette retained; minor mold revisions and stronger families excluded.
5924,Brick Round Corner 2 x 2 x 1,Bricks,Round & Curved,10,20,Bricks Round and Cones,Plastic,,v0.21 Round & Curved reconstruction; distinct loose-part silhouette retained; minor mold revisions and stronger families excluded.
6222,Brick Round 4 x 4 with 4 Side Pin Holes and Center Axle Hole,Bricks,Round & Curved,11,20,Bricks Round and Cones,Plastic,,v0.21 Round & Curved reconstruction; distinct loose-part silhouette retained; minor mold revisions and stronger families excluded.
6331,Brick Round 1 x 1 with 3 Bars,Bricks,Round & Curved,12,20,Bricks Round and Cones,Plastic,,v0.21 Round & Curved reconstruction; distinct loose-part silhouette retained; minor mold revisions and stronger families excluded.
65617,Brick Round Corner 3 x 3 x 1 No Studs,Bricks,Round & Curved,13,20,Bricks Round and Cones,Plastic,,v0.21 Round & Curved reconstruction; distinct loose-part silhouette retained; minor mold revisions and stronger families excluded.
66787,Pipe 6 x 6 (Warp Pipe),Bricks,Round & Curved,14,20,Bricks Round and Cones,Plastic,,v0.21 Round & Curved reconstruction; distinct loose-part silhouette retained; minor mold revisions and stronger families excluded.
67810,"Brick Round, Curved 2 x 2 x 1 1/3, Corner",Bricks,Round & Curved,15,20,Bricks Round and Cones,Plastic,,v0.21 Round & Curved reconstruction; distinct loose-part silhouette retained; minor mold revisions and stronger families excluded.
68013,"Brick Round, Half 1 x 2",Bricks,Round & Curved,16,20,Bricks Round and Cones,Plastic,,v0.21 Round & Curved reconstruction; distinct loose-part silhouette retained; minor mold revisions and stronger families excluded.
6957,Brick Round 3 x 6 Half Circle,Bricks,Round & Curved,17,20,Bricks Round and Cones,Plastic,,v0.21 Round & Curved reconstruction; distinct loose-part silhouette retained; minor mold revisions and stronger families excluded.
71075,Brick Round 1 x 1 x 1 2/3,Bricks,Round & Curved,18,20,Bricks Round and Cones,Plastic,,v0.21 Round & Curved reconstruction; distinct loose-part silhouette retained; minor mold revisions and stronger families excluded.
716,Brick Round Corner 2 x 4 Half Round with Cutouts,Bricks,Round & Curved,19,20,Bricks Round and Cones,Plastic,,v0.21 Round & Curved reconstruction; distinct loose-part silhouette retained; minor mold revisions and stronger families excluded.
7426,Brick Round Curved 6 x 6 x 1,Bricks,Round & Curved,20,20,Bricks Round and Cones,Plastic,,v0.21 Round & Curved reconstruction; distinct loose-part silhouette retained; minor mold revisions and stronger families excluded.
7512,"Brick Curved Inverted 2 x 2 x 1, Corner",Bricks,Round & Curved,21,20,Bricks Round and Cones,Plastic,,v0.21 Round & Curved reconstruction; distinct loose-part silhouette retained; minor mold revisions and stronger families excluded.
7518,"Brick Round, Curved Triple 2 x 6 x 1 2/3",Bricks,Round & Curved,22,20,Bricks Round and Cones,Plastic,,v0.21 Round & Curved reconstruction; distinct loose-part silhouette retained; minor mold revisions and stronger families excluded.
7521,"Brick Round, Curved 4 x 4",Bricks,Round & Curved,23,20,Bricks Round and Cones,Plastic,,v0.21 Round & Curved reconstruction; distinct loose-part silhouette retained; minor mold revisions and stronger families excluded.
7522,"Brick Round, Curved Triple 3 x 4 x 1 with 2 x 2 x 2/3 Bottom Cutout",Bricks,Round & Curved,24,20,Bricks Round and Cones,Plastic,,v0.21 Round & Curved reconstruction; distinct loose-part silhouette retained; minor mold revisions and stronger families excluded.
7523,Brick Curved Double 1 x 4 with 1 x 2 x 2/3 Cutout,Bricks,Round & Curved,25,20,Bricks Round and Cones,Plastic,,v0.21 Round & Curved reconstruction; distinct loose-part silhouette retained; minor mold revisions and stronger families excluded.
7525,"Brick Round, Curved Triple 2 x 4, No Studs",Bricks,Round & Curved,26,20,Bricks Round and Cones,Plastic,,v0.21 Round & Curved reconstruction; distinct loose-part silhouette retained; minor mold revisions and stronger families excluded.
7532,"Brick Round, Quarter 1 x 1",Bricks,Round & Curved,27,20,Bricks Round and Cones,Plastic,,v0.21 Round & Curved reconstruction; distinct loose-part silhouette retained; minor mold revisions and stronger families excluded.
7533,"Brick Round, Curved Inverted Triple 1 x 3 x 1 with 1 x 2 Extension",Bricks,Round & Curved,28,20,Bricks Round and Cones,Plastic,,v0.21 Round & Curved reconstruction; distinct loose-part silhouette retained; minor mold revisions and stronger families excluded.
7534,"Brick Round, Curved 1 x 2 with Side Stud, Bar",Bricks,Round & Curved,29,20,Bricks Round and Cones,Plastic,,v0.21 Round & Curved reconstruction; distinct loose-part silhouette retained; minor mold revisions and stronger families excluded.
76797,"Brick Round Corner, Curved 3 x 3 x 1 Quarter Circle",Bricks,Round & Curved,30,20,Bricks Round and Cones,Plastic,,v0.21 Round & Curved reconstruction; distinct loose-part silhouette retained; minor mold revisions and stronger families excluded.
7818,"Brick Round 1 x 1 x 2/3 Half Circle, Curved Top",Bricks,Round & Curved,31,20,Bricks Round and Cones,Plastic,,v0.21 Round & Curved reconstruction; distinct loose-part silhouette retained; minor mold revisions and stronger families excluded.
7871,"Brick Round, Curved 4 x 6 x 2/3",Bricks,Round & Curved,32,20,Bricks Round and Cones,Plastic,,v0.21 Round & Curved reconstruction; distinct loose-part silhouette retained; minor mold revisions and stronger families excluded.
7906,"Brick Round, Curved Triple 1 x 3 x 1",Bricks,Round & Curved,33,20,Bricks Round and Cones,Plastic,,v0.21 Round & Curved reconstruction; distinct loose-part silhouette retained; minor mold revisions and stronger families excluded.
7908,"Brick Round, Curved Inverted 3 x 3",Bricks,Round & Curved,34,20,Bricks Round and Cones,Plastic,,v0.21 Round & Curved reconstruction; distinct loose-part silhouette retained; minor mold revisions and stronger families excluded.
8103,"Brick Round, Curved Triple 2 x 4 x 1 with 1 x 2 Recessed Center",Bricks,Round & Curved,35,20,Bricks Round and Cones,Plastic,,v0.21 Round & Curved reconstruction; distinct loose-part silhouette retained; minor mold revisions and stronger families excluded.
8411,Brick Round Corner 2 x 2 x 2/3 No Studs,Bricks,Round & Curved,36,20,Bricks Round and Cones,Plastic,,v0.21 Round & Curved reconstruction; distinct loose-part silhouette retained; minor mold revisions and stronger families excluded.
87081,Brick Round 4 x 4 Centre Hole,Bricks,Round & Curved,37,20,Bricks Round and Cones,Plastic,,v0.21 Round & Curved reconstruction; distinct loose-part silhouette retained; minor mold revisions and stronger families excluded.
92947,Brick Round 2 x 2 [Grill],Bricks,Round & Curved,38,20,Bricks Round and Cones,Plastic,,v0.21 Round & Curved reconstruction; distinct loose-part silhouette retained; minor mold revisions and stronger families excluded.
11477,Brick Curved 2 x 1 No Studs [1/2 Bow],Bricks,Round & Curved,39,37,Bricks Curved,Plastic,,v0.21 Round & Curved reconstruction; distinct loose-part silhouette retained; minor mold revisions and stronger families excluded.
13547,Brick Curved Inverted 4 x 1,Bricks,Round & Curved,40,37,Bricks Curved,Plastic,,v0.21 Round & Curved reconstruction; distinct loose-part silhouette retained; minor mold revisions and stronger families excluded.
15068,Brick Curved 2 x 2 x 2/3,Bricks,Round & Curved,41,37,Bricks Curved,Plastic,,v0.21 Round & Curved reconstruction; distinct loose-part silhouette retained; minor mold revisions and stronger families excluded.
1750,Brick Curved Inverted 2 x 2 with 1 x 2 Cutouts,Bricks,Round & Curved,42,37,Bricks Curved,Plastic,,v0.21 Round & Curved reconstruction; distinct loose-part silhouette retained; minor mold revisions and stronger families excluded.
24201,Brick Curved Inverted 2 x 1,Bricks,Round & Curved,43,37,Bricks Curved,Plastic,,v0.21 Round & Curved reconstruction; distinct loose-part silhouette retained; minor mold revisions and stronger families excluded.
24309,Brick Curved 3 x 2 No Studs,Bricks,Round & Curved,44,37,Bricks Curved,Plastic,,v0.21 Round & Curved reconstruction; distinct loose-part silhouette retained; minor mold revisions and stronger families excluded.
30165,"Brick Curved 2 x 2, Two Top Studs",Bricks,Round & Curved,45,37,Bricks Curved,Plastic,,v0.21 Round & Curved reconstruction; distinct loose-part silhouette retained; minor mold revisions and stronger families excluded.
32803,Brick Curved Inverted 2 x 2 x 2/3,Bricks,Round & Curved,46,37,Bricks Curved,Plastic,,v0.21 Round & Curved reconstruction; distinct loose-part silhouette retained; minor mold revisions and stronger families excluded.
35477,Brick Curved 3 x 1 Round Ends,Bricks,Round & Curved,47,37,Bricks Curved,Plastic,,v0.21 Round & Curved reconstruction; distinct loose-part silhouette retained; minor mold revisions and stronger families excluded.
3563,"Brick Curved 1 x 2 x 2/3 Double Curved Top, No Studs",Bricks,Round & Curved,48,37,Bricks Curved,Plastic,,v0.21 Round & Curved reconstruction; distinct loose-part silhouette retained; minor mold revisions and stronger families excluded.
37352,Brick Curved 1 x 2 x 1 No Studs,Bricks,Round & Curved,49,37,Bricks Curved,Plastic,,v0.21 Round & Curved reconstruction; distinct loose-part silhouette retained; minor mold revisions and stronger families excluded.
41855,Brick Curved 2 x 2 x 2/3 Two Studs and Lip End,Bricks,Round & Curved,50,37,Bricks Curved,Plastic,,v0.21 Round & Curved reconstruction; distinct loose-part silhouette retained; minor mold revisions and stronger families excluded.
47457,Brick Curved 2 x 2 x 2/3 Two Studs and Curved Slope End,Bricks,Round & Curved,51,37,Bricks Curved,Plastic,,v0.21 Round & Curved reconstruction; distinct loose-part silhouette retained; minor mold revisions and stronger families excluded.
49307,"Brick Curved 1 x 1 x 2/3 Double Curved Top, No Studs",Bricks,Round & Curved,52,37,Bricks Curved,Plastic,,v0.21 Round & Curved reconstruction; distinct loose-part silhouette retained; minor mold revisions and stronger families excluded.
5841,Brick Curved 1 x 2 x 1 with Curved Top,Bricks,Round & Curved,53,37,Bricks Curved,Plastic,,v0.21 Round & Curved reconstruction; distinct loose-part silhouette retained; minor mold revisions and stronger families excluded.
5849,Brick Curved 1 x 4 x 1,Bricks,Round & Curved,54,37,Bricks Curved,Plastic,,v0.21 Round & Curved reconstruction; distinct loose-part silhouette retained; minor mold revisions and stronger families excluded.
6091,Brick Curved 1 x 2 x 1 1/3 with Curved Top,Bricks,Round & Curved,55,37,Bricks Curved,Plastic,,v0.21 Round & Curved reconstruction; distinct loose-part silhouette retained; minor mold revisions and stronger families excluded.
15571,Brick Sloped 45° 2 x 1 Triple with Inside Stud Holder,Bricks,Sloped,1,3,Bricks Sloped,Plastic,,v0.22 Sloped reconstruction; visible slope geometry retained; minor mold revisions and specialized non-brick identities excluded.
15672,Brick Sloped 45° 2 x 1 with 2/3 Cutout [New Version],Bricks,Sloped,2,3,Bricks Sloped,Plastic,,v0.22 Sloped reconstruction; visible slope geometry retained; minor mold revisions and specialized non-brick identities excluded.
1762,Brick Sloped 33° 2 x 2 Double / Inverted,Bricks,Sloped,3,3,Bricks Sloped,Plastic,,v0.22 Sloped reconstruction; visible slope geometry retained; minor mold revisions and specialized non-brick identities excluded.
18759,Brick Sloped Inverted 45° 3 x 1 Double with 2 Blocked Open Studs,Bricks,Sloped,4,3,Bricks Sloped,Plastic,,v0.22 Sloped reconstruction; visible slope geometry retained; minor mold revisions and specialized non-brick identities excluded.
22388,Brick Sloped 45° 1 x 1 x 2/3 Quadruple Convex [Pyramid],Bricks,Sloped,5,3,Bricks Sloped,Plastic,,v0.22 Sloped reconstruction; visible slope geometry retained; minor mold revisions and specialized non-brick identities excluded.
22889,Brick Sloped Inverted 45° 6 x 2 Double with 2 x 4 Recessed,Bricks,Sloped,6,3,Bricks Sloped,Plastic,,v0.22 Sloped reconstruction; visible slope geometry retained; minor mold revisions and specialized non-brick identities excluded.
2306,Brick Sloped 33° 3 x 2 with Grooves in Bottom Tubes,Bricks,Sloped,7,3,Bricks Sloped,Plastic,,v0.22 Sloped reconstruction; visible slope geometry retained; minor mold revisions and specialized non-brick identities excluded.
2310,Brick Sloped Inverted 45° 2 x 1 with 2/3 Cutout,Bricks,Sloped,8,3,Bricks Sloped,Plastic,,v0.22 Sloped reconstruction; visible slope geometry retained; minor mold revisions and specialized non-brick identities excluded.
2341,Brick Sloped Inverted 45° 3 x 1 Double with 2 Completely Open Studs,Bricks,Sloped,9,3,Bricks Sloped,Plastic,,v0.22 Sloped reconstruction; visible slope geometry retained; minor mold revisions and specialized non-brick identities excluded.
23949,Brick Sloped 45° 2 x 6,Bricks,Sloped,10,3,Bricks Sloped,Plastic,,v0.22 Sloped reconstruction; visible slope geometry retained; minor mold revisions and specialized non-brick identities excluded.
2449,Brick Sloped Inverted 75° 2 x 1 x 3,Bricks,Sloped,11,3,Bricks Sloped,Plastic,,v0.22 Sloped reconstruction; visible slope geometry retained; minor mold revisions and specialized non-brick identities excluded.
28192,Brick Sloped 45° 2 x 1 with 2/3 Inverted Cutout and no stud,Bricks,Sloped,12,3,Bricks Sloped,Plastic,,v0.22 Sloped reconstruction; visible slope geometry retained; minor mold revisions and specialized non-brick identities excluded.
2875,Brick Sloped 45° 2 x 6 x 2/3,Bricks,Sloped,13,3,Bricks Sloped,Plastic,,v0.22 Sloped reconstruction; visible slope geometry retained; minor mold revisions and specialized non-brick identities excluded.
2937,Brick Sloped 55° 1 x 6 x 5 with Bottom Stud Holders,Bricks,Sloped,14,3,Bricks Sloped,Plastic,,v0.22 Sloped reconstruction; visible slope geometry retained; minor mold revisions and specialized non-brick identities excluded.
30180,Brick Sloped 45° 10 x 2 x 2 Double,Bricks,Sloped,15,3,Bricks Sloped,Plastic,,v0.22 Sloped reconstruction; visible slope geometry retained; minor mold revisions and specialized non-brick identities excluded.
30182,Brick Sloped 45° 4 x 4,Bricks,Sloped,16,3,Bricks Sloped,Plastic,,v0.22 Sloped reconstruction; visible slope geometry retained; minor mold revisions and specialized non-brick identities excluded.
30183,Brick Sloped Inverted 45° 6 x 4 Double with Recessed Center,Bricks,Sloped,17,3,Bricks Sloped,Plastic,,v0.22 Sloped reconstruction; visible slope geometry retained; minor mold revisions and specialized non-brick identities excluded.
30249,Brick Sloped 55° 1 x 6 x 5,Bricks,Sloped,18,3,Bricks Sloped,Plastic,,v0.22 Sloped reconstruction; visible slope geometry retained; minor mold revisions and specialized non-brick identities excluded.
30283,Brick Sloped Inverted 45° 6 x 4 Double with 4 x 4 Recessed,Bricks,Sloped,19,3,Bricks Sloped,Plastic,,v0.22 Sloped reconstruction; visible slope geometry retained; minor mold revisions and specialized non-brick identities excluded.
30363,Brick Sloped 18° 4 x 2,Bricks,Sloped,20,3,Bricks Sloped,Plastic,,v0.22 Sloped reconstruction; visible slope geometry retained; minor mold revisions and specialized non-brick identities excluded.
3037,Brick Sloped 45° 2 x 4,Bricks,Sloped,21,3,Bricks Sloped,Plastic,,v0.22 Sloped reconstruction; visible slope geometry retained; minor mold revisions and specialized non-brick identities excluded.
3038,Brick Sloped 45° 2 x 3,Bricks,Sloped,22,3,Bricks Sloped,Plastic,,v0.22 Sloped reconstruction; visible slope geometry retained; minor mold revisions and specialized non-brick identities excluded.
3039,Brick Sloped 45° 2 x 2,Bricks,Sloped,23,3,Bricks Sloped,Plastic,,v0.22 Sloped reconstruction; visible slope geometry retained; minor mold revisions and specialized non-brick identities excluded.
3040b,Brick Sloped 45° 2 x 1 with Bottom Pin,Bricks,Sloped,24,3,Bricks Sloped,Plastic,,v0.22 Sloped reconstruction; visible slope geometry retained; minor mold revisions and specialized non-brick identities excluded.
3041,Brick Sloped 45° 2 x 4 Double,Bricks,Sloped,25,3,Bricks Sloped,Plastic,,v0.22 Sloped reconstruction; visible slope geometry retained; minor mold revisions and specialized non-brick identities excluded.
3042,Brick Sloped 45° 2 x 3 Double,Bricks,Sloped,26,3,Bricks Sloped,Plastic,,v0.22 Sloped reconstruction; visible slope geometry retained; minor mold revisions and specialized non-brick identities excluded.
3043,Brick Sloped 45° 2 x 2 Double,Bricks,Sloped,27,3,Bricks Sloped,Plastic,,v0.22 Sloped reconstruction; visible slope geometry retained; minor mold revisions and specialized non-brick identities excluded.
3044c,Brick Sloped 45° 2 x 1 Double with Inside Stud Holder,Bricks,Sloped,28,3,Bricks Sloped,Plastic,,v0.22 Sloped reconstruction; visible slope geometry retained; minor mold revisions and specialized non-brick identities excluded.
3045,Brick Sloped 45° 2 x 2 Double Convex,Bricks,Sloped,29,3,Bricks Sloped,Plastic,,v0.22 Sloped reconstruction; visible slope geometry retained; minor mold revisions and specialized non-brick identities excluded.
3046b,Brick Sloped 45° 2 x 2 Double Concave Smooth,Bricks,Sloped,30,3,Bricks Sloped,Plastic,,v0.22 Sloped reconstruction; visible slope geometry retained; minor mold revisions and specialized non-brick identities excluded.
30474,Brick Sloped 33° 3 x 2 Smooth,Bricks,Sloped,31,3,Bricks Sloped,Plastic,,v0.22 Sloped reconstruction; visible slope geometry retained; minor mold revisions and specialized non-brick identities excluded.
3048c,Brick Sloped 45° 2 x 1 Triple with Ovoid Bottom Pin,Bricks,Sloped,32,3,Bricks Sloped,Plastic,,v0.22 Sloped reconstruction; visible slope geometry retained; minor mold revisions and specialized non-brick identities excluded.
3049d,Brick Sloped 45° 2 x 1 Double / Inverted with Bottom Stud Holder,Bricks,Sloped,33,3,Bricks Sloped,Plastic,,v0.22 Sloped reconstruction; visible slope geometry retained; minor mold revisions and specialized non-brick identities excluded.
32083,Brick Sloped 45° 6 x 4 Double [aka Train Roof],Bricks,Sloped,34,3,Bricks Sloped,Plastic,,v0.22 Sloped reconstruction; visible slope geometry retained; minor mold revisions and specialized non-brick identities excluded.
32739,Brick Sloped 4 x 6 x 2/3 Double,Bricks,Sloped,35,3,Bricks Sloped,Plastic,,v0.22 Sloped reconstruction; visible slope geometry retained; minor mold revisions and specialized non-brick identities excluded.
32802,Brick Sloped Inverted 45° 4 x 1 Double with 1 x 2 Recessed,Bricks,Sloped,36,3,Bricks Sloped,Plastic,,v0.22 Sloped reconstruction; visible slope geometry retained; minor mold revisions and specialized non-brick identities excluded.
3297,Brick Sloped 33° 3 x 4,Bricks,Sloped,37,3,Bricks Sloped,Plastic,,v0.22 Sloped reconstruction; visible slope geometry retained; minor mold revisions and specialized non-brick identities excluded.
3298,Brick Sloped 33° 3 x 2,Bricks,Sloped,38,3,Bricks Sloped,Plastic,,v0.22 Sloped reconstruction; visible slope geometry retained; minor mold revisions and specialized non-brick identities excluded.
3299,Brick Sloped 33° 2 x 4 Double,Bricks,Sloped,39,3,Bricks Sloped,Plastic,,v0.22 Sloped reconstruction; visible slope geometry retained; minor mold revisions and specialized non-brick identities excluded.
3300,Brick Sloped 33° 2 x 2 Double,Bricks,Sloped,40,3,Bricks Sloped,Plastic,,v0.22 Sloped reconstruction; visible slope geometry retained; minor mold revisions and specialized non-brick identities excluded.
35464,Brick Sloped Double 45° 1 x 1,Bricks,Sloped,41,3,Bricks Sloped,Plastic,,v0.22 Sloped reconstruction; visible slope geometry retained; minor mold revisions and specialized non-brick identities excluded.
3660,"Brick Sloped Inverted 45° 2 x 2 [Ovoid Bottom Pin, Bar-sized Stud Holes]",Bricks,Sloped,42,3,Bricks Sloped,Plastic,,v0.22 Sloped reconstruction; visible slope geometry retained; minor mold revisions and specialized non-brick identities excluded.
3665,Brick Sloped Inverted 45° 2 x 1,Bricks,Sloped,43,3,Bricks Sloped,Plastic,,v0.22 Sloped reconstruction; visible slope geometry retained; minor mold revisions and specialized non-brick identities excluded.
3675,Brick Sloped 33° 3 x 3 Double Convex,Bricks,Sloped,44,3,Bricks Sloped,Plastic,,v0.22 Sloped reconstruction; visible slope geometry retained; minor mold revisions and specialized non-brick identities excluded.
3676,Brick Sloped Inverted 45° 2 x 2 Double Convex,Bricks,Sloped,45,3,Bricks Sloped,Plastic,,v0.22 Sloped reconstruction; visible slope geometry retained; minor mold revisions and specialized non-brick identities excluded.
3678b,Brick Sloped 65° 2 x 2 x 2 with Bottom Tube,Bricks,Sloped,46,3,Bricks Sloped,Plastic,,v0.22 Sloped reconstruction; visible slope geometry retained; minor mold revisions and specialized non-brick identities excluded.
3684,Brick Sloped 75° 2 x 2 x 3 [Hollow Studs],Bricks,Sloped,47,3,Bricks Sloped,Plastic,,v0.22 Sloped reconstruction; visible slope geometry retained; minor mold revisions and specialized non-brick identities excluded.
3685,Brick Sloped 75° 2 x 2 x 3 Double Convex,Bricks,Sloped,48,3,Bricks Sloped,Plastic,,v0.22 Sloped reconstruction; visible slope geometry retained; minor mold revisions and specialized non-brick identities excluded.
3688,Brick Sloped 75° 2 x 2 x 2 Quadruple Convex,Bricks,Sloped,49,3,Bricks Sloped,Plastic,,v0.22 Sloped reconstruction; visible slope geometry retained; minor mold revisions and specialized non-brick identities excluded.
3747b,"Brick Sloped Inverted 33° 3 x 2, Connections between Studs, Ovoid Bottom Pin",Bricks,Sloped,50,3,Bricks Sloped,Plastic,,v0.22 Sloped reconstruction; visible slope geometry retained; minor mold revisions and specialized non-brick identities excluded.
3939,Brick Sloped 33° 3 x 6,Bricks,Sloped,51,3,Bricks Sloped,Plastic,,v0.22 Sloped reconstruction; visible slope geometry retained; minor mold revisions and specialized non-brick identities excluded.
4161,Brick Sloped 33° 3 x 3,Bricks,Sloped,52,3,Bricks Sloped,Plastic,,v0.22 Sloped reconstruction; visible slope geometry retained; minor mold revisions and specialized non-brick identities excluded.
4228,Brick Sloped Inverted 33° 5 x 6 x 2,Bricks,Sloped,53,3,Bricks Sloped,Plastic,,v0.22 Sloped reconstruction; visible slope geometry retained; minor mold revisions and specialized non-brick identities excluded.
4286,Brick Sloped 33° 3 x 1,Bricks,Sloped,54,3,Bricks Sloped,Plastic,,v0.22 Sloped reconstruction; visible slope geometry retained; minor mold revisions and specialized non-brick identities excluded.
4287c,Brick Sloped Inverted 33° 3 x 1 with Internal Stopper and No Front Stud Connection,Bricks,Sloped,55,3,Bricks Sloped,Plastic,,v0.22 Sloped reconstruction; visible slope geometry retained; minor mold revisions and specialized non-brick identities excluded.
4445,Brick Sloped 45° 2 x 8,Bricks,Sloped,56,3,Bricks Sloped,Plastic,,v0.22 Sloped reconstruction; visible slope geometry retained; minor mold revisions and specialized non-brick identities excluded.
4460b,Brick Sloped 75° 2 x 1 x 3 with Hollow Stud,Bricks,Sloped,57,3,Bricks Sloped,Plastic,,v0.22 Sloped reconstruction; visible slope geometry retained; minor mold revisions and specialized non-brick identities excluded.
4509,Brick Sloped 33° 6 x 6 Double (Train Roof),Bricks,Sloped,58,3,Bricks Sloped,Plastic,,v0.22 Sloped reconstruction; visible slope geometry retained; minor mold revisions and specialized non-brick identities excluded.
4515,Brick Sloped 10° 6 x 8,Bricks,Sloped,59,3,Bricks Sloped,Plastic,,v0.22 Sloped reconstruction; visible slope geometry retained; minor mold revisions and specialized non-brick identities excluded.
4854,Brick Sloped Inverted 45° 4 x 4 Double with 4 x 2 Recessed,Bricks,Sloped,60,3,Bricks Sloped,Plastic,,v0.22 Sloped reconstruction; visible slope geometry retained; minor mold revisions and specialized non-brick identities excluded.
4861,Brick Sloped 45° 3 x 4 Double / 33°,Bricks,Sloped,61,3,Bricks Sloped,Plastic,,v0.22 Sloped reconstruction; visible slope geometry retained; minor mold revisions and specialized non-brick identities excluded.
4871,Brick Sloped Inverted 45° 4 x 2 Double with 2 x 2 Recessed,Bricks,Sloped,62,3,Bricks Sloped,Plastic,,v0.22 Sloped reconstruction; visible slope geometry retained; minor mold revisions and specialized non-brick identities excluded.
5404,Brick Sloped 18° 2 x 1 x 2/3,Bricks,Sloped,63,3,Bricks Sloped,Plastic,,v0.22 Sloped reconstruction; visible slope geometry retained; minor mold revisions and specialized non-brick identities excluded.
54200,Brick Sloped 30° 1 x 1 x 2/3 (Cheese Slope),Bricks,Sloped,64,3,Bricks Sloped,Plastic,,v0.22 Sloped reconstruction; visible slope geometry retained; minor mold revisions and specialized non-brick identities excluded.
60477,Brick Sloped 18° 4 x 1,Bricks,Sloped,65,3,Bricks Sloped,Plastic,,v0.22 Sloped reconstruction; visible slope geometry retained; minor mold revisions and specialized non-brick identities excluded.
60481,Brick Sloped 65° 2 x 1 x 2,Bricks,Sloped,66,3,Bricks Sloped,Plastic,,v0.22 Sloped reconstruction; visible slope geometry retained; minor mold revisions and specialized non-brick identities excluded.
99301,Brick Sloped 33° 3 x 3 Double Concave,Bricks,Sloped,67,3,Bricks Sloped,Plastic,,v0.22 Sloped reconstruction; visible slope geometry retained; minor mold revisions and specialized non-brick identities excluded.
11291,"Brick Wedged, Curved 3 x 4 x 2/3 Cutout",Bricks,Wedged,1,6,Bricks Wedged,Plastic,,v0.22 Wedged reconstruction; visible wedge/profile differences and left/right forms retained; boat bows and cockpit/transport-dominant forms excluded.
13548,"Brick Wedged, Sloped 45° 2 x 2 Corner",Bricks,Wedged,2,6,Bricks Wedged,Plastic,,v0.22 Wedged reconstruction; visible wedge/profile differences and left/right forms retained; boat bows and cockpit/transport-dominant forms excluded.
14413,Brick Wedged 4 x 4 Facet,Bricks,Wedged,3,6,Bricks Wedged,Plastic,,v0.22 Wedged reconstruction; visible wedge/profile differences and left/right forms retained; boat bows and cockpit/transport-dominant forms excluded.
22390,"Brick Wedged, Sloped 45° 6 x 8 with Pointed Cutout",Bricks,Wedged,4,6,Bricks Wedged,Plastic,,v0.22 Wedged reconstruction; visible wedge/profile differences and left/right forms retained; boat bows and cockpit/transport-dominant forms excluded.
22391,"Brick Wedged, Sloped 4 x 4 Pointed",Bricks,Wedged,5,6,Bricks Wedged,Plastic,,v0.22 Wedged reconstruction; visible wedge/profile differences and left/right forms retained; boat bows and cockpit/transport-dominant forms excluded.
2462,Brick Wedged 3 x 3 Facet,Bricks,Wedged,6,6,Bricks Wedged,Plastic,,v0.22 Wedged reconstruction; visible wedge/profile differences and left/right forms retained; boat bows and cockpit/transport-dominant forms excluded.
2463,"Brick Wedged, Sloped 3 x 3 x 2 Facet Top",Bricks,Wedged,7,6,Bricks Wedged,Plastic,,v0.22 Wedged reconstruction; visible wedge/profile differences and left/right forms retained; boat bows and cockpit/transport-dominant forms excluded.
2464,"Brick Wedged, Sloped Inverted 3 x 3 x 2 Facet",Bricks,Wedged,8,6,Bricks Wedged,Plastic,,v0.22 Wedged reconstruction; visible wedge/profile differences and left/right forms retained; boat bows and cockpit/transport-dominant forms excluded.
2876,"Brick Wedged, Sloped 45° 6 x 6 Double / 33° [Train Roof End]",Bricks,Wedged,9,6,Bricks Wedged,Plastic,,v0.22 Wedged reconstruction; visible wedge/profile differences and left/right forms retained; boat bows and cockpit/transport-dominant forms excluded.
29115,"Brick Wedged, Sloped Inverted 6 x 6 x 1 Triple",Bricks,Wedged,10,6,Bricks Wedged,Plastic,,v0.22 Wedged reconstruction; visible wedge/profile differences and left/right forms retained; boat bows and cockpit/transport-dominant forms excluded.
29119,"Brick Wedged, Curved 2 x 1 with Stud Notch Right",Bricks,Wedged,11,6,Bricks Wedged,Plastic,,v0.22 Wedged reconstruction; visible wedge/profile differences and left/right forms retained; boat bows and cockpit/transport-dominant forms excluded.
29120,"Brick Wedged, Curved 2 x 1 with Stud Notch Left",Bricks,Wedged,12,6,Bricks Wedged,Plastic,,v0.22 Wedged reconstruction; visible wedge/profile differences and left/right forms retained; boat bows and cockpit/transport-dominant forms excluded.
30181,Brick Wedged 4 x 10 with Cut Corner,Bricks,Wedged,13,6,Bricks Wedged,Plastic,,v0.22 Wedged reconstruction; visible wedge/profile differences and left/right forms retained; boat bows and cockpit/transport-dominant forms excluded.
30382,"Brick Wedged, Sloped 2 x 16 Triple",Bricks,Wedged,14,6,Bricks Wedged,Plastic,,v0.22 Wedged reconstruction; visible wedge/profile differences and left/right forms retained; boat bows and cockpit/transport-dominant forms excluded.
30505,Brick Wedged 3 x 3 Cut Corner,Bricks,Wedged,15,6,Bricks Wedged,Plastic,,v0.22 Wedged reconstruction; visible wedge/profile differences and left/right forms retained; boat bows and cockpit/transport-dominant forms excluded.
32084,"Brick Wedged, Sloped 6 x 8 Cutout",Bricks,Wedged,16,6,Bricks Wedged,Plastic,,v0.22 Wedged reconstruction; visible wedge/profile differences and left/right forms retained; boat bows and cockpit/transport-dominant forms excluded.
3388,"Brick Wedged, Sloped 1 x 5 x 1 1/3 Left",Bricks,Wedged,17,6,Bricks Wedged,Plastic,,v0.22 Wedged reconstruction; visible wedge/profile differences and left/right forms retained; boat bows and cockpit/transport-dominant forms excluded.
3389,"Brick Wedged, Sloped 1 x 5 x 1 1/3 Right",Bricks,Wedged,18,6,Bricks Wedged,Plastic,,v0.22 Wedged reconstruction; visible wedge/profile differences and left/right forms retained; boat bows and cockpit/transport-dominant forms excluded.
3504,"Brick Wedged, Sloped 2 x 5 Left",Bricks,Wedged,19,6,Bricks Wedged,Plastic,,v0.22 Wedged reconstruction; visible wedge/profile differences and left/right forms retained; boat bows and cockpit/transport-dominant forms excluded.
3505,"Brick Wedged, Sloped 2 x 5 Right",Bricks,Wedged,20,6,Bricks Wedged,Plastic,,v0.22 Wedged reconstruction; visible wedge/profile differences and left/right forms retained; boat bows and cockpit/transport-dominant forms excluded.
41747,"Brick Wedged, Curved 6 x 2 Right, Inner Ridges",Bricks,Wedged,21,6,Bricks Wedged,Plastic,,v0.22 Wedged reconstruction; visible wedge/profile differences and left/right forms retained; boat bows and cockpit/transport-dominant forms excluded.
41748,"Brick Wedged, Curved 6 x 2 Left, Inner Ridges",Bricks,Wedged,22,6,Bricks Wedged,Plastic,,v0.22 Wedged reconstruction; visible wedge/profile differences and left/right forms retained; boat bows and cockpit/transport-dominant forms excluded.
41749,"Brick Wedged, Curved 8 x 3 x 2 Open Right",Bricks,Wedged,23,6,Bricks Wedged,Plastic,,v0.22 Wedged reconstruction; visible wedge/profile differences and left/right forms retained; boat bows and cockpit/transport-dominant forms excluded.
41750,"Brick Wedged, Curved 8 x 3 x 2 Open Left",Bricks,Wedged,24,6,Bricks Wedged,Plastic,,v0.22 Wedged reconstruction; visible wedge/profile differences and left/right forms retained; boat bows and cockpit/transport-dominant forms excluded.
41764,"Brick Wedged, Curved Inverted 6 x 2 Right",Bricks,Wedged,25,6,Bricks Wedged,Plastic,,v0.22 Wedged reconstruction; visible wedge/profile differences and left/right forms retained; boat bows and cockpit/transport-dominant forms excluded.
41765,"Brick Wedged, Curved Inverted 6 x 2 Left",Bricks,Wedged,26,6,Bricks Wedged,Plastic,,v0.22 Wedged reconstruction; visible wedge/profile differences and left/right forms retained; boat bows and cockpit/transport-dominant forms excluded.
41767,"Brick Wedged, Angled 4 x 2 Right",Bricks,Wedged,27,6,Bricks Wedged,Plastic,,v0.22 Wedged reconstruction; visible wedge/profile differences and left/right forms retained; boat bows and cockpit/transport-dominant forms excluded.
41768,"Brick Wedged, Angled 4 x 2 Left",Bricks,Wedged,28,6,Bricks Wedged,Plastic,,v0.22 Wedged reconstruction; visible wedge/profile differences and left/right forms retained; boat bows and cockpit/transport-dominant forms excluded.
42021,"Brick Wedged, Curved Inverted 8 x 6 x 2 Cockpit",Bricks,Wedged,29,6,Bricks Wedged,Plastic,,v0.22 Wedged reconstruction; visible wedge/profile differences and left/right forms retained; boat bows and cockpit/transport-dominant forms excluded.
42060,"Brick Wedged, Curved 12 x 3 Right",Bricks,Wedged,30,6,Bricks Wedged,Plastic,,v0.22 Wedged reconstruction; visible wedge/profile differences and left/right forms retained; boat bows and cockpit/transport-dominant forms excluded.
42061,"Brick Wedged, Curved 12 x 3 Left",Bricks,Wedged,31,6,Bricks Wedged,Plastic,,v0.22 Wedged reconstruction; visible wedge/profile differences and left/right forms retained; boat bows and cockpit/transport-dominant forms excluded.
42862,"Brick Wedged, Sloped 45° 3 x 3 Left",Bricks,Wedged,32,6,Bricks Wedged,Plastic,,v0.22 Wedged reconstruction; visible wedge/profile differences and left/right forms retained; boat bows and cockpit/transport-dominant forms excluded.
43708,"Brick Wedged, Sloped 18° 4 x 4 Corner",Bricks,Wedged,33,6,Bricks Wedged,Plastic,,v0.22 Wedged reconstruction; visible wedge/profile differences and left/right forms retained; boat bows and cockpit/transport-dominant forms excluded.
43710,"Brick Wedged, Sloped 4 x 2 Triple Left",Bricks,Wedged,34,6,Bricks Wedged,Plastic,,v0.22 Wedged reconstruction; visible wedge/profile differences and left/right forms retained; boat bows and cockpit/transport-dominant forms excluded.
43711,"Brick Wedged, Sloped 4 x 2 Triple Right",Bricks,Wedged,35,6,Bricks Wedged,Plastic,,v0.22 Wedged reconstruction; visible wedge/profile differences and left/right forms retained; boat bows and cockpit/transport-dominant forms excluded.
43712,"Brick Wedged, Curved 6 x 4 Triple",Bricks,Wedged,36,6,Bricks Wedged,Plastic,,v0.22 Wedged reconstruction; visible wedge/profile differences and left/right forms retained; boat bows and cockpit/transport-dominant forms excluded.
43713,"Brick Wedged, Curved Inverted 6 x 4",Bricks,Wedged,37,6,Bricks Wedged,Plastic,,v0.22 Wedged reconstruction; visible wedge/profile differences and left/right forms retained; boat bows and cockpit/transport-dominant forms excluded.
43720,"Brick Wedged, Sloped 45° 4 x 2 Right",Bricks,Wedged,38,6,Bricks Wedged,Plastic,,v0.22 Wedged reconstruction; visible wedge/profile differences and left/right forms retained; boat bows and cockpit/transport-dominant forms excluded.
43721,"Brick Wedged, Sloped 45° 4 x 2 Left",Bricks,Wedged,39,6,Bricks Wedged,Plastic,,v0.22 Wedged reconstruction; visible wedge/profile differences and left/right forms retained; boat bows and cockpit/transport-dominant forms excluded.
45301,"Brick Wedged, Curved 16 x 4 Triple with Inner Ridges",Bricks,Wedged,40,6,Bricks Wedged,Plastic,,v0.22 Wedged reconstruction; visible wedge/profile differences and left/right forms retained; boat bows and cockpit/transport-dominant forms excluded.
45677,"Brick Wedged, Curved Triple 4 x 4 x 2/3 with 2 Studs",Bricks,Wedged,41,6,Bricks Wedged,Plastic,,v0.22 Wedged reconstruction; visible wedge/profile differences and left/right forms retained; boat bows and cockpit/transport-dominant forms excluded.
4652,"Brick Wedged, Curved Triple 4 x 4 x 2/3 with 4 Studs, 4 x 3 Cutout",Bricks,Wedged,42,6,Bricks Wedged,Plastic,,v0.22 Wedged reconstruction; visible wedge/profile differences and left/right forms retained; boat bows and cockpit/transport-dominant forms excluded.
47456,"Brick Wedged, Curved 2 x 3 x 2/3 Two Studs, Wing End",Bricks,Wedged,43,6,Bricks Wedged,Plastic,,v0.22 Wedged reconstruction; visible wedge/profile differences and left/right forms retained; boat bows and cockpit/transport-dominant forms excluded.
47458,"Brick Wedged, Curved 1 x 2 x 2/3 No Studs, Wing End",Bricks,Wedged,44,6,Bricks Wedged,Plastic,,v0.22 Wedged reconstruction; visible wedge/profile differences and left/right forms retained; boat bows and cockpit/transport-dominant forms excluded.
47753,"Brick Wedged, Curved 4 x 4 No Top Studs",Bricks,Wedged,45,6,Bricks Wedged,Plastic,,v0.22 Wedged reconstruction; visible wedge/profile differences and left/right forms retained; boat bows and cockpit/transport-dominant forms excluded.
47757,"Brick Wedged, Sloped 4 x 4 Pyramid Center",Bricks,Wedged,46,6,Bricks Wedged,Plastic,,v0.22 Wedged reconstruction; visible wedge/profile differences and left/right forms retained; boat bows and cockpit/transport-dominant forms excluded.
47759,"Brick Wedged, Sloped 45° 2 x 4 Triple",Bricks,Wedged,47,6,Bricks Wedged,Plastic,,v0.22 Wedged reconstruction; visible wedge/profile differences and left/right forms retained; boat bows and cockpit/transport-dominant forms excluded.
48165,"Brick Wedged, Sloped 45° 3 x 3 Right",Bricks,Wedged,48,6,Bricks Wedged,Plastic,,v0.22 Wedged reconstruction; visible wedge/profile differences and left/right forms retained; boat bows and cockpit/transport-dominant forms excluded.
4855,"Brick Wedged, Sloped Inverted 4 x 4 Triple [2 Connections between Front Studs]",Bricks,Wedged,49,6,Bricks Wedged,Plastic,,v0.22 Wedged reconstruction; visible wedge/profile differences and left/right forms retained; boat bows and cockpit/transport-dominant forms excluded.
4856b,"Brick Wedged, Sloped Inverted 6 x 4 with 4 Stud Connections",Bricks,Wedged,50,6,Bricks Wedged,Plastic,,v0.22 Wedged reconstruction; visible wedge/profile differences and left/right forms retained; boat bows and cockpit/transport-dominant forms excluded.
4858,"Brick Wedged, Sloped 4 x 4 Taper",Bricks,Wedged,51,6,Bricks Wedged,Plastic,,v0.22 Wedged reconstruction; visible wedge/profile differences and left/right forms retained; boat bows and cockpit/transport-dominant forms excluded.
48933,"Brick Wedged, Sloped 4 x 4 Triple, Stud Notches",Bricks,Wedged,52,6,Bricks Wedged,Plastic,,v0.22 Wedged reconstruction; visible wedge/profile differences and left/right forms retained; boat bows and cockpit/transport-dominant forms excluded.
50373,Brick Wedged 3 x 4 [Stud Notches],Bricks,Wedged,53,6,Bricks Wedged,Plastic,,v0.22 Wedged reconstruction; visible wedge/profile differences and left/right forms retained; boat bows and cockpit/transport-dominant forms excluded.
5093,"Brick Wedged, Curved 2 x 2 with Stud Notch Right",Bricks,Wedged,54,6,Bricks Wedged,Plastic,,v0.22 Wedged reconstruction; visible wedge/profile differences and left/right forms retained; boat bows and cockpit/transport-dominant forms excluded.
5095,"Brick Wedged, Curved 2 x 2 with Stud Notch Left",Bricks,Wedged,55,6,Bricks Wedged,Plastic,,v0.22 Wedged reconstruction; visible wedge/profile differences and left/right forms retained; boat bows and cockpit/transport-dominant forms excluded.
50955,"Brick Wedged, Curved 10 x 3 Left",Bricks,Wedged,56,6,Bricks Wedged,Plastic,,v0.22 Wedged reconstruction; visible wedge/profile differences and left/right forms retained; boat bows and cockpit/transport-dominant forms excluded.
50956,"Brick Wedged, Curved 10 x 3 Right",Bricks,Wedged,57,6,Bricks Wedged,Plastic,,v0.22 Wedged reconstruction; visible wedge/profile differences and left/right forms retained; boat bows and cockpit/transport-dominant forms excluded.
52031,"Brick Wedged, Curved Triple 4 x 6 x 2/3 with 4 Studs",Bricks,Wedged,58,6,Bricks Wedged,Plastic,,v0.22 Wedged reconstruction; visible wedge/profile differences and left/right forms retained; boat bows and cockpit/transport-dominant forms excluded.
5382,"Brick Wedged, Curved 4 x 8 No Top Studs",Bricks,Wedged,59,6,Bricks Wedged,Plastic,,v0.22 Wedged reconstruction; visible wedge/profile differences and left/right forms retained; boat bows and cockpit/transport-dominant forms excluded.
5414,"Brick Wedged, Curved 1 x 4 with Stud Notch Right",Bricks,Wedged,60,6,Bricks Wedged,Plastic,,v0.22 Wedged reconstruction; visible wedge/profile differences and left/right forms retained; boat bows and cockpit/transport-dominant forms excluded.
5415,"Brick Wedged, Curved 1 x 4 with Stud Notch Left",Bricks,Wedged,61,6,Bricks Wedged,Plastic,,v0.22 Wedged reconstruction; visible wedge/profile differences and left/right forms retained; boat bows and cockpit/transport-dominant forms excluded.
6069,"Brick Wedged, Sloped 4 x 4 Triple, No Stud Notches",Bricks,Wedged,62,6,Bricks Wedged,Plastic,,v0.22 Wedged reconstruction; visible wedge/profile differences and left/right forms retained; boat bows and cockpit/transport-dominant forms excluded.
6107,Brick Wedged 5 x 5 Facet,Bricks,Wedged,63,6,Bricks Wedged,Plastic,,v0.22 Wedged reconstruction; visible wedge/profile differences and left/right forms retained; boat bows and cockpit/transport-dominant forms excluded.
6153b,"Brick Wedged, Sloped 6 x 4 Cutout, Stud Notches",Bricks,Wedged,64,6,Bricks Wedged,Plastic,,v0.22 Wedged reconstruction; visible wedge/profile differences and left/right forms retained; boat bows and cockpit/transport-dominant forms excluded.
64225,"Brick Wedged, Curved 4 x 3 No Studs [Plain]",Bricks,Wedged,65,6,Bricks Wedged,Plastic,,v0.22 Wedged reconstruction; visible wedge/profile differences and left/right forms retained; boat bows and cockpit/transport-dominant forms excluded.
64867,"Brick Wedged, Sloped 4 x 4 Fractured Polygon Top",Bricks,Wedged,66,6,Bricks Wedged,Plastic,,v0.22 Wedged reconstruction; visible wedge/profile differences and left/right forms retained; boat bows and cockpit/transport-dominant forms excluded.
6564,"Brick Wedged, Angled 3 x 2 Right",Bricks,Wedged,67,6,Bricks Wedged,Plastic,,v0.22 Wedged reconstruction; visible wedge/profile differences and left/right forms retained; boat bows and cockpit/transport-dominant forms excluded.
6565,"Brick Wedged, Angled 3 x 2 Left",Bricks,Wedged,68,6,Bricks Wedged,Plastic,,v0.22 Wedged reconstruction; visible wedge/profile differences and left/right forms retained; boat bows and cockpit/transport-dominant forms excluded.
66956,"Brick Wedged, Curved 2 x 2 with Stud Notches",Bricks,Wedged,69,6,Bricks Wedged,Plastic,,v0.22 Wedged reconstruction; visible wedge/profile differences and left/right forms retained; boat bows and cockpit/transport-dominant forms excluded.
6929,"Brick Wedged, Curved 4 x 2 with Stud Notch Right",Bricks,Wedged,70,6,Bricks Wedged,Plastic,,v0.22 Wedged reconstruction; visible wedge/profile differences and left/right forms retained; boat bows and cockpit/transport-dominant forms excluded.
6930,"Brick Wedged, Curved 4 x 2 with Stud Notch Left",Bricks,Wedged,71,6,Bricks Wedged,Plastic,,v0.22 Wedged reconstruction; visible wedge/profile differences and left/right forms retained; boat bows and cockpit/transport-dominant forms excluded.
7037,"Brick Wedged, Rounded 2 x 2 with Curved Front, 2 Studs",Bricks,Wedged,72,6,Bricks Wedged,Plastic,,v0.22 Wedged reconstruction; visible wedge/profile differences and left/right forms retained; boat bows and cockpit/transport-dominant forms excluded.
7241,"Brick Wedged, Sloped 4 x 4 Corner",Bricks,Wedged,73,6,Bricks Wedged,Plastic,,v0.22 Wedged reconstruction; visible wedge/profile differences and left/right forms retained; boat bows and cockpit/transport-dominant forms excluded.
7519,"Brick Wedged, Curved 3 x 2 x 1 2/3 with Stud Notch Left",Bricks,Wedged,74,6,Bricks Wedged,Plastic,,v0.22 Wedged reconstruction; visible wedge/profile differences and left/right forms retained; boat bows and cockpit/transport-dominant forms excluded.
7520,"Brick Wedged, Curved 3 x 2 x 1 2/3 with Stud Notch Right",Bricks,Wedged,75,6,Bricks Wedged,Plastic,,v0.22 Wedged reconstruction; visible wedge/profile differences and left/right forms retained; boat bows and cockpit/transport-dominant forms excluded.
7680,Brick Wedged 4 x 10 with 4 x 6 Recessed Center,Bricks,Wedged,76,6,Bricks Wedged,Plastic,,v0.22 Wedged reconstruction; visible wedge/profile differences and left/right forms retained; boat bows and cockpit/transport-dominant forms excluded.
7821,"Brick Wedged, Curved 2 x 2 x 2/3 with Notches 27°",Bricks,Wedged,77,6,Bricks Wedged,Plastic,,v0.22 Wedged reconstruction; visible wedge/profile differences and left/right forms retained; boat bows and cockpit/transport-dominant forms excluded.
78886,"Brick Wedged, Sloped 65° 2 x 2 x 2 Corner",Bricks,Wedged,78,6,Bricks Wedged,Plastic,,v0.22 Wedged reconstruction; visible wedge/profile differences and left/right forms retained; boat bows and cockpit/transport-dominant forms excluded.
80177,"Brick Wedged, Curved 3 x 2 with Stud Notch Left",Bricks,Wedged,79,6,Bricks Wedged,Plastic,,v0.22 Wedged reconstruction; visible wedge/profile differences and left/right forms retained; boat bows and cockpit/transport-dominant forms excluded.
80178,"Brick Wedged, Curved 3 x 2 with Stud Notch Right",Bricks,Wedged,80,6,Bricks Wedged,Plastic,,v0.22 Wedged reconstruction; visible wedge/profile differences and left/right forms retained; boat bows and cockpit/transport-dominant forms excluded.
86148,"Brick Wedged, Sloped 4 x 4 Triple with 3 Ridges on Slope",Bricks,Wedged,81,6,Bricks Wedged,Plastic,,v0.22 Wedged reconstruction; visible wedge/profile differences and left/right forms retained; boat bows and cockpit/transport-dominant forms excluded.
87620,Brick Wedged 2 x 2 Facet,Bricks,Wedged,82,6,Bricks Wedged,Plastic,,v0.22 Wedged reconstruction; visible wedge/profile differences and left/right forms retained; boat bows and cockpit/transport-dominant forms excluded.
93589,"Brick Wedged, Curved 4 x 2 x 1 1/3 with 1 x 4 Base [Plain]",Bricks,Wedged,83,6,Bricks Wedged,Plastic,,v0.22 Wedged reconstruction; visible wedge/profile differences and left/right forms retained; boat bows and cockpit/transport-dominant forms excluded.
93591,"Brick Wedged, Curved 6 x 4 x 1 1/3 with 4 x 4 Base [Plain]",Bricks,Wedged,84,6,Bricks Wedged,Plastic,,v0.22 Wedged reconstruction; visible wedge/profile differences and left/right forms retained; boat bows and cockpit/transport-dominant forms excluded.
10312,Windscreen 10 x 6 x 3 Bubble Canopy Double Tapered with Square Front Cutout,Transportation,Windscreens,1,47,Windscreens and Fuselage,Plastic,,v0.23 Windscreens reconstruction; generic identifiable windscreen/canopy profile retained; minor revisions and strongly specialized/paired vehicle structures excluded.
11289,Windscreen 4 x 4 x 4 2/3 with Handle,Transportation,Windscreens,2,47,Windscreens and Fuselage,Plastic,,v0.23 Windscreens reconstruction; generic identifiable windscreen/canopy profile retained; minor revisions and strongly specialized/paired vehicle structures excluded.
13252,Windscreen 6 x 13 x 2,Transportation,Windscreens,3,47,Windscreens and Fuselage,Plastic,,v0.23 Windscreens reconstruction; generic identifiable windscreen/canopy profile retained; minor revisions and strongly specialized/paired vehicle structures excluded.
18729,Windscreen 6 x 10 x 4 Curved,Transportation,Windscreens,4,47,Windscreens and Fuselage,Plastic,,v0.23 Windscreens reconstruction; generic identifiable windscreen/canopy profile retained; minor revisions and strongly specialized/paired vehicle structures excluded.
1874,Windscreen 6 x 9 x 1 2/3,Transportation,Windscreens,5,47,Windscreens and Fuselage,Plastic,,v0.23 Windscreens reconstruction; generic identifiable windscreen/canopy profile retained; minor revisions and strongly specialized/paired vehicle structures excluded.
18972,Windscreen 5 x 4 x 1 1/3,Transportation,Windscreens,6,47,Windscreens and Fuselage,Plastic,,v0.23 Windscreens reconstruction; generic identifiable windscreen/canopy profile retained; minor revisions and strongly specialized/paired vehicle structures excluded.
18973,Windscreen 6 x 4 x 1 Curved,Transportation,Windscreens,7,47,Windscreens and Fuselage,Plastic,,v0.23 Windscreens reconstruction; generic identifiable windscreen/canopy profile retained; minor revisions and strongly specialized/paired vehicle structures excluded.
18990,Windscreen 4 x 4 x 1 2/3 Canopy Half Sphere with Handle,Transportation,Windscreens,8,47,Windscreens and Fuselage,Plastic,,v0.23 Windscreens reconstruction; generic identifiable windscreen/canopy profile retained; minor revisions and strongly specialized/paired vehicle structures excluded.
20684,Windscreen 8 x 3 x 3,Transportation,Windscreens,9,47,Windscreens and Fuselage,Plastic,,v0.23 Windscreens reconstruction; generic identifiable windscreen/canopy profile retained; minor revisions and strongly specialized/paired vehicle structures excluded.
21,Windscreen 2 x 4 x 1 2/3,Transportation,Windscreens,10,47,Windscreens and Fuselage,Plastic,,v0.23 Windscreens reconstruction; generic identifiable windscreen/canopy profile retained; minor revisions and strongly specialized/paired vehicle structures excluded.
22483,Windscreen 6 x 4 x 1 1/3 Pointed,Transportation,Windscreens,11,47,Windscreens and Fuselage,Plastic,,v0.23 Windscreens reconstruction; generic identifiable windscreen/canopy profile retained; minor revisions and strongly specialized/paired vehicle structures excluded.
23448,Windscreen 8 x 4 x 2 Curved with Handle,Transportation,Windscreens,12,47,Windscreens and Fuselage,Plastic,,v0.23 Windscreens reconstruction; generic identifiable windscreen/canopy profile retained; minor revisions and strongly specialized/paired vehicle structures excluded.
2352b,Windscreen 2 x 4 x 3 Frame with Hollow Studs,Transportation,Windscreens,13,47,Windscreens and Fuselage,Plastic,,v0.23 Windscreens reconstruction; generic identifiable windscreen/canopy profile retained; minor revisions and strongly specialized/paired vehicle structures excluded.
2418b,Windscreen 6 x 6 Octagonal Canopy with Axle hole,Transportation,Windscreens,14,47,Windscreens and Fuselage,Plastic,,v0.23 Windscreens reconstruction; generic identifiable windscreen/canopy profile retained; minor revisions and strongly specialized/paired vehicle structures excluded.
24248,Windscreen 6 x 8 x 3 with 6 Studs on Top,Transportation,Windscreens,15,47,Windscreens and Fuselage,Plastic,,v0.23 Windscreens reconstruction; generic identifiable windscreen/canopy profile retained; minor revisions and strongly specialized/paired vehicle structures excluded.
2437,Windscreen 3 x 4 x 1 1/3 with 2 Studs on Top,Transportation,Windscreens,16,47,Windscreens and Fuselage,Plastic,,v0.23 Windscreens reconstruction; generic identifiable windscreen/canopy profile retained; minor revisions and strongly specialized/paired vehicle structures excluded.
2483,Windscreen 4 x 4 x 4 1/3 Helicopter,Transportation,Windscreens,17,47,Windscreens and Fuselage,Plastic,,v0.23 Windscreens reconstruction; generic identifiable windscreen/canopy profile retained; minor revisions and strongly specialized/paired vehicle structures excluded.
2507,Windscreen 10 x 4 x 2 1/3 Canopy,Transportation,Windscreens,18,47,Windscreens and Fuselage,Plastic,,v0.23 Windscreens reconstruction; generic identifiable windscreen/canopy profile retained; minor revisions and strongly specialized/paired vehicle structures excluded.
2620,Windscreen 4 x 4 x 3 Canopy,Transportation,Windscreens,19,47,Windscreens and Fuselage,Plastic,,v0.23 Windscreens reconstruction; generic identifiable windscreen/canopy profile retained; minor revisions and strongly specialized/paired vehicle structures excluded.
27165,Windscreen 10 x 4 x 2 1/3 with Handle,Transportation,Windscreens,20,47,Windscreens and Fuselage,Plastic,,v0.23 Windscreens reconstruction; generic identifiable windscreen/canopy profile retained; minor revisions and strongly specialized/paired vehicle structures excluded.
27262,Windscreen 6 x 4 x 1 Hexagonal with Handle,Transportation,Windscreens,21,47,Windscreens and Fuselage,Plastic,,v0.23 Windscreens reconstruction; generic identifiable windscreen/canopy profile retained; minor revisions and strongly specialized/paired vehicle structures excluded.
2826,Windscreen 5 x 8 x 3,Transportation,Windscreens,22,47,Windscreens and Fuselage,Plastic,,v0.23 Windscreens reconstruction; generic identifiable windscreen/canopy profile retained; minor revisions and strongly specialized/paired vehicle structures excluded.
28782,Windscreen 6 x 6 x 2,Transportation,Windscreens,23,47,Windscreens and Fuselage,Plastic,,v0.23 Windscreens reconstruction; generic identifiable windscreen/canopy profile retained; minor revisions and strongly specialized/paired vehicle structures excluded.
30083,Windscreen 6 x 6 x 3 Canopy Half Sphere with Hinge [Plain],Transportation,Windscreens,24,47,Windscreens and Fuselage,Plastic,,v0.23 Windscreens reconstruction; generic identifiable windscreen/canopy profile retained; minor revisions and strongly specialized/paired vehicle structures excluded.
30251,Windscreen 5 x 4 x 3,Transportation,Windscreens,25,47,Windscreens and Fuselage,Plastic,,v0.23 Windscreens reconstruction; generic identifiable windscreen/canopy profile retained; minor revisions and strongly specialized/paired vehicle structures excluded.
30366,Windscreen 3 x 6 x 5 Bubble with Studs on Top [Plain],Transportation,Windscreens,26,47,Windscreens and Fuselage,Plastic,,v0.23 Windscreens reconstruction; generic identifiable windscreen/canopy profile retained; minor revisions and strongly specialized/paired vehicle structures excluded.
30372,Windscreen 7 x 4 x 1 2/3 with Hinges,Transportation,Windscreens,27,47,Windscreens and Fuselage,Plastic,,v0.23 Windscreens reconstruction; generic identifiable windscreen/canopy profile retained; minor revisions and strongly specialized/paired vehicle structures excluded.
30384,Windscreen 7 x 4 x 2 Round,Transportation,Windscreens,28,47,Windscreens and Fuselage,Plastic,,v0.23 Windscreens reconstruction; generic identifiable windscreen/canopy profile retained; minor revisions and strongly specialized/paired vehicle structures excluded.
30485,Windscreen 6 x 8 x 3 Curved Top Angled Canopy [PLAIN],Transportation,Windscreens,29,47,Windscreens and Fuselage,Plastic,,v0.23 Windscreens reconstruction; generic identifiable windscreen/canopy profile retained; minor revisions and strongly specialized/paired vehicle structures excluded.
30497,Windscreen 12 x 6 x 2,Transportation,Windscreens,30,47,Windscreens and Fuselage,Plastic,,v0.23 Windscreens reconstruction; generic identifiable windscreen/canopy profile retained; minor revisions and strongly specialized/paired vehicle structures excluded.
30536,Windscreen 8 x 4 x 2 Curved Taper with Locking Dual 2 Fingers,Transportation,Windscreens,31,47,Windscreens and Fuselage,Plastic,,v0.23 Windscreens reconstruction; generic identifiable windscreen/canopy profile retained; minor revisions and strongly specialized/paired vehicle structures excluded.
30617,Windscreen 6 x 4 x 4 Curved with 2 Fingers,Transportation,Windscreens,32,47,Windscreens and Fuselage,Plastic,,v0.23 Windscreens reconstruction; generic identifiable windscreen/canopy profile retained; minor revisions and strongly specialized/paired vehicle structures excluded.
30633,Windscreen 4 x 6 x 4 Canopy with Hinge,Transportation,Windscreens,33,47,Windscreens and Fuselage,Plastic,,v0.23 Windscreens reconstruction; generic identifiable windscreen/canopy profile retained; minor revisions and strongly specialized/paired vehicle structures excluded.
30649,Windscreen 8 x 4 x 5 Curved with 2 Fingers,Transportation,Windscreens,34,47,Windscreens and Fuselage,Plastic,,v0.23 Windscreens reconstruction; generic identifiable windscreen/canopy profile retained; minor revisions and strongly specialized/paired vehicle structures excluded.
30841,Windscreen 2 x 4 x 1 1/3 [Plain],Transportation,Windscreens,35,47,Windscreens and Fuselage,Plastic,,v0.23 Windscreens reconstruction; generic identifiable windscreen/canopy profile retained; minor revisions and strongly specialized/paired vehicle structures excluded.
32086,Windscreen 8 x 6 x 3 Wedge,Transportation,Windscreens,36,47,Windscreens and Fuselage,Plastic,,v0.23 Windscreens reconstruction; generic identifiable windscreen/canopy profile retained; minor revisions and strongly specialized/paired vehicle structures excluded.
3383,Windscreen 6 x 6 x 1 1/3,Transportation,Windscreens,37,47,Windscreens and Fuselage,Plastic,,v0.23 Windscreens reconstruction; generic identifiable windscreen/canopy profile retained; minor revisions and strongly specialized/paired vehicle structures excluded.
3384,Windscreen 4 x 6 x 1 1/3,Transportation,Windscreens,38,47,Windscreens and Fuselage,Plastic,,v0.23 Windscreens reconstruction; generic identifiable windscreen/canopy profile retained; minor revisions and strongly specialized/paired vehicle structures excluded.
35299,Windscreen 3 x 6 x 1 Curved with Rectangular Stud Holder in Bottom,Transportation,Windscreens,39,47,Windscreens and Fuselage,Plastic,,v0.23 Windscreens reconstruction; generic identifiable windscreen/canopy profile retained; minor revisions and strongly specialized/paired vehicle structures excluded.
35336,"Windscreen 2 x 6 x 2, Thin Top",Transportation,Windscreens,40,47,Windscreens and Fuselage,Plastic,,v0.23 Windscreens reconstruction; generic identifiable windscreen/canopy profile retained; minor revisions and strongly specialized/paired vehicle structures excluded.
3823,Windscreen 2 x 4 x 2,Transportation,Windscreens,41,47,Windscreens and Fuselage,Plastic,,v0.23 Windscreens reconstruction; generic identifiable windscreen/canopy profile retained; minor revisions and strongly specialized/paired vehicle structures excluded.
41751,Windscreen 8 x 6 x 2 Curved,Transportation,Windscreens,42,47,Windscreens and Fuselage,Plastic,,v0.23 Windscreens reconstruction; generic identifiable windscreen/canopy profile retained; minor revisions and strongly specialized/paired vehicle structures excluded.
4176,"Windscreen 2 x 6 x 2, Wide Top",Transportation,Windscreens,43,47,Windscreens and Fuselage,Plastic,,v0.23 Windscreens reconstruction; generic identifiable windscreen/canopy profile retained; minor revisions and strongly specialized/paired vehicle structures excluded.
41883,Windscreen 6 x 4 x 2 Wedge Curved,Transportation,Windscreens,44,47,Windscreens and Fuselage,Plastic,,v0.23 Windscreens reconstruction; generic identifiable windscreen/canopy profile retained; minor revisions and strongly specialized/paired vehicle structures excluded.
42602,Windscreen 8 x 6 x 4 Canopy with Hinge,Transportation,Windscreens,45,47,Windscreens and Fuselage,Plastic,,v0.23 Windscreens reconstruction; generic identifiable windscreen/canopy profile retained; minor revisions and strongly specialized/paired vehicle structures excluded.
4284,Windscreen 2 x 4 x 2 Inverted,Transportation,Windscreens,46,47,Windscreens and Fuselage,Plastic,,v0.23 Windscreens reconstruction; generic identifiable windscreen/canopy profile retained; minor revisions and strongly specialized/paired vehicle structures excluded.
4463,Windowscreen 1 x 4 x 5 Curved Top,Transportation,Windscreens,47,47,Windscreens and Fuselage,Plastic,,v0.23 Windscreens reconstruction; generic identifiable windscreen/canopy profile retained; minor revisions and strongly specialized/paired vehicle structures excluded.
4474,Windscreen 6 x 4 x 2 Canopy,Transportation,Windscreens,48,47,Windscreens and Fuselage,Plastic,,v0.23 Windscreens reconstruction; generic identifiable windscreen/canopy profile retained; minor revisions and strongly specialized/paired vehicle structures excluded.
45406,Windscreen 4 x 6 x 4 Cab with Hinge and 1 x 4 Bottom Cutout,Transportation,Windscreens,49,47,Windscreens and Fuselage,Plastic,,v0.23 Windscreens reconstruction; generic identifiable windscreen/canopy profile retained; minor revisions and strongly specialized/paired vehicle structures excluded.
45705,Windscreen 10 x 6 x 2 Curved,Transportation,Windscreens,50,47,Windscreens and Fuselage,Plastic,,v0.23 Windscreens reconstruction; generic identifiable windscreen/canopy profile retained; minor revisions and strongly specialized/paired vehicle structures excluded.
4594,Windscreen 2 x 4 x 2 Vertical,Transportation,Windscreens,51,47,Windscreens and Fuselage,Plastic,,v0.23 Windscreens reconstruction; generic identifiable windscreen/canopy profile retained; minor revisions and strongly specialized/paired vehicle structures excluded.
46413,Windscreen 8 x 4 x 2 Curved [2 Dual-Fingered Click Hinges],Transportation,Windscreens,52,47,Windscreens and Fuselage,Plastic,,v0.23 Windscreens reconstruction; generic identifiable windscreen/canopy profile retained; minor revisions and strongly specialized/paired vehicle structures excluded.
47506,Windscreen 6 x 4 x 3 Flat Top with Studs and 1 x 4 Holes on Bottom,Transportation,Windscreens,53,47,Windscreens and Fuselage,Plastic,,v0.23 Windscreens reconstruction; generic identifiable windscreen/canopy profile retained; minor revisions and strongly specialized/paired vehicle structures excluded.
47843,Windscreen 10 x 4 x 2 Curved with Bubble Cutout and Single Hinge Finger,Transportation,Windscreens,54,47,Windscreens and Fuselage,Plastic,,v0.23 Windscreens reconstruction; generic identifiable windscreen/canopy profile retained; minor revisions and strongly specialized/paired vehicle structures excluded.
47844,Windscreen 9 x 3 x 1 2/3 Bubble Canopy,Transportation,Windscreens,55,47,Windscreens and Fuselage,Plastic,,v0.23 Windscreens reconstruction; generic identifiable windscreen/canopy profile retained; minor revisions and strongly specialized/paired vehicle structures excluded.
4866,Windscreen 3 x 4 x 1 1/3 with 6 Studs on Top,Transportation,Windscreens,56,47,Windscreens and Fuselage,Plastic,,v0.23 Windscreens reconstruction; generic identifiable windscreen/canopy profile retained; minor revisions and strongly specialized/paired vehicle structures excluded.
50747,Windscreen 6 x 6 x 3 Canopy Half Sphere with Dual 2 Fingers,Transportation,Windscreens,57,47,Windscreens and Fuselage,Plastic,,v0.23 Windscreens reconstruction; generic identifiable windscreen/canopy profile retained; minor revisions and strongly specialized/paired vehicle structures excluded.
50986,Windscreen 10 x 6 x 3 Bubble Canopy Double Tapered,Transportation,Windscreens,58,47,Windscreens and Fuselage,Plastic,,v0.23 Windscreens reconstruction; generic identifiable windscreen/canopy profile retained; minor revisions and strongly specialized/paired vehicle structures excluded.
5241,Windscreen 4 x 6 x 1 2/3 Wedge Angled,Transportation,Windscreens,59,47,Windscreens and Fuselage,Plastic,,v0.23 Windscreens reconstruction; generic identifiable windscreen/canopy profile retained; minor revisions and strongly specialized/paired vehicle structures excluded.
5274,Windscreen 6 x 8 x 2 Curved,Transportation,Windscreens,60,47,Windscreens and Fuselage,Plastic,,v0.23 Windscreens reconstruction; generic identifiable windscreen/canopy profile retained; minor revisions and strongly specialized/paired vehicle structures excluded.
52979,Windscreen 6 x 6 x 3 Dome with Dual 2 Fingers,Transportation,Windscreens,61,47,Windscreens and Fuselage,Plastic,,v0.23 Windscreens reconstruction; generic identifiable windscreen/canopy profile retained; minor revisions and strongly specialized/paired vehicle structures excluded.
54695,"Windscreen 7 x 4 x 1 2/3 with Hinges, 7 Teeth",Transportation,Windscreens,62,47,Windscreens and Fuselage,Plastic,,v0.23 Windscreens reconstruction; generic identifiable windscreen/canopy profile retained; minor revisions and strongly specialized/paired vehicle structures excluded.
5497,Windscreen Rounded 6 x 6 x 3 2/3,Transportation,Windscreens,63,47,Windscreens and Fuselage,Plastic,,v0.23 Windscreens reconstruction; generic identifiable windscreen/canopy profile retained; minor revisions and strongly specialized/paired vehicle structures excluded.
5498,Windscreen Rounded 6 x 8 x 3 2/3,Transportation,Windscreens,64,47,Windscreens and Fuselage,Plastic,,v0.23 Windscreens reconstruction; generic identifiable windscreen/canopy profile retained; minor revisions and strongly specialized/paired vehicle structures excluded.
57783,Windscreen 3 x 4 x 1 1/3 Large Glass Surface,Transportation,Windscreens,65,47,Windscreens and Fuselage,Plastic,,v0.23 Windscreens reconstruction; generic identifiable windscreen/canopy profile retained; minor revisions and strongly specialized/paired vehicle structures excluded.
6070,Windscreen 5 x 2 x 1 2/3,Transportation,Windscreens,66,47,Windscreens and Fuselage,Plastic,,v0.23 Windscreens reconstruction; generic identifiable windscreen/canopy profile retained; minor revisions and strongly specialized/paired vehicle structures excluded.
61191,Windscreen 8 x 4 x 3 Curved,Transportation,Windscreens,67,47,Windscreens and Fuselage,Plastic,,v0.23 Windscreens reconstruction; generic identifiable windscreen/canopy profile retained; minor revisions and strongly specialized/paired vehicle structures excluded.
61484,Windscreen 5 x 6 x 2 Triple Curved Top Canopy with 4 Studs,Transportation,Windscreens,68,47,Windscreens and Fuselage,Plastic,,v0.23 Windscreens reconstruction; generic identifiable windscreen/canopy profile retained; minor revisions and strongly specialized/paired vehicle structures excluded.
6152b,Windscreen 6 x 4 x 1 1/3 with Solid Studs,Transportation,Windscreens,69,47,Windscreens and Fuselage,Plastic,,v0.23 Windscreens reconstruction; generic identifiable windscreen/canopy profile retained; minor revisions and strongly specialized/paired vehicle structures excluded.
62360,Windscreen 3 x 6 x 1 Curved with 2 Circular Stud Holders in Bottom,Transportation,Windscreens,70,47,Windscreens and Fuselage,Plastic,,v0.23 Windscreens reconstruction; generic identifiable windscreen/canopy profile retained; minor revisions and strongly specialized/paired vehicle structures excluded.
6238,Windscreen 4 x 4 x 1,Transportation,Windscreens,71,47,Windscreens and Fuselage,Plastic,,v0.23 Windscreens reconstruction; generic identifiable windscreen/canopy profile retained; minor revisions and strongly specialized/paired vehicle structures excluded.
62576,Windscreen 5 x 8 x 2,Transportation,Windscreens,72,47,Windscreens and Fuselage,Plastic,,v0.23 Windscreens reconstruction; generic identifiable windscreen/canopy profile retained; minor revisions and strongly specialized/paired vehicle structures excluded.
62694,Windscreen 8 x 6 x 4 with Locking Dual 2 Fingers,Transportation,Windscreens,73,47,Windscreens and Fuselage,Plastic,,v0.23 Windscreens reconstruction; generic identifiable windscreen/canopy profile retained; minor revisions and strongly specialized/paired vehicle structures excluded.
65632,Windscreen 6 x 6 x 1 2/3,Transportation,Windscreens,74,47,Windscreens and Fuselage,Plastic,,v0.23 Windscreens reconstruction; generic identifiable windscreen/canopy profile retained; minor revisions and strongly specialized/paired vehicle structures excluded.
65633,Windscreen 6 x 6 x 1 1/3,Transportation,Windscreens,75,47,Windscreens and Fuselage,Plastic,,v0.23 Windscreens reconstruction; generic identifiable windscreen/canopy profile retained; minor revisions and strongly specialized/paired vehicle structures excluded.
69320,Windscreen 8 x 8 x 3 Dome with Dual 2 Fingers - 7 Teeth,Transportation,Windscreens,76,47,Windscreens and Fuselage,Plastic,,v0.23 Windscreens reconstruction; generic identifiable windscreen/canopy profile retained; minor revisions and strongly specialized/paired vehicle structures excluded.
7613,"Windscreen, Curved 4 x 5",Transportation,Windscreens,77,47,Windscreens and Fuselage,Plastic,,v0.23 Windscreens reconstruction; generic identifiable windscreen/canopy profile retained; minor revisions and strongly specialized/paired vehicle structures excluded.
7664,"Windscreen Round, Sloped 6 x 8 x 2",Transportation,Windscreens,78,47,Windscreens and Fuselage,Plastic,,v0.23 Windscreens reconstruction; generic identifiable windscreen/canopy profile retained; minor revisions and strongly specialized/paired vehicle structures excluded.
76796,Windscreen 4 x 6 x 1 Round,Transportation,Windscreens,79,47,Windscreens and Fuselage,Plastic,,v0.23 Windscreens reconstruction; generic identifiable windscreen/canopy profile retained; minor revisions and strongly specialized/paired vehicle structures excluded.
7893,Windscreen Curved 6 x 12 x 2,Transportation,Windscreens,80,47,Windscreens and Fuselage,Plastic,,v0.23 Windscreens reconstruction; generic identifiable windscreen/canopy profile retained; minor revisions and strongly specialized/paired vehicle structures excluded.
80222,Windscreen 6 x 7 x 1 1/3,Transportation,Windscreens,81,47,Windscreens and Fuselage,Plastic,,v0.23 Windscreens reconstruction; generic identifiable windscreen/canopy profile retained; minor revisions and strongly specialized/paired vehicle structures excluded.
81911,Windscreen 2 x 4 Half Dome,Transportation,Windscreens,82,47,Windscreens and Fuselage,Plastic,,v0.23 Windscreens reconstruction; generic identifiable windscreen/canopy profile retained; minor revisions and strongly specialized/paired vehicle structures excluded.
8253,"Windscreen Curved, Rounded 6 x 12 x 1 2/3",Transportation,Windscreens,83,47,Windscreens and Fuselage,Plastic,,v0.23 Windscreens reconstruction; generic identifiable windscreen/canopy profile retained; minor revisions and strongly specialized/paired vehicle structures excluded.
84954,Windscreen 3 x 4 x 3,Transportation,Windscreens,84,47,Windscreens and Fuselage,Plastic,,v0.23 Windscreens reconstruction; generic identifiable windscreen/canopy profile retained; minor revisions and strongly specialized/paired vehicle structures excluded.
87606,Windscreen 6 x 6 x 2 Canopy,Transportation,Windscreens,85,47,Windscreens and Fuselage,Plastic,,v0.23 Windscreens reconstruction; generic identifiable windscreen/canopy profile retained; minor revisions and strongly specialized/paired vehicle structures excluded.
87752,Windscreen 6 x 4 x 2 1/3 Bubble Canopy with Handle,Transportation,Windscreens,86,47,Windscreens and Fuselage,Plastic,,v0.23 Windscreens reconstruction; generic identifiable windscreen/canopy profile retained; minor revisions and strongly specialized/paired vehicle structures excluded.
89762,Windscreen 7 x 4 x 2 Round Extended Front Edge,Transportation,Windscreens,87,47,Windscreens and Fuselage,Plastic,,v0.23 Windscreens reconstruction; generic identifiable windscreen/canopy profile retained; minor revisions and strongly specialized/paired vehicle structures excluded.
92279,Windscreen 7 x 4 x 2 Round with Handle,Transportation,Windscreens,88,47,Windscreens and Fuselage,Plastic,,v0.23 Windscreens reconstruction; generic identifiable windscreen/canopy profile retained; minor revisions and strongly specialized/paired vehicle structures excluded.
92474,Windscreen 6 x 2 x 2 with Handle,Transportation,Windscreens,89,47,Windscreens and Fuselage,Plastic,,v0.23 Windscreens reconstruction; generic identifiable windscreen/canopy profile retained; minor revisions and strongly specialized/paired vehicle structures excluded.
92579,Windscreen 8 x 4 x 2 with 4 Studs and Handle,Transportation,Windscreens,90,47,Windscreens and Fuselage,Plastic,,v0.23 Windscreens reconstruction; generic identifiable windscreen/canopy profile retained; minor revisions and strongly specialized/paired vehicle structures excluded.
92580,Windscreen 5 x 6 x 2 Curved Top Canopy with 4 Studs and Handle,Transportation,Windscreens,91,47,Windscreens and Fuselage,Plastic,,v0.23 Windscreens reconstruction; generic identifiable windscreen/canopy profile retained; minor revisions and strongly specialized/paired vehicle structures excluded.
92583,Windscreen 3 x 6 x 2,Transportation,Windscreens,92,47,Windscreens and Fuselage,Plastic,,v0.23 Windscreens reconstruction; generic identifiable windscreen/canopy profile retained; minor revisions and strongly specialized/paired vehicle structures excluded.
95198,Windscreen 8 x 8 x 3 Dome with Dual 2 Fingers - 7 Teeth,Transportation,Windscreens,93,47,Windscreens and Fuselage,Plastic,,v0.23 Windscreens reconstruction; generic identifiable windscreen/canopy profile retained; minor revisions and strongly specialized/paired vehicle structures excluded.
98102,Windscreen 8 x 6 x 2 1/3 Bubble Canopy with Handle,Transportation,Windscreens,94,47,Windscreens and Fuselage,Plastic,,v0.23 Windscreens reconstruction; generic identifiable windscreen/canopy profile retained; minor revisions and strongly specialized/paired vehicle structures excluded.
98878,Windscreen 10 x 4 x 2 with Handle,Transportation,Windscreens,95,47,Windscreens and Fuselage,Plastic,,v0.23 Windscreens reconstruction; generic identifiable windscreen/canopy profile retained; minor revisions and strongly specialized/paired vehicle structures excluded.
upn0251,Windscreen 2 x 4 x 1 Curved Front,Transportation,Windscreens,96,47,Windscreens and Fuselage,Plastic,,v0.23 Windscreens reconstruction; generic identifiable windscreen/canopy profile retained; minor revisions and strongly specialized/paired vehicle structures excluded.
28324,Vehicle Base 6 x 12 x 3/4 with 4 x 2 Recessed Center with Smooth Underside,Transportation,Land,3,36,Transportation - Land,Plastic,,"v0.24 Land reconstruction; road/construction vehicle identity dominates; train/track, generic furniture, and minor assembly/color variants excluded."
28326,"Wheel Arch, Mudguard 3 x 4 with 2 x 2 Plate",Transportation,Land,4,36,Transportation - Land,Plastic,,"v0.24 Land reconstruction; road/construction vehicle identity dominates; train/track, generic furniture, and minor assembly/color variants excluded."
30029,Vehicle Base 4 x 10 x 2/3 with 4 x 2 Recessed Center with Smooth Underside,Transportation,Land,5,36,Transportation - Land,Plastic,,"v0.24 Land reconstruction; road/construction vehicle identity dominates; train/track, generic furniture, and minor assembly/color variants excluded."
30031,Handlebars,Transportation,Land,6,36,Transportation - Land,Plastic,,"v0.24 Land reconstruction; road/construction vehicle identity dominates; train/track, generic furniture, and minor assembly/color variants excluded."
30076,"Vehicle Base, Brick Special 4 x 10 with 4 Pins",Transportation,Land,7,36,Transportation - Land,Plastic,,"v0.24 Land reconstruction; road/construction vehicle identity dominates; train/track, generic furniture, and minor assembly/color variants excluded."
30149,Vehicle Base 6 x 5 x 2 [2 Seats],Transportation,Land,8,36,Transportation - Land,Plastic,,"v0.24 Land reconstruction; road/construction vehicle identity dominates; train/track, generic furniture, and minor assembly/color variants excluded."
30184,"Vehicle Base, Trailer 6 x 26 x 2 2/3",Transportation,Land,9,36,Transportation - Land,Plastic,,"v0.24 Land reconstruction; road/construction vehicle identity dominates; train/track, generic furniture, and minor assembly/color variants excluded."
30189,Tricycle Body Front Fork / Handlebars,Transportation,Land,10,36,Transportation - Land,Plastic,,"v0.24 Land reconstruction; road/construction vehicle identity dominates; train/track, generic furniture, and minor assembly/color variants excluded."
30235,"Vehicle Base 4 x 10 x 1 2/3, Inverted Slope Double, 1 x 2 Cutouts",Transportation,Land,11,36,Transportation - Land,Plastic,,"v0.24 Land reconstruction; road/construction vehicle identity dominates; train/track, generic furniture, and minor assembly/color variants excluded."
30262,Vehicle Base 4 x 14 x 1 2/3,Transportation,Land,12,36,Transportation - Land,Plastic,,"v0.24 Land reconstruction; road/construction vehicle identity dominates; train/track, generic furniture, and minor assembly/color variants excluded."
30263,"Vehicle Base, Trailer 6 x 12 x 1 1/3",Transportation,Land,13,36,Transportation - Land,Plastic,,"v0.24 Land reconstruction; road/construction vehicle identity dominates; train/track, generic furniture, and minor assembly/color variants excluded."
30277,"Vehicle Base 2 x 8 x 1 1/3, Inverted Slope Double",Transportation,Land,14,36,Transportation - Land,Plastic,,"v0.24 Land reconstruction; road/construction vehicle identity dominates; train/track, generic furniture, and minor assembly/color variants excluded."
30278c01,Vehicle Base 4 x 12 x 1 2/3,Transportation,Land,15,36,Transportation - Land,Plastic,,"v0.24 Land reconstruction; road/construction vehicle identity dominates; train/track, generic furniture, and minor assembly/color variants excluded."
30295,"Vehicle Base 12 x 18 x 1 1/3, Recessed Surface, Cutouts, Wedged Front",Transportation,Land,16,36,Transportation - Land,Plastic,,"v0.24 Land reconstruction; road/construction vehicle identity dominates; train/track, generic furniture, and minor assembly/color variants excluded."
30300,Tipper Bed 12 x 8 x 3 1/3,Transportation,Land,17,36,Transportation - Land,Plastic,,"v0.24 Land reconstruction; road/construction vehicle identity dominates; train/track, generic furniture, and minor assembly/color variants excluded."
30394,"Construction Vehicle Bucket 3 x 6, 9 Hinge Teeth",Transportation,Land,18,36,Transportation - Land,Plastic,,"v0.24 Land reconstruction; road/construction vehicle identity dominates; train/track, generic furniture, and minor assembly/color variants excluded."
30398,Tipper Drum 4 x 4 x 5 Cement Mixer with Two Pins,Transportation,Land,19,36,Transportation - Land,Plastic,,"v0.24 Land reconstruction; road/construction vehicle identity dominates; train/track, generic furniture, and minor assembly/color variants excluded."
30620,"Vehicle Base, Trailer 8 x 30 x 3 1/3",Transportation,Land,20,36,Transportation - Land,Plastic,,"v0.24 Land reconstruction; road/construction vehicle identity dominates; train/track, generic furniture, and minor assembly/color variants excluded."
30622,Grille 1 x 4 [Two Pins],Transportation,Land,21,36,Transportation - Land,Plastic,,"v0.24 Land reconstruction; road/construction vehicle identity dominates; train/track, generic furniture, and minor assembly/color variants excluded."
30626,Spoiler 3 x 4 x 6,Transportation,Land,22,36,Transportation - Land,Plastic,,"v0.24 Land reconstruction; road/construction vehicle identity dominates; train/track, generic furniture, and minor assembly/color variants excluded."
30632,Grille 6 x 4 x 3 [2 Pins & 2 Pin Holes],Transportation,Land,23,36,Transportation - Land,Plastic,,"v0.24 Land reconstruction; road/construction vehicle identity dominates; train/track, generic furniture, and minor assembly/color variants excluded."
30640,Steering Wheel Holder 2 x 2,Transportation,Land,24,36,Transportation - Land,Plastic,,"v0.24 Land reconstruction; road/construction vehicle identity dominates; train/track, generic furniture, and minor assembly/color variants excluded."
30642,"Vehicle Base 4 x 14 x 2 1/3, 2 x 12 Recessed Center, Pins, Pin Holes",Transportation,Land,25,36,Transportation - Land,Plastic,,"v0.24 Land reconstruction; road/construction vehicle identity dominates; train/track, generic furniture, and minor assembly/color variants excluded."
30643,Vehicle Base 4 x 10 x 1 1/3 with 8 x 2 Recessed Center [4 Pins / Technic Holes],Transportation,Land,26,36,Transportation - Land,Plastic,,"v0.24 Land reconstruction; road/construction vehicle identity dominates; train/track, generic furniture, and minor assembly/color variants excluded."
30647,Fairing 1 x 4 Side Flaring Intake with Two Pins,Transportation,Land,27,36,Transportation - Land,Plastic,,"v0.24 Land reconstruction; road/construction vehicle identity dominates; train/track, generic furniture, and minor assembly/color variants excluded."
30663,"Steering Wheel Small, 2 x 2",Transportation,Land,28,36,Transportation - Land,Plastic,,"v0.24 Land reconstruction; road/construction vehicle identity dominates; train/track, generic furniture, and minor assembly/color variants excluded."
30836,"Vehicle Base, Trailer 6 x 21 x 3 (Mack)",Transportation,Land,29,36,Transportation - Land,Plastic,,"v0.24 Land reconstruction; road/construction vehicle identity dominates; train/track, generic furniture, and minor assembly/color variants excluded."
30837,"Vehicle Base 4 x 8 x 1 1/3 with Wheel Pins, 4 studs on each side, 2 x 2 Recessed Center and Hole",Transportation,Land,30,36,Transportation - Land,Plastic,,"v0.24 Land reconstruction; road/construction vehicle identity dominates; train/track, generic furniture, and minor assembly/color variants excluded."
30839,"Vehicle Body, Wheel Arch / Mudguard 3 x 4 x 2 with Flat Top, Steep Front and Curved Fenders [Plain]",Transportation,Land,31,36,Transportation - Land,Plastic,,"v0.24 Land reconstruction; road/construction vehicle identity dominates; train/track, generic furniture, and minor assembly/color variants excluded."
30842,"Vehicle Base 4 x 14 x 1 with Towball Hitch, 3 Studs on Each Side (Semi Tractor)",Transportation,Land,32,36,Transportation - Land,Plastic,,"v0.24 Land reconstruction; road/construction vehicle identity dominates; train/track, generic furniture, and minor assembly/color variants excluded."
30925,"Spoiler, Plate Special 1 x 2",Transportation,Land,33,36,Transportation - Land,Plastic,,"v0.24 Land reconstruction; road/construction vehicle identity dominates; train/track, generic furniture, and minor assembly/color variants excluded."
3132,"Fairing, Motorcycle, Racing (Sport) Bike with Rounded Front, 1 x 2 Studs",Transportation,Land,34,36,Transportation - Land,Plastic,,"v0.24 Land reconstruction; road/construction vehicle identity dominates; train/track, generic furniture, and minor assembly/color variants excluded."
3166,"Wheel Arch, Mudguard 10 x 4 x 2/3",Transportation,Land,35,36,Transportation - Land,Plastic,,"v0.24 Land reconstruction; road/construction vehicle identity dominates; train/track, generic furniture, and minor assembly/color variants excluded."
3314,"Construction Vehicle Bucket Arm, Small - 2 x 6 x 2",Transportation,Land,36,36,Transportation - Land,Plastic,,"v0.24 Land reconstruction; road/construction vehicle identity dominates; train/track, generic furniture, and minor assembly/color variants excluded."
3385,"Vehicle Base 6 x 12 x 1 with Holes, 6 Studs On sides, 1 x 2 Cutouts on Ends",Transportation,Land,37,36,Transportation - Land,Plastic,,"v0.24 Land reconstruction; road/construction vehicle identity dominates; train/track, generic furniture, and minor assembly/color variants excluded."
3387,"Wheel Arch, Mudguard 4 x 2 x 2 1/2",Transportation,Land,38,36,Transportation - Land,Plastic,,"v0.24 Land reconstruction; road/construction vehicle identity dominates; train/track, generic furniture, and minor assembly/color variants excluded."
3400,"Mobility Scooter Chassis, 2 x 2 Studs, Mudguards",Transportation,Land,39,36,Transportation - Land,Plastic,,"v0.24 Land reconstruction; road/construction vehicle identity dominates; train/track, generic furniture, and minor assembly/color variants excluded."
3429,Forklift Carriage 2 x 2 Plate,Transportation,Land,40,36,Transportation - Land,Plastic,,"v0.24 Land reconstruction; road/construction vehicle identity dominates; train/track, generic furniture, and minor assembly/color variants excluded."
3433,Construction Vehicle Bucket Smooth 3 x 5 x 1 & 1/3,Transportation,Land,41,36,Transportation - Land,Plastic,,"v0.24 Land reconstruction; road/construction vehicle identity dominates; train/track, generic furniture, and minor assembly/color variants excluded."
3436,Tipper End Sloped,Transportation,Land,42,36,Transportation - Land,Plastic,,"v0.24 Land reconstruction; road/construction vehicle identity dominates; train/track, generic furniture, and minor assembly/color variants excluded."
35654,"Grille Bar 1 x 4 x 1 2/3 Bull Bar, Rounded",Transportation,Land,43,36,Transportation - Land,Plastic,,"v0.24 Land reconstruction; road/construction vehicle identity dominates; train/track, generic furniture, and minor assembly/color variants excluded."
35789,"Wheel Arch, Mudguard 4 x 2 x 2 1/2",Transportation,Land,44,36,Transportation - Land,Plastic,,"v0.24 Land reconstruction; road/construction vehicle identity dominates; train/track, generic furniture, and minor assembly/color variants excluded."
36273,"Vehicle Body, Scooter Base",Transportation,Land,45,36,Transportation - Land,Plastic,,"v0.24 Land reconstruction; road/construction vehicle identity dominates; train/track, generic furniture, and minor assembly/color variants excluded."
36934,Bicycle Frame,Transportation,Land,46,36,Transportation - Land,Plastic,,"v0.24 Land reconstruction; road/construction vehicle identity dominates; train/track, generic furniture, and minor assembly/color variants excluded."
37496,"Vehicle Base, Motorcycle Chassis",Transportation,Land,47,36,Transportation - Land,Plastic,,"v0.24 Land reconstruction; road/construction vehicle identity dominates; train/track, generic furniture, and minor assembly/color variants excluded."
3787,"Wheel Arch, Mudguard 2 x 4 [Smooth]",Transportation,Land,48,36,Transportation - Land,Plastic,,"v0.24 Land reconstruction; road/construction vehicle identity dominates; train/track, generic furniture, and minor assembly/color variants excluded."
4080,"Tipper Bed 4 x 6, Open Studs",Transportation,Land,49,36,Transportation - Land,Plastic,,"v0.24 Land reconstruction; road/construction vehicle identity dominates; train/track, generic furniture, and minor assembly/color variants excluded."
4089,"Construction Vehicle Bucket, Slope Inverted 33° 3 x 2 Hollow with Towball (Arm Piece)",Transportation,Land,50,36,Transportation - Land,Plastic,,"v0.24 Land reconstruction; road/construction vehicle identity dominates; train/track, generic furniture, and minor assembly/color variants excluded."
41854,Mudguard 2 x 4 with 2 x 2 Studs and Flared Wings,Transportation,Land,51,36,Transportation - Land,Plastic,,"v0.24 Land reconstruction; road/construction vehicle identity dominates; train/track, generic furniture, and minor assembly/color variants excluded."
4211,"Vehicle Base 4 x 5 with Wheel Arches, 2 x 2 Opening",Transportation,Land,52,36,Transportation - Land,Plastic,,"v0.24 Land reconstruction; road/construction vehicle identity dominates; train/track, generic furniture, and minor assembly/color variants excluded."
4212b,"Vehicle Base 4 x 10 x 2/3 with 2 x 2 Recessed Center with Smooth Underside, 1 x 2 Cutouts, No Center Hole",Transportation,Land,53,36,Transportation - Land,Plastic,,"v0.24 Land reconstruction; road/construction vehicle identity dominates; train/track, generic furniture, and minor assembly/color variants excluded."
42947,"Brick Special 2 x 4 with Wheels Holder, Cross Slit with 2 x 2 Recessed and Hole",Transportation,Land,54,36,Transportation - Land,Plastic,,"v0.24 Land reconstruction; road/construction vehicle identity dominates; train/track, generic furniture, and minor assembly/color variants excluded."
4466,Exhaust Pipe Twin Inlet 11L Left,Transportation,Land,55,36,Transportation - Land,Plastic,,"v0.24 Land reconstruction; road/construction vehicle identity dominates; train/track, generic furniture, and minor assembly/color variants excluded."
4467,Exhaust Pipe Twin Inlet 11L Right,Transportation,Land,56,36,Transportation - Land,Plastic,,"v0.24 Land reconstruction; road/construction vehicle identity dominates; train/track, generic furniture, and minor assembly/color variants excluded."
44674,Mudguard 2 x 4 with Molded Headlights,Transportation,Land,57,36,Transportation - Land,Plastic,,"v0.24 Land reconstruction; road/construction vehicle identity dominates; train/track, generic furniture, and minor assembly/color variants excluded."
4480c01,"Vehicle Base, Motorcycle Chassis, Frame 3 x 6 x 3",Transportation,Land,58,36,Transportation - Land,Plastic,,"v0.24 Land reconstruction; road/construction vehicle identity dominates; train/track, generic furniture, and minor assembly/color variants excluded."
4517,"Forklift Forks, Wide",Transportation,Land,59,36,Transportation - Land,Plastic,,"v0.24 Land reconstruction; road/construction vehicle identity dominates; train/track, generic furniture, and minor assembly/color variants excluded."
45400,"Vehicle Base, Trailer 4 x 24 x 3 1/3",Transportation,Land,60,36,Transportation - Land,Plastic,,"v0.24 Land reconstruction; road/construction vehicle identity dominates; train/track, generic furniture, and minor assembly/color variants excluded."
45408,Fuel Tank 2 x 4 [Two Pins],Transportation,Land,61,36,Transportation - Land,Plastic,,"v0.24 Land reconstruction; road/construction vehicle identity dominates; train/track, generic furniture, and minor assembly/color variants excluded."
45409,Grille 2 x 6 with Two Pins,Transportation,Land,62,36,Transportation - Land,Plastic,,"v0.24 Land reconstruction; road/construction vehicle identity dominates; train/track, generic furniture, and minor assembly/color variants excluded."
45950,"Vehicle Base, Motorcycle Chassis 2 x 8 x 3",Transportation,Land,63,36,Transportation - Land,Plastic,,"v0.24 Land reconstruction; road/construction vehicle identity dominates; train/track, generic furniture, and minor assembly/color variants excluded."
45951,"Fairing, Motorcycle 4 x 3 x 3 with Axle",Transportation,Land,64,36,Transportation - Land,Plastic,,"v0.24 Land reconstruction; road/construction vehicle identity dominates; train/track, generic furniture, and minor assembly/color variants excluded."
4626,"Construction Vehicle Bucket 2 x 3 Curved Bottom, Hollow, with Hinge 2 Fingers",Transportation,Land,65,36,Transportation - Land,Plastic,,"v0.24 Land reconstruction; road/construction vehicle identity dominates; train/track, generic furniture, and minor assembly/color variants excluded."
4719,Bicycle Frame [Solid Stud],Transportation,Land,66,36,Transportation - Land,Plastic,,"v0.24 Land reconstruction; road/construction vehicle identity dominates; train/track, generic furniture, and minor assembly/color variants excluded."
47501,Fairing 1 x 2 Stepped with Two Pins,Transportation,Land,67,36,Transportation - Land,Plastic,,"v0.24 Land reconstruction; road/construction vehicle identity dominates; train/track, generic furniture, and minor assembly/color variants excluded."
47508,"Construction Vehicle Bucket 4 x 8 with Locking 2 Finger Hinge, Flat Inside",Transportation,Land,68,36,Transportation - Land,Plastic,,"v0.24 Land reconstruction; road/construction vehicle identity dominates; train/track, generic furniture, and minor assembly/color variants excluded."
47755,"Wheel Arch, Curved Wedge 4 x 3 with 2 x 2 Opening and 4 Studs",Transportation,Land,69,36,Transportation - Land,Plastic,,"v0.24 Land reconstruction; road/construction vehicle identity dominates; train/track, generic furniture, and minor assembly/color variants excluded."
49097,"Wheel Arch, Mudguard 2 x 3 x 1 1/3 with 2 x 2 Plate",Transportation,Land,70,36,Transportation - Land,Plastic,,"v0.24 Land reconstruction; road/construction vehicle identity dominates; train/track, generic furniture, and minor assembly/color variants excluded."
50015,"Bicycle Frame, Clip for Handle Bars",Transportation,Land,71,36,Transportation - Land,Plastic,,"v0.24 Land reconstruction; road/construction vehicle identity dominates; train/track, generic furniture, and minor assembly/color variants excluded."
50335,"Construction Vehicle Bucket 3 x 6 with Hinge, Reinforced Center",Transportation,Land,72,36,Transportation - Land,Plastic,,"v0.24 Land reconstruction; road/construction vehicle identity dominates; train/track, generic furniture, and minor assembly/color variants excluded."
50745,"Wheel Arch, Mudguard 4 x 2 1/2 x 2 with 2 x 2 Plate",Transportation,Land,73,36,Transportation - Land,Plastic,,"v0.24 Land reconstruction; road/construction vehicle identity dominates; train/track, generic furniture, and minor assembly/color variants excluded."
50859b,"Vehicle Base, Motorcycle Chassis, Long Fairing Mounts",Transportation,Land,74,36,Transportation - Land,Plastic,,"v0.24 Land reconstruction; road/construction vehicle identity dominates; train/track, generic furniture, and minor assembly/color variants excluded."
50860,"Fairing, Motorcycle, Dirt Bike",Transportation,Land,75,36,Transportation - Land,Plastic,,"v0.24 Land reconstruction; road/construction vehicle identity dominates; train/track, generic furniture, and minor assembly/color variants excluded."
50943,Engine / Air Scoop 2 x 2,Transportation,Land,76,36,Transportation - Land,Plastic,,"v0.24 Land reconstruction; road/construction vehicle identity dominates; train/track, generic furniture, and minor assembly/color variants excluded."
50946,Grille 1 x 2 x 2 2/3 Sloping,Transportation,Land,77,36,Transportation - Land,Plastic,,"v0.24 Land reconstruction; road/construction vehicle identity dominates; train/track, generic furniture, and minor assembly/color variants excluded."
50947,"Wheel Arch, Mudguard 1 x 4 1/2",Transportation,Land,78,36,Transportation - Land,Plastic,,"v0.24 Land reconstruction; road/construction vehicle identity dominates; train/track, generic furniture, and minor assembly/color variants excluded."
52035,"Fairing, Motorcycle, Modern",Transportation,Land,79,36,Transportation - Land,Plastic,,"v0.24 Land reconstruction; road/construction vehicle identity dominates; train/track, generic furniture, and minor assembly/color variants excluded."
52036,Vehicle Base 4 x 12 x 3/4 with 4 x 2 Recessed Center with Smooth Underside,Transportation,Land,80,36,Transportation - Land,Plastic,,"v0.24 Land reconstruction; road/construction vehicle identity dominates; train/track, generic furniture, and minor assembly/color variants excluded."
52037,Vehicle Base 6 x 16 x 2/3 with 4 x 4 Recessed Center,Transportation,Land,81,36,Transportation - Land,Plastic,,"v0.24 Land reconstruction; road/construction vehicle identity dominates; train/track, generic furniture, and minor assembly/color variants excluded."
65521,"Fairing, Motorcycle Frame, Vintage no Front Mudguard",Transportation,Land,82,36,Transportation - Land,Plastic,,"v0.24 Land reconstruction; road/construction vehicle identity dominates; train/track, generic furniture, and minor assembly/color variants excluded."
77083,"Grille Bar 1 x 4 x 1 2/3 Bull Bar, Squared",Transportation,Land,83,36,Transportation - Land,Plastic,,"v0.24 Land reconstruction; road/construction vehicle identity dominates; train/track, generic furniture, and minor assembly/color variants excluded."
21301,Boat / Rowing Boat 14 x 5 x 2 with Oarlocks [No Hollow Inside Studs],Transportation,Sea,1,35,Transportation - Sea and Air,Plastic,,"v0.25 Sea reconstruction; hull/deck/mast/boat-bow identity retained; color assemblies, printed sails, propulsion hardware and minor revisions excluded."
2551,Boat / Rowing Boat 14 x 5 x 2 with Oarlocks [2 Hollow Inside Studs],Transportation,Sea,2,35,Transportation - Sea and Air,Plastic,,"v0.25 Sea reconstruction; hull/deck/mast/boat-bow identity retained; color assemblies, printed sails, propulsion hardware and minor revisions excluded."
29110,Boat / Kayak 2 x 15,Transportation,Sea,3,35,Transportation - Sea and Air,Plastic,,"v0.25 Sea reconstruction; hull/deck/mast/boat-bow identity retained; color assemblies, printed sails, propulsion hardware and minor revisions excluded."
30086c01,Boat / Rubber Raft / Dinghy 6 x 10,Transportation,Sea,4,35,Transportation - Sea and Air,Plastic,,"v0.25 Sea reconstruction; hull/deck/mast/boat-bow identity retained; color assemblies, printed sails, propulsion hardware and minor revisions excluded."
33129,Boat / Rowing Boat 18 x 8 x 2 1/3 with Oarlocks,Transportation,Sea,5,35,Transportation - Sea and Air,Plastic,,"v0.25 Sea reconstruction; hull/deck/mast/boat-bow identity retained; color assemblies, printed sails, propulsion hardware and minor revisions excluded."
4787,Boat Hull Fabuland,Transportation,Sea,6,35,Transportation - Sea and Air,Plastic,,"v0.25 Sea reconstruction; hull/deck/mast/boat-bow identity retained; color assemblies, printed sails, propulsion hardware and minor revisions excluded."
4793,"Boat / Rowing Boat, Fabuland",Transportation,Sea,7,35,Transportation - Sea and Air,Plastic,,"v0.25 Sea reconstruction; hull/deck/mast/boat-bow identity retained; color assemblies, printed sails, propulsion hardware and minor revisions excluded."
6021,Boat / Canoe,Transportation,Sea,8,35,Transportation - Sea and Air,Plastic,,"v0.25 Sea reconstruction; hull/deck/mast/boat-bow identity retained; color assemblies, printed sails, propulsion hardware and minor revisions excluded."
62812,"Boat / Rubber Raft / Dinghy, Large 22 x 10 x 3",Transportation,Sea,9,35,Transportation - Sea and Air,Plastic,,"v0.25 Sea reconstruction; hull/deck/mast/boat-bow identity retained; color assemblies, printed sails, propulsion hardware and minor revisions excluded."
78611,Boat / Rubber Raft / Dinghy 6 x 12,Transportation,Sea,10,35,Transportation - Sea and Air,Plastic,,"v0.25 Sea reconstruction; hull/deck/mast/boat-bow identity retained; color assemblies, printed sails, propulsion hardware and minor revisions excluded."
125c01,Boat 24 x 6 x 3 [Complete Assembly],Transportation,Sea,11,35,Transportation - Sea and Air,Plastic,,"v0.25 Sea reconstruction; hull/deck/mast/boat-bow identity retained; color assemblies, printed sails, propulsion hardware and minor revisions excluded."
18913,Boat Hull 20 x 40 x 7,Transportation,Sea,12,35,Transportation - Sea and Air,Plastic,,"v0.25 Sea reconstruction; hull/deck/mast/boat-bow identity retained; color assemblies, printed sails, propulsion hardware and minor revisions excluded."
23997,Boat Hull 12 x 40 x 5,Transportation,Sea,13,35,Transportation - Sea and Air,Plastic,,"v0.25 Sea reconstruction; hull/deck/mast/boat-bow identity retained; color assemblies, printed sails, propulsion hardware and minor revisions excluded."
28533,Boat Hull 8 x 16 x 3,Transportation,Sea,14,35,Transportation - Sea and Air,Plastic,,"v0.25 Sea reconstruction; hull/deck/mast/boat-bow identity retained; color assemblies, printed sails, propulsion hardware and minor revisions excluded."
30215,Boat Hull 52 x 16 x 5,Transportation,Sea,15,35,Transportation - Sea and Air,Plastic,,"v0.25 Sea reconstruction; hull/deck/mast/boat-bow identity retained; color assemblies, printed sails, propulsion hardware and minor revisions excluded."
4245,Boat Hull 20 x 50 x 7,Transportation,Sea,16,35,Transportation - Sea and Air,Plastic,,"v0.25 Sea reconstruction; hull/deck/mast/boat-bow identity retained; color assemblies, printed sails, propulsion hardware and minor revisions excluded."
50821,Boat Hull 48 x 6 x 4 1/3,Transportation,Sea,17,35,Transportation - Sea and Air,Plastic,,"v0.25 Sea reconstruction; hull/deck/mast/boat-bow identity retained; color assemblies, printed sails, propulsion hardware and minor revisions excluded."
54100,Boat Hull 51 x 12 x 6,Transportation,Sea,18,35,Transportation - Sea and Air,Plastic,,"v0.25 Sea reconstruction; hull/deck/mast/boat-bow identity retained; color assemblies, printed sails, propulsion hardware and minor revisions excluded."
57789,Boat Hull 74 x 18 x 7,Transportation,Sea,19,35,Transportation - Sea and Air,Plastic,,"v0.25 Sea reconstruction; hull/deck/mast/boat-bow identity retained; color assemblies, printed sails, propulsion hardware and minor revisions excluded."
62791,Boat Hull 51 x 12 x 6 with Side Bulges,Transportation,Sea,20,35,Transportation - Sea and Air,Plastic,,"v0.25 Sea reconstruction; hull/deck/mast/boat-bow identity retained; color assemblies, printed sails, propulsion hardware and minor revisions excluded."
65781,Boat / Pontoon 36 x 7 x 7 with Blue Bottom,Transportation,Sea,21,35,Transportation - Sea and Air,Plastic,,"v0.25 Sea reconstruction; hull/deck/mast/boat-bow identity retained; color assemblies, printed sails, propulsion hardware and minor revisions excluded."
71610,Boat Hull 32 x 10 x 1 2/3 [Plain],Transportation,Sea,22,35,Transportation - Sea and Air,Plastic,,"v0.25 Sea reconstruction; hull/deck/mast/boat-bow identity retained; color assemblies, printed sails, propulsion hardware and minor revisions excluded."
71958,Boat Hull 22 x 8 x 2 1/3,Transportation,Sea,23,35,Transportation - Sea and Air,Plastic,,"v0.25 Sea reconstruction; hull/deck/mast/boat-bow identity retained; color assemblies, printed sails, propulsion hardware and minor revisions excluded."
92710,Boat Hull 8 x 28 x 3,Transportation,Sea,24,35,Transportation - Sea and Air,Plastic,,"v0.25 Sea reconstruction; hull/deck/mast/boat-bow identity retained; color assemblies, printed sails, propulsion hardware and minor revisions excluded."
109847c01,Boat 10 x 34 x 5 1/3 with Dark Bluish Grey Deck [Complete Assembly],Transportation,Sea,25,35,Transportation - Sea and Air,Plastic,,"v0.25 Sea reconstruction; hull/deck/mast/boat-bow identity retained; color assemblies, printed sails, propulsion hardware and minor revisions excluded."
164c01,"Boat Hull Section, Stern 6 x 6 x 3 1/3 with Light Gray Deck",Transportation,Sea,26,35,Transportation - Sea and Air,Plastic,,"v0.25 Sea reconstruction; hull/deck/mast/boat-bow identity retained; color assemblies, printed sails, propulsion hardware and minor revisions excluded."
185c01,"Boat Hull Section, Middle 6 x 8 x 3 1/3 with Light Gray Deck",Transportation,Sea,27,35,Transportation - Sea and Air,Plastic,,"v0.25 Sea reconstruction; hull/deck/mast/boat-bow identity retained; color assemblies, printed sails, propulsion hardware and minor revisions excluded."
2622,"Brick Wedged, Sloped Inverted 8 x 10 x 1 Boat Bow",Transportation,Sea,28,6,Bricks Wedged,Plastic,,v0.35 final reconciliation: brick boat-bow identity moved to Transportation — Sea; replaces color-specific complete hull-section assembly.
2626,"Brick Wedged, Sloped Inverted 6 x 6 x 1 Boat Bow",Transportation,Sea,29,6,Bricks Wedged,Plastic,,v0.35 final reconciliation: brick boat-bow identity moved to Transportation — Sea; replaces color-specific complete hull-section assembly.
2560,"Boat Hull Section, Large Middle 8 x 16 x 2 1/3 with 8 or 9 Holes",Transportation,Sea,30,35,Transportation - Sea and Air,Plastic,,"v0.25 Sea reconstruction; hull/deck/mast/boat-bow identity retained; color assemblies, printed sails, propulsion hardware and minor revisions excluded."
2623,"Boat Hull Section, Bow Top 8 x 10 x 1",Transportation,Sea,31,35,Transportation - Sea and Air,Plastic,,"v0.25 Sea reconstruction; hull/deck/mast/boat-bow identity retained; color assemblies, printed sails, propulsion hardware and minor revisions excluded."
2627,"Boat Hull Section, Bow Top 6 x 6 x 1",Transportation,Sea,32,35,Transportation - Sea and Air,Plastic,,"v0.25 Sea reconstruction; hull/deck/mast/boat-bow identity retained; color assemblies, printed sails, propulsion hardware and minor revisions excluded."
47404,"Boat Hull Section, Brick 10 x 12 x 1 with 4 x 6 Cutout",Transportation,Sea,33,35,Transportation - Sea and Air,Plastic,,"v0.25 Sea reconstruction; hull/deck/mast/boat-bow identity retained; color assemblies, printed sails, propulsion hardware and minor revisions excluded."
47980,"Boat Hull Section, Giant Bow 19 x 22, Base",Transportation,Sea,34,35,Transportation - Sea and Air,Plastic,,"v0.25 Sea reconstruction; hull/deck/mast/boat-bow identity retained; color assemblies, printed sails, propulsion hardware and minor revisions excluded."
47983,"Boat Hull Section, Giant Middle 16 x 22",Transportation,Sea,35,35,Transportation - Sea and Air,Plastic,,"v0.25 Sea reconstruction; hull/deck/mast/boat-bow identity retained; color assemblies, printed sails, propulsion hardware and minor revisions excluded."
47986,"Boat Hull Section, Giant Stern 16 x 22",Transportation,Sea,36,35,Transportation - Sea and Air,Plastic,,"v0.25 Sea reconstruction; hull/deck/mast/boat-bow identity retained; color assemblies, printed sails, propulsion hardware and minor revisions excluded."
53452,"Boat Hull Section, Viking Bow / Stern",Transportation,Sea,37,35,Transportation - Sea and Air,Plastic,,"v0.25 Sea reconstruction; hull/deck/mast/boat-bow identity retained; color assemblies, printed sails, propulsion hardware and minor revisions excluded."
6050,"Boat Hull Section, Small Bow 12 x 12 x 5 1/3",Transportation,Sea,38,35,Transportation - Sea and Air,Plastic,,"v0.25 Sea reconstruction; hull/deck/mast/boat-bow identity retained; color assemblies, printed sails, propulsion hardware and minor revisions excluded."
6052,"Boat Hull Section, Small Stern 14 x 12 x 5 1/3, Base",Transportation,Sea,39,35,Transportation - Sea and Air,Plastic,,"v0.25 Sea reconstruction; hull/deck/mast/boat-bow identity retained; color assemblies, printed sails, propulsion hardware and minor revisions excluded."
6054,"Boat Hull Section, Small Middle 8 x 12",Transportation,Sea,40,35,Transportation - Sea and Air,Plastic,,"v0.25 Sea reconstruction; hull/deck/mast/boat-bow identity retained; color assemblies, printed sails, propulsion hardware and minor revisions excluded."
64645,"Boat Hull Section, Brick 16 x 10 x 3",Transportation,Sea,41,35,Transportation - Sea and Air,Plastic,,"v0.25 Sea reconstruction; hull/deck/mast/boat-bow identity retained; color assemblies, printed sails, propulsion hardware and minor revisions excluded."
64651,"Boat Hull Section, Brick 16 x 13 x 2",Transportation,Sea,42,35,Transportation - Sea and Air,Plastic,,"v0.25 Sea reconstruction; hull/deck/mast/boat-bow identity retained; color assemblies, printed sails, propulsion hardware and minor revisions excluded."
95227,"Boat Hull Section, Large Middle 8 x 16 x 2 1/3 with 5 Holes",Transportation,Sea,43,35,Transportation - Sea and Air,Plastic,,"v0.25 Sea reconstruction; hull/deck/mast/boat-bow identity retained; color assemblies, printed sails, propulsion hardware and minor revisions excluded."
upn0307c01,"Boat Hull Section, Middle 12 x 6 x 3 1/3, Deck Color Light Gray",Transportation,Sea,44,35,Transportation - Sea and Air,Plastic,,"v0.25 Sea reconstruction; hull/deck/mast/boat-bow identity retained; color assemblies, printed sails, propulsion hardware and minor revisions excluded."
18912,Boat Deck 20 x 40 x 7,Transportation,Sea,45,35,Transportation - Sea and Air,Plastic,,"v0.25 Sea reconstruction; hull/deck/mast/boat-bow identity retained; color assemblies, printed sails, propulsion hardware and minor revisions excluded."
23998,Boat Deck 12 x 40 x 5,Transportation,Sea,46,35,Transportation - Sea and Air,Plastic,,"v0.25 Sea reconstruction; hull/deck/mast/boat-bow identity retained; color assemblies, printed sails, propulsion hardware and minor revisions excluded."
28535,Boat Deck 8 x 16 x 3,Transportation,Sea,47,35,Transportation - Sea and Air,Plastic,,"v0.25 Sea reconstruction; hull/deck/mast/boat-bow identity retained; color assemblies, printed sails, propulsion hardware and minor revisions excluded."
30216,"Boat Deck Section, Bow Brick 16 x 16 x 1 with 4 x 6 Opening",Transportation,Sea,48,35,Transportation - Sea and Air,Plastic,,"v0.25 Sea reconstruction; hull/deck/mast/boat-bow identity retained; color assemblies, printed sails, propulsion hardware and minor revisions excluded."
30254,Boat Deck 32 x 10 x 1 2/3,Transportation,Sea,49,35,Transportation - Sea and Air,Plastic,,"v0.25 Sea reconstruction; hull/deck/mast/boat-bow identity retained; color assemblies, printed sails, propulsion hardware and minor revisions excluded."
30255,Boat Deck 22 x 8 x 2 1/3,Transportation,Sea,50,35,Transportation - Sea and Air,Plastic,,"v0.25 Sea reconstruction; hull/deck/mast/boat-bow identity retained; color assemblies, printed sails, propulsion hardware and minor revisions excluded."
4264,Boat Deck 20 x 50 x 7,Transportation,Sea,51,35,Transportation - Sea and Air,Plastic,,"v0.25 Sea reconstruction; hull/deck/mast/boat-bow identity retained; color assemblies, printed sails, propulsion hardware and minor revisions excluded."
47981,"Boat Deck Section, Giant Bow / Stern 15 x 22, Top",Transportation,Sea,52,35,Transportation - Sea and Air,Plastic,,"v0.25 Sea reconstruction; hull/deck/mast/boat-bow identity retained; color assemblies, printed sails, propulsion hardware and minor revisions excluded."
47984,"Boat Deck Section, Giant Middle 16 x 22",Transportation,Sea,53,35,Transportation - Sea and Air,Plastic,,"v0.25 Sea reconstruction; hull/deck/mast/boat-bow identity retained; color assemblies, printed sails, propulsion hardware and minor revisions excluded."
47988,"Boat Deck Section, Bow Top 14 x 12 [Galiot]",Transportation,Sea,54,35,Transportation - Sea and Air,Plastic,,"v0.25 Sea reconstruction; hull/deck/mast/boat-bow identity retained; color assemblies, printed sails, propulsion hardware and minor revisions excluded."
48000,Boat Deck Brick 16 x 16 Stern,Transportation,Sea,55,35,Transportation - Sea and Air,Plastic,,"v0.25 Sea reconstruction; hull/deck/mast/boat-bow identity retained; color assemblies, printed sails, propulsion hardware and minor revisions excluded."
50820,Boat Deck 24 x 6 x 1 1/3,Transportation,Sea,56,35,Transportation - Sea and Air,Plastic,,"v0.25 Sea reconstruction; hull/deck/mast/boat-bow identity retained; color assemblies, printed sails, propulsion hardware and minor revisions excluded."
54101,Boat Deck 51 x 12 x 6,Transportation,Sea,57,35,Transportation - Sea and Air,Plastic,,"v0.25 Sea reconstruction; hull/deck/mast/boat-bow identity retained; color assemblies, printed sails, propulsion hardware and minor revisions excluded."
6051,"Boat Hull Section, Small Bow 12 x 12 x 5 1/3, Top",Transportation,Sea,58,35,Transportation - Sea and Air,Plastic,,"v0.25 Sea reconstruction; hull/deck/mast/boat-bow identity retained; color assemblies, printed sails, propulsion hardware and minor revisions excluded."
6053,"Boat Hull Section, Small Stern 14 x 12 x 5 1/3, Top",Transportation,Sea,59,35,Transportation - Sea and Air,Plastic,,"v0.25 Sea reconstruction; hull/deck/mast/boat-bow identity retained; color assemblies, printed sails, propulsion hardware and minor revisions excluded."
92711,Boat Deck 8 x 28 x 3,Transportation,Sea,60,35,Transportation - Sea and Air,Plastic,,"v0.25 Sea reconstruction; hull/deck/mast/boat-bow identity retained; color assemblies, printed sails, propulsion hardware and minor revisions excluded."
2537b,"Boat, Mast Section Middle 13 2/3 H, With Bottom Connector Prong",Transportation,Sea,61,35,Transportation - Sea and Air,Plastic,,"v0.25 Sea reconstruction; hull/deck/mast/boat-bow identity retained; color assemblies, printed sails, propulsion hardware and minor revisions excluded."
2538b,"Boat, Mast Section Top 16 H with 4 stud holes at bottom, With Bottom Nubs",Transportation,Sea,62,35,Transportation - Sea and Air,Plastic,,"v0.25 Sea reconstruction; hull/deck/mast/boat-bow identity retained; color assemblies, printed sails, propulsion hardware and minor revisions excluded."
2541,"Boat, Mast Rigging Long 27 x 5",Transportation,Sea,63,35,Transportation - Sea and Air,Plastic,,"v0.25 Sea reconstruction; hull/deck/mast/boat-bow identity retained; color assemblies, printed sails, propulsion hardware and minor revisions excluded."
4289,"Boat, Mast 2 x 2 x 3 Inclined with Stud on Top and Two Sides",Transportation,Sea,64,35,Transportation - Sea and Air,Plastic,,"v0.25 Sea reconstruction; hull/deck/mast/boat-bow identity retained; color assemblies, printed sails, propulsion hardware and minor revisions excluded."
4318,"Boat, Mast 2 x 2 x 9 2/3 Bar with Slot on Top and 2 Finger Hinge on Two Sides",Transportation,Sea,65,35,Transportation - Sea and Air,Plastic,,"v0.25 Sea reconstruction; hull/deck/mast/boat-bow identity retained; color assemblies, printed sails, propulsion hardware and minor revisions excluded."
47996,"Boat, Mast Rigging Long 28 x 4",Transportation,Sea,66,35,Transportation - Sea and Air,Plastic,,"v0.25 Sea reconstruction; hull/deck/mast/boat-bow identity retained; color assemblies, printed sails, propulsion hardware and minor revisions excluded."
48002b,"Boat, Mast 2 x 2 x 20 with Holes - Corner Aligned x shape Axle Hole, x Orientation",Transportation,Sea,67,35,Transportation - Sea and Air,Plastic,,"v0.25 Sea reconstruction; hull/deck/mast/boat-bow identity retained; color assemblies, printed sails, propulsion hardware and minor revisions excluded."
2621,Wedge Plate 9 x 10 Boat Bow,Transportation,Sea,68,49,Plates Wedged,Plastic,,"v0.25 Sea reconstruction; hull/deck/mast/boat-bow identity retained; color assemblies, printed sails, propulsion hardware and minor revisions excluded."
2625,Wedge Plate 7 x 6 Boat Bow without Stud Notches,Transportation,Sea,69,49,Plates Wedged,Plastic,,"v0.25 Sea reconstruction; hull/deck/mast/boat-bow identity retained; color assemblies, printed sails, propulsion hardware and minor revisions excluded."
50303,Wedge Plate 7 x 6 Boat Bow with Stud Notches,Transportation,Sea,70,49,Plates Wedged,Plastic,,"v0.25 Sea reconstruction; hull/deck/mast/boat-bow identity retained; color assemblies, printed sails, propulsion hardware and minor revisions excluded."
47405,Wedge Plate 8 x 12 Boat Bow,Transportation,Sea,71,49,Plates Wedged,Plastic,,"v0.25 Sea reconstruction; hull/deck/mast/boat-bow identity retained; color assemblies, printed sails, propulsion hardware and minor revisions excluded."
15540,Helicopter Landing Ski 1 x 6 with Pin Hole,Transportation,Air,1,35,Transportation - Sea and Air,Plastic,,"v0.26 Air reconstruction; aircraft/helicopter fuselage, cockpit, wing and tail identity retained; windscreens, propulsion hardware, printed fabric and minor assembly/color variants excluded."
19000,Helicopter Body 4 x 14 x 5 with Top Pin,Transportation,Air,2,35,Transportation - Sea and Air,Plastic,,"v0.26 Air reconstruction; aircraft/helicopter fuselage, cockpit, wing and tail identity retained; windscreens, propulsion hardware, printed fabric and minor assembly/color variants excluded."
2340,"Wing, Tail 4 x 1 x 3",Transportation,Air,3,35,Transportation - Sea and Air,Plastic,,"v0.26 Air reconstruction; aircraft/helicopter fuselage, cockpit, wing and tail identity retained; windscreens, propulsion hardware, printed fabric and minor assembly/color variants excluded."
23930,Tail 8 x 1 with Stepped Fin,Transportation,Air,4,35,Transportation - Sea and Air,Plastic,,"v0.26 Air reconstruction; aircraft/helicopter fuselage, cockpit, wing and tail identity retained; windscreens, propulsion hardware, printed fabric and minor assembly/color variants excluded."
2618,Cockpit 10 x 10 x 4 Octagonal,Transportation,Air,5,35,Transportation - Sea and Air,Plastic,,"v0.26 Air reconstruction; aircraft/helicopter fuselage, cockpit, wing and tail identity retained; windscreens, propulsion hardware, printed fabric and minor assembly/color variants excluded."
28779,Tail 4 x 1 with Pin Hole,Transportation,Air,6,35,Transportation - Sea and Air,Plastic,,"v0.26 Air reconstruction; aircraft/helicopter fuselage, cockpit, wing and tail identity retained; windscreens, propulsion hardware, printed fabric and minor assembly/color variants excluded."
29114,Aircraft Fuselage Curved Forward 6 x 6 Top with Handle and 3 Pin Holes,Transportation,Air,7,47,Windscreens and Fuselage,Plastic,,"v0.26 Air reconstruction; aircraft/helicopter fuselage, cockpit, wing and tail identity retained; windscreens, propulsion hardware, printed fabric and minor assembly/color variants excluded."
30200,Cockpit 6 x 6 x 3 1/3 Octagonal Canopy Base,Transportation,Air,8,35,Transportation - Sea and Air,Plastic,,"v0.26 Air reconstruction; aircraft/helicopter fuselage, cockpit, wing and tail identity retained; windscreens, propulsion hardware, printed fabric and minor assembly/color variants excluded."
30248,Helicopter Skid Rails 12 x 6,Transportation,Air,9,35,Transportation - Sea and Air,Plastic,,"v0.26 Air reconstruction; aircraft/helicopter fuselage, cockpit, wing and tail identity retained; windscreens, propulsion hardware, printed fabric and minor assembly/color variants excluded."
30250,Cockpit 7 x 4 x 3,Transportation,Air,10,35,Transportation - Sea and Air,Plastic,,"v0.26 Air reconstruction; aircraft/helicopter fuselage, cockpit, wing and tail identity retained; windscreens, propulsion hardware, printed fabric and minor assembly/color variants excluded."
3462,Plate Special 2 x 3 with Helicopter Rotor Holder,Transportation,Air,11,35,Transportation - Sea and Air,Plastic,,"v0.26 Air reconstruction; aircraft/helicopter fuselage, cockpit, wing and tail identity retained; windscreens, propulsion hardware, printed fabric and minor assembly/color variants excluded."
3476,Wing Plate 56 x16 x 2 Angled with Slope Curved 12 x 8 x 2 Center,Transportation,Air,12,35,Transportation - Sea and Air,Plastic,,"v0.26 Air reconstruction; aircraft/helicopter fuselage, cockpit, wing and tail identity retained; windscreens, propulsion hardware, printed fabric and minor assembly/color variants excluded."
3479,Tail 4 x 2 x 2,Transportation,Air,13,35,Transportation - Sea and Air,Plastic,,"v0.26 Air reconstruction; aircraft/helicopter fuselage, cockpit, wing and tail identity retained; windscreens, propulsion hardware, printed fabric and minor assembly/color variants excluded."
3481,Plate Special 2 x 2 with Helicopter Tail Rotor Holder,Transportation,Air,14,35,Transportation - Sea and Air,Plastic,,"v0.26 Air reconstruction; aircraft/helicopter fuselage, cockpit, wing and tail identity retained; windscreens, propulsion hardware, printed fabric and minor assembly/color variants excluded."
35106,"Plane, Bottom 18 x 16 x 1 x 1 1/3",Transportation,Air,15,35,Transportation - Sea and Air,Plastic,,"v0.26 Air reconstruction; aircraft/helicopter fuselage, cockpit, wing and tail identity retained; windscreens, propulsion hardware, printed fabric and minor assembly/color variants excluded."
3587,Tail Old,Transportation,Air,16,35,Transportation - Sea and Air,Plastic,,"v0.26 Air reconstruction; aircraft/helicopter fuselage, cockpit, wing and tail identity retained; windscreens, propulsion hardware, printed fabric and minor assembly/color variants excluded."
41327,Helicopter Tail and Landing Gear,Transportation,Air,17,35,Transportation - Sea and Air,Plastic,,"v0.26 Air reconstruction; aircraft/helicopter fuselage, cockpit, wing and tail identity retained; windscreens, propulsion hardware, printed fabric and minor assembly/color variants excluded."
41328,Helicopter Cockpit,Transportation,Air,18,47,Windscreens and Fuselage,Plastic,,"v0.26 Air reconstruction; aircraft/helicopter fuselage, cockpit, wing and tail identity retained; windscreens, propulsion hardware, printed fabric and minor assembly/color variants excluded."
42600,Aircraft Fuselage Angular Forward Section 6 x 10 x 5 (Cockpit),Transportation,Air,19,47,Windscreens and Fuselage,Plastic,,"v0.26 Air reconstruction; aircraft/helicopter fuselage, cockpit, wing and tail identity retained; windscreens, propulsion hardware, printed fabric and minor assembly/color variants excluded."
42601,Aircraft Fuselage Angular Aft Section 6 x 10 x 5,Transportation,Air,20,47,Windscreens and Fuselage,Plastic,,"v0.26 Air reconstruction; aircraft/helicopter fuselage, cockpit, wing and tail identity retained; windscreens, propulsion hardware, printed fabric and minor assembly/color variants excluded."
42604,Aircraft Fuselage Angular Top 6 x 8 x 4,Transportation,Air,21,47,Windscreens and Fuselage,Plastic,,"v0.26 Air reconstruction; aircraft/helicopter fuselage, cockpit, wing and tail identity retained; windscreens, propulsion hardware, printed fabric and minor assembly/color variants excluded."
42607c01,Wedge Plate 6 x 12 x 1 Cut Corners with 2 Fixed Rotatable Pins [aka 4 Juniors Wing Plate],Transportation,Air,22,35,Transportation - Sea and Air,Plastic,,"v0.26 Air reconstruction; aircraft/helicopter fuselage, cockpit, wing and tail identity retained; windscreens, propulsion hardware, printed fabric and minor assembly/color variants excluded."
44661,Tail Shuttle - Small,Transportation,Air,23,35,Transportation - Sea and Air,Plastic,,"v0.26 Air reconstruction; aircraft/helicopter fuselage, cockpit, wing and tail identity retained; windscreens, propulsion hardware, printed fabric and minor assembly/color variants excluded."
4597,Cockpit 6 x 6 x 1 Cabin Base,Transportation,Air,24,35,Transportation - Sea and Air,Plastic,,"v0.26 Air reconstruction; aircraft/helicopter fuselage, cockpit, wing and tail identity retained; windscreens, propulsion hardware, printed fabric and minor assembly/color variants excluded."
4612,Fabuland Airplane Tail,Transportation,Air,25,35,Transportation - Sea and Air,Plastic,,"v0.26 Air reconstruction; aircraft/helicopter fuselage, cockpit, wing and tail identity retained; windscreens, propulsion hardware, printed fabric and minor assembly/color variants excluded."
4613c01,Fabuland Airplane Base 10 x 4 with Light Gray Wheels,Transportation,Air,26,35,Transportation - Sea and Air,Plastic,,"v0.26 Air reconstruction; aircraft/helicopter fuselage, cockpit, wing and tail identity retained; windscreens, propulsion hardware, printed fabric and minor assembly/color variants excluded."
47507,Cockpit 6 x 6 x 2 Cabin Base with Technic Holes,Transportation,Air,27,35,Transportation - Sea and Air,Plastic,,"v0.26 Air reconstruction; aircraft/helicopter fuselage, cockpit, wing and tail identity retained; windscreens, propulsion hardware, printed fabric and minor assembly/color variants excluded."
47846,Aircraft Fuselage Curved 10 x 4 x 2,Transportation,Air,28,47,Windscreens and Fuselage,Plastic,,"v0.26 Air reconstruction; aircraft/helicopter fuselage, cockpit, wing and tail identity retained; windscreens, propulsion hardware, printed fabric and minor assembly/color variants excluded."
4867,Tail Wedge,Transportation,Air,29,35,Transportation - Sea and Air,Plastic,,"v0.26 Air reconstruction; aircraft/helicopter fuselage, cockpit, wing and tail identity retained; windscreens, propulsion hardware, printed fabric and minor assembly/color variants excluded."
49949,Fuselage 6 x 10 x 4 Round,Transportation,Air,30,47,Windscreens and Fuselage,Plastic,,"v0.26 Air reconstruction; aircraft/helicopter fuselage, cockpit, wing and tail identity retained; windscreens, propulsion hardware, printed fabric and minor assembly/color variants excluded."
5118,Aircraft Fuselage 8 x 8 Bottom with 4 Pin Holes,Transportation,Air,31,47,Windscreens and Fuselage,Plastic,,"v0.26 Air reconstruction; aircraft/helicopter fuselage, cockpit, wing and tail identity retained; windscreens, propulsion hardware, printed fabric and minor assembly/color variants excluded."
5121,Aircraft Fuselage 6 x 8 Top,Transportation,Air,32,47,Windscreens and Fuselage,Plastic,,"v0.26 Air reconstruction; aircraft/helicopter fuselage, cockpit, wing and tail identity retained; windscreens, propulsion hardware, printed fabric and minor assembly/color variants excluded."
5122,"Aircraft Fuselage Curved Forward 6 x 10 Bottom, 2 Pin Holes",Transportation,Air,33,47,Windscreens and Fuselage,Plastic,,"v0.26 Air reconstruction; aircraft/helicopter fuselage, cockpit, wing and tail identity retained; windscreens, propulsion hardware, printed fabric and minor assembly/color variants excluded."
5123,Aircraft Fuselage Curved Forward 6 x 8 Bottom with 2 Pin Holes,Transportation,Air,34,47,Windscreens and Fuselage,Plastic,,"v0.26 Air reconstruction; aircraft/helicopter fuselage, cockpit, wing and tail identity retained; windscreens, propulsion hardware, printed fabric and minor assembly/color variants excluded."
5124,Aircraft Fuselage Straight Aft Section 6 x 8 x 4 with Opening,Transportation,Air,35,47,Windscreens and Fuselage,Plastic,,"v0.26 Air reconstruction; aircraft/helicopter fuselage, cockpit, wing and tail identity retained; windscreens, propulsion hardware, printed fabric and minor assembly/color variants excluded."
54090,Aircraft Fuselage Curved Forward 8 x 16 Bottom,Transportation,Air,36,47,Windscreens and Fuselage,Plastic,,"v0.26 Air reconstruction; aircraft/helicopter fuselage, cockpit, wing and tail identity retained; windscreens, propulsion hardware, printed fabric and minor assembly/color variants excluded."
54092c01,Aircraft Fuselage Curved Forward 8 x 16 x 5 with Trans-Brown Glass,Transportation,Air,37,47,Windscreens and Fuselage,Plastic,,"v0.26 Air reconstruction; aircraft/helicopter fuselage, cockpit, wing and tail identity retained; windscreens, propulsion hardware, printed fabric and minor assembly/color variants excluded."
54093,Wing Plate 20 x 56 with 6 x 10 Opening,Transportation,Air,38,35,Transportation - Sea and Air,Plastic,,"v0.26 Air reconstruction; aircraft/helicopter fuselage, cockpit, wing and tail identity retained; windscreens, propulsion hardware, printed fabric and minor assembly/color variants excluded."
54094,Tail 14 x 2 x 8,Transportation,Air,39,35,Transportation - Sea and Air,Plastic,,"v0.26 Air reconstruction; aircraft/helicopter fuselage, cockpit, wing and tail identity retained; windscreens, propulsion hardware, printed fabric and minor assembly/color variants excluded."
54701c01,Aircraft Fuselage Curved Aft Section with Light Bluish Gray Base,Transportation,Air,40,47,Windscreens and Fuselage,Plastic,,"v0.26 Air reconstruction; aircraft/helicopter fuselage, cockpit, wing and tail identity retained; windscreens, propulsion hardware, printed fabric and minor assembly/color variants excluded."
54703,Rubber End Cap of Aircraft Fuselage,Transportation,Air,41,47,Windscreens and Fuselage,Rubber,,"v0.26 Air reconstruction; aircraft/helicopter fuselage, cockpit, wing and tail identity retained; windscreens, propulsion hardware, printed fabric and minor assembly/color variants excluded."
6239,Tail Shuttle,Transportation,Air,42,35,Transportation - Sea and Air,Plastic,,"v0.26 Air reconstruction; aircraft/helicopter fuselage, cockpit, wing and tail identity retained; windscreens, propulsion hardware, printed fabric and minor assembly/color variants excluded."
65096,Helicopter Body 4 x 14 x 5,Transportation,Air,43,35,Transportation - Sea and Air,Plastic,,"v0.26 Air reconstruction; aircraft/helicopter fuselage, cockpit, wing and tail identity retained; windscreens, propulsion hardware, printed fabric and minor assembly/color variants excluded."
67138,Plane Fuselage 26 x 24 x 1 2/3,Transportation,Air,44,35,Transportation - Sea and Air,Plastic,,"v0.26 Air reconstruction; aircraft/helicopter fuselage, cockpit, wing and tail identity retained; windscreens, propulsion hardware, printed fabric and minor assembly/color variants excluded."
67241,Aircraft Fuselage Curved Forward 8 x 12 x 6 Top,Transportation,Air,45,47,Windscreens and Fuselage,Plastic,,"v0.26 Air reconstruction; aircraft/helicopter fuselage, cockpit, wing and tail identity retained; windscreens, propulsion hardware, printed fabric and minor assembly/color variants excluded."
67243,Aircraft Fuselage Curved Forward 8 x 12 x 2 Bottom,Transportation,Air,46,47,Windscreens and Fuselage,Plastic,,"v0.26 Air reconstruction; aircraft/helicopter fuselage, cockpit, wing and tail identity retained; windscreens, propulsion hardware, printed fabric and minor assembly/color variants excluded."
67244,Aircraft Fuselage Curved Aft Section 8 x 16 x 6 Bottom,Transportation,Air,47,47,Windscreens and Fuselage,Plastic,,"v0.26 Air reconstruction; aircraft/helicopter fuselage, cockpit, wing and tail identity retained; windscreens, propulsion hardware, printed fabric and minor assembly/color variants excluded."
67245,Aircraft Fuselage Curved Aft Section 8 x 12 x 2 Top,Transportation,Air,48,47,Windscreens and Fuselage,Plastic,,"v0.26 Air reconstruction; aircraft/helicopter fuselage, cockpit, wing and tail identity retained; windscreens, propulsion hardware, printed fabric and minor assembly/color variants excluded."
69953c01,Aircraft Fuselage Curved Forward 6 x 10 x 4 Top with 2 Trans-Clear Window Panes,Transportation,Air,49,47,Windscreens and Fuselage,Plastic,,"v0.26 Air reconstruction; aircraft/helicopter fuselage, cockpit, wing and tail identity retained; windscreens, propulsion hardware, printed fabric and minor assembly/color variants excluded."
7032,Wing Plate 42 x 12 with Pinholes,Transportation,Air,50,35,Transportation - Sea and Air,Plastic,,"v0.26 Air reconstruction; aircraft/helicopter fuselage, cockpit, wing and tail identity retained; windscreens, propulsion hardware, printed fabric and minor assembly/color variants excluded."
7065,Airplane Door with Staircase,Transportation,Air,51,35,Transportation - Sea and Air,Plastic,,"v0.26 Air reconstruction; aircraft/helicopter fuselage, cockpit, wing and tail identity retained; windscreens, propulsion hardware, printed fabric and minor assembly/color variants excluded."
7245,"Aircraft Fuselage Curved Aft Section 6 x 10 Bottom, Pinholes",Transportation,Air,52,47,Windscreens and Fuselage,Plastic,,"v0.26 Air reconstruction; aircraft/helicopter fuselage, cockpit, wing and tail identity retained; windscreens, propulsion hardware, printed fabric and minor assembly/color variants excluded."
74163,Aircraft Fuselage Bottom 6 x 16 x 2,Transportation,Air,53,47,Windscreens and Fuselage,Plastic,,"v0.26 Air reconstruction; aircraft/helicopter fuselage, cockpit, wing and tail identity retained; windscreens, propulsion hardware, printed fabric and minor assembly/color variants excluded."
74164,Aircraft Fuselage 6 x 13 x 3,Transportation,Air,54,47,Windscreens and Fuselage,Plastic,,"v0.26 Air reconstruction; aircraft/helicopter fuselage, cockpit, wing and tail identity retained; windscreens, propulsion hardware, printed fabric and minor assembly/color variants excluded."
7703,"Plane, Bottom 22 x 26 x 1",Transportation,Air,55,35,Transportation - Sea and Air,Plastic,,"v0.26 Air reconstruction; aircraft/helicopter fuselage, cockpit, wing and tail identity retained; windscreens, propulsion hardware, printed fabric and minor assembly/color variants excluded."
8193,Wing 1 1/2 x 1 x 1,Transportation,Air,56,35,Transportation - Sea and Air,Plastic,,"v0.26 Air reconstruction; aircraft/helicopter fuselage, cockpit, wing and tail identity retained; windscreens, propulsion hardware, printed fabric and minor assembly/color variants excluded."
86297,"Wing, Scalloped, Triangular",Transportation,Air,57,35,Transportation - Sea and Air,Cloth,,"v0.26 Air reconstruction; aircraft/helicopter fuselage, cockpit, wing and tail identity retained; windscreens, propulsion hardware, printed fabric and minor assembly/color variants excluded."
87614,Tail 12 x 2 x 5,Transportation,Air,58,35,Transportation - Sea and Air,Plastic,,"v0.26 Air reconstruction; aircraft/helicopter fuselage, cockpit, wing and tail identity retained; windscreens, propulsion hardware, printed fabric and minor assembly/color variants excluded."
92832,Aircraft Fuselage Curved Forward 6 x 7 x 2 2/3 Top,Transportation,Air,59,47,Windscreens and Fuselage,Plastic,,"v0.26 Air reconstruction; aircraft/helicopter fuselage, cockpit, wing and tail identity retained; windscreens, propulsion hardware, printed fabric and minor assembly/color variants excluded."
92847,Aircraft Fuselage Curved Forward 6 x 9 x 4 1/3 Bottom,Transportation,Air,60,47,Windscreens and Fuselage,Plastic,,"v0.26 Air reconstruction; aircraft/helicopter fuselage, cockpit, wing and tail identity retained; windscreens, propulsion hardware, printed fabric and minor assembly/color variants excluded."
13760,Windscreen 2 x 6 x 2 Train without Glass,Transportation,Trains,1,47,Windscreens and Fuselage,Plastic,,v0.27 Trains reconstruction; train body/front/base/buffer/bogey/pantograph/coupler identity retained; track infrastructure and minor revisions/complete assemblies excluded.
15536,Train Front 6 x 14 x 7 1/3,Transportation,Trains,2,47,Windscreens and Fuselage,Plastic,,v0.27 Trains reconstruction; train body/front/base/buffer/bogey/pantograph/coupler identity retained; track infrastructure and minor revisions/complete assemblies excluded.
15537,Glass For Train Front 6 x 14 x 7 1/3,Transportation,Trains,3,47,Windscreens and Fuselage,Plastic,,v0.27 Trains reconstruction; train body/front/base/buffer/bogey/pantograph/coupler identity retained; track infrastructure and minor revisions/complete assemblies excluded.
263,"Train, Steam Engine Cylinder, 1 x 2 Studs, Flat Surfaces",Transportation,Trains,4,36,Transportation - Land,Plastic,,v0.27 Trains reconstruction; train body/front/base/buffer/bogey/pantograph/coupler identity retained; track infrastructure and minor revisions/complete assemblies excluded.
2871b,Train Motor Decorative Side 10 x 2 x 2 with Open Hub Points (for RC Train Motor),Transportation,Trains,5,36,Transportation - Land,Plastic,,v0.27 Trains reconstruction; train body/front/base/buffer/bogey/pantograph/coupler identity retained; track infrastructure and minor revisions/complete assemblies excluded.
2878,"Wheel Holder, Train Wheel RC Train",Transportation,Trains,6,36,Transportation - Land,Plastic,,v0.27 Trains reconstruction; train body/front/base/buffer/bogey/pantograph/coupler identity retained; track infrastructure and minor revisions/complete assemblies excluded.
2881,Train Pantograph Shoe with Hinge,Transportation,Trains,7,36,Transportation - Land,Plastic,,v0.27 Trains reconstruction; train body/front/base/buffer/bogey/pantograph/coupler identity retained; track infrastructure and minor revisions/complete assemblies excluded.
2916,Train Front Sloping Base,Transportation,Trains,8,47,Windscreens and Fuselage,Plastic,,v0.27 Trains reconstruction; train body/front/base/buffer/bogey/pantograph/coupler identity retained; track infrastructure and minor revisions/complete assemblies excluded.
2917,Train Front Sloping Top,Transportation,Trains,9,47,Windscreens and Fuselage,Plastic,,v0.27 Trains reconstruction; train body/front/base/buffer/bogey/pantograph/coupler identity retained; track infrastructure and minor revisions/complete assemblies excluded.
2918,Glass for Train Front Sloping Top,Transportation,Trains,10,47,Windscreens and Fuselage,Plastic,,v0.27 Trains reconstruction; train body/front/base/buffer/bogey/pantograph/coupler identity retained; track infrastructure and minor revisions/complete assemblies excluded.
2922,Train Pantograph Shoe with Locking Hinge with 2 Fingers,Transportation,Trains,11,36,Transportation - Land,Plastic,,v0.27 Trains reconstruction; train body/front/base/buffer/bogey/pantograph/coupler identity retained; track infrastructure and minor revisions/complete assemblies excluded.
2924b,Train Front with 1 x 4 x 2 Cutout,Transportation,Trains,12,47,Windscreens and Fuselage,Plastic,,v0.27 Trains reconstruction; train body/front/base/buffer/bogey/pantograph/coupler identity retained; track infrastructure and minor revisions/complete assemblies excluded.
2972,"Vehicle Base, Train 6 x 34 Split-Level with Bottom Tubes",Transportation,Trains,13,36,Transportation - Land,Plastic,,v0.27 Trains reconstruction; train body/front/base/buffer/bogey/pantograph/coupler identity retained; track infrastructure and minor revisions/complete assemblies excluded.
303,"Vehicle Base, Train 6 x 22 Type 1 Motor Opening",Transportation,Trains,14,36,Transportation - Land,Plastic,,v0.27 Trains reconstruction; train body/front/base/buffer/bogey/pantograph/coupler identity retained; track infrastructure and minor revisions/complete assemblies excluded.
32085,"Vehicle Base, Train 6 x 14 with Inverted Sloped Front",Transportation,Trains,15,36,Transportation - Land,Plastic,,v0.27 Trains reconstruction; train body/front/base/buffer/bogey/pantograph/coupler identity retained; track infrastructure and minor revisions/complete assemblies excluded.
3218,Train Direction Switch - 4.5V 2 x 3,Transportation,Trains,16,36,Transportation - Land,Plastic,,v0.27 Trains reconstruction; train body/front/base/buffer/bogey/pantograph/coupler identity retained; track infrastructure and minor revisions/complete assemblies excluded.
3488,Train Buffer Single,Transportation,Trains,17,36,Transportation - Land,Plastic,,v0.27 Trains reconstruction; train body/front/base/buffer/bogey/pantograph/coupler identity retained; track infrastructure and minor revisions/complete assemblies excluded.
37493,Train Front,Transportation,Trains,18,47,Windscreens and Fuselage,Plastic,,v0.27 Trains reconstruction; train body/front/base/buffer/bogey/pantograph/coupler identity retained; track infrastructure and minor revisions/complete assemblies excluded.
38339,"Wheel Holder, Train Wheel RC Train, Holder, Open Axle",Transportation,Trains,19,36,Transportation - Land,Plastic,,v0.27 Trains reconstruction; train body/front/base/buffer/bogey/pantograph/coupler identity retained; track infrastructure and minor revisions/complete assemblies excluded.
4022,Train Buffer Beam,Transportation,Trains,20,36,Transportation - Land,Plastic,,v0.27 Trains reconstruction; train body/front/base/buffer/bogey/pantograph/coupler identity retained; track infrastructure and minor revisions/complete assemblies excluded.
4093d,"Vehicle Base, Train 6 x 28 with Two 1 x 2 Openings [11 Round Holes Each End and 1 Round Hole at Center]",Transportation,Trains,21,36,Transportation - Land,Plastic,,v0.27 Trains reconstruction; train body/front/base/buffer/bogey/pantograph/coupler identity retained; track infrastructure and minor revisions/complete assemblies excluded.
4178,"Vehicle Base, Train 6 x 16",Transportation,Trains,22,36,Transportation - Land,Plastic,,v0.27 Trains reconstruction; train body/front/base/buffer/bogey/pantograph/coupler identity retained; track infrastructure and minor revisions/complete assemblies excluded.
45706,Train Front 6 x 10 x 3 2/3 Triple Curved,Transportation,Trains,23,47,Windscreens and Fuselage,Plastic,,v0.27 Trains reconstruction; train body/front/base/buffer/bogey/pantograph/coupler identity retained; track infrastructure and minor revisions/complete assemblies excluded.
45708,Train Buffer Beam with Rectangular Buffers and Plow,Transportation,Trains,24,36,Transportation - Land,Plastic,,v0.27 Trains reconstruction; train body/front/base/buffer/bogey/pantograph/coupler identity retained; track infrastructure and minor revisions/complete assemblies excluded.
502,Train Motor 12V Connecting Rod,Transportation,Trains,25,36,Transportation - Land,Plastic,,v0.27 Trains reconstruction; train body/front/base/buffer/bogey/pantograph/coupler identity retained; track infrastructure and minor revisions/complete assemblies excluded.
55768,Train Front 6 x 14 x 7 2/3,Transportation,Trains,26,47,Windscreens and Fuselage,Plastic,,v0.27 Trains reconstruction; train body/front/base/buffer/bogey/pantograph/coupler identity retained; track infrastructure and minor revisions/complete assemblies excluded.
57051,"Train Wheel RC Train, Metal Axle 5 x 100 LDU",Transportation,Trains,27,36,Transportation - Land,Metal,,v0.27 Trains reconstruction; train body/front/base/buffer/bogey/pantograph/coupler identity retained; track infrastructure and minor revisions/complete assemblies excluded.
6584,"Vehicle Base, Train 6 x 24 with Two 1 x 2 Cutouts and 3 Round Holes Each End",Transportation,Trains,28,36,Transportation - Land,Plastic,,v0.27 Trains reconstruction; train body/front/base/buffer/bogey/pantograph/coupler identity retained; track infrastructure and minor revisions/complete assemblies excluded.
70720,"Train Wheel, Metal Axle 5 x 112 LDU with Conical Ends",Transportation,Trains,29,36,Transportation - Land,Plastic,,v0.27 Trains reconstruction; train body/front/base/buffer/bogey/pantograph/coupler identity retained; track infrastructure and minor revisions/complete assemblies excluded.
824,"Vehicle Base, Train 4 x 7 with Wheels Holder",Transportation,Trains,30,36,Transportation - Land,Plastic,,v0.27 Trains reconstruction; train body/front/base/buffer/bogey/pantograph/coupler identity retained; track infrastructure and minor revisions/complete assemblies excluded.
90201,"Train Cow Catcher, Plate Special 2 x 6 with Sloped Bars",Transportation,Trains,31,36,Transportation - Land,Plastic,,v0.27 Trains reconstruction; train body/front/base/buffer/bogey/pantograph/coupler identity retained; track infrastructure and minor revisions/complete assemblies excluded.
upn0184b,Train Brick 2 x 4 x 1 1/3 Sliding Wheel Block - Type B with Ledge,Transportation,Trains,32,36,Transportation - Land,Plastic,,v0.27 Trains reconstruction; train body/front/base/buffer/bogey/pantograph/coupler identity retained; track infrastructure and minor revisions/complete assemblies excluded.
upn0186,Train Coupler Hook,Transportation,Trains,33,36,Transportation - Land,Plastic,,v0.27 Trains reconstruction; train body/front/base/buffer/bogey/pantograph/coupler identity retained; track infrastructure and minor revisions/complete assemblies excluded.
upn0256b,"Train, Steam Engine Cylinder, 1 x 2 Studs, Round Surfaces, Interior Grooves",Transportation,Trains,34,36,Transportation - Land,Plastic,,v0.27 Trains reconstruction; train body/front/base/buffer/bogey/pantograph/coupler identity retained; track infrastructure and minor revisions/complete assemblies excluded.
2824,"Vehicle Track, Train, Plastic (RC Trains) Straight with Re-Railer",Track,Train Track,1,36,Transportation - Land,Plastic,,"v0.28 Track reconstruction; physical rail/track/infrastructure identity retained; electrical controls, Duplo, non-system and minor rail revisions/assemblies excluded."
2827,"Vehicle Track, Train, Plastic (RC Trains) Curved (Updated Version)",Track,Train Track,2,36,Transportation - Land,Plastic,,"v0.28 Track reconstruction; physical rail/track/infrastructure identity retained; electrical controls, Duplo, non-system and minor rail revisions/assemblies excluded."
28567,"Vehicle Track, Train, Ground Throw / Track Switch [Reinforced]",Track,Train Track,3,36,Transportation - Land,Plastic,,"v0.28 Track reconstruction; physical rail/track/infrastructure identity retained; electrical controls, Duplo, non-system and minor rail revisions/assemblies excluded."
2866,"Vehicle Track, Train, Ground Throw / Track Switch 9V",Track,Train Track,4,36,Transportation - Land,Plastic,,"v0.28 Track reconstruction; physical rail/track/infrastructure identity retained; electrical controls, Duplo, non-system and minor rail revisions/assemblies excluded."
3228c,"Vehicle Track, Train, Plain Rail Straight (no slots, no notches on end)",Track,Train Track,5,36,Transportation - Land,Plastic,,"v0.28 Track reconstruction; physical rail/track/infrastructure identity retained; electrical controls, Duplo, non-system and minor rail revisions/assemblies excluded."
3229b,"Vehicle Track, Train, Slotted Rail Curved Outside",Track,Train Track,6,36,Transportation - Land,Plastic,,"v0.28 Track reconstruction; physical rail/track/infrastructure identity retained; electrical controls, Duplo, non-system and minor rail revisions/assemblies excluded."
3230b,"Vehicle Track, Train, Slotted Rail Curved Inside",Track,Train Track,7,36,Transportation - Land,Plastic,,"v0.28 Track reconstruction; physical rail/track/infrastructure identity retained; electrical controls, Duplo, non-system and minor rail revisions/assemblies excluded."
3231b,"Train Track 4.5V Crossing, Slotted Rail",Track,Train Track,8,36,Transportation - Land,Plastic,,"v0.28 Track reconstruction; physical rail/track/infrastructure identity retained; electrical controls, Duplo, non-system and minor rail revisions/assemblies excluded."
32087,"Vehicle Track, Train, 9V Crossing",Track,Train Track,9,45,Electronics,Plastic,,"v0.28 Track reconstruction; physical rail/track/infrastructure identity retained; electrical controls, Duplo, non-system and minor rail revisions/assemblies excluded."
3232,"Vehicle Track, Train, 12V Tapered Crossing",Track,Train Track,10,45,Electronics,Plastic,,"v0.28 Track reconstruction; physical rail/track/infrastructure identity retained; electrical controls, Duplo, non-system and minor rail revisions/assemblies excluded."
3241c,"Track 12V Conducting Rail Curved, Interference-Free",Track,Train Track,11,45,Electronics,Plastic,,"v0.28 Track reconstruction; physical rail/track/infrastructure identity retained; electrical controls, Duplo, non-system and minor rail revisions/assemblies excluded."
3242c,Train Track 12V Conducting Rail Straight without Cable Connection Holes,Track,Train Track,12,45,Electronics,Plastic,,"v0.28 Track reconstruction; physical rail/track/infrastructure identity retained; electrical controls, Duplo, non-system and minor rail revisions/assemblies excluded."
53400,"Vehicle Track, Train, Plastic (RC Trains) Curved",Track,Train Track,13,36,Transportation - Land,Plastic,,"v0.28 Track reconstruction; physical rail/track/infrastructure identity retained; electrical controls, Duplo, non-system and minor rail revisions/assemblies excluded."
53401,"Vehicle Track, Train, Plastic (RC Trains) Straight",Track,Train Track,14,36,Transportation - Land,Plastic,,"v0.28 Track reconstruction; physical rail/track/infrastructure identity retained; electrical controls, Duplo, non-system and minor rail revisions/assemblies excluded."
53403,"Vehicle Track, Train, Plastic (RC Trains) Switch Point Right",Track,Train Track,15,36,Transportation - Land,Plastic,,"v0.28 Track reconstruction; physical rail/track/infrastructure identity retained; electrical controls, Duplo, non-system and minor rail revisions/assemblies excluded."
53406,"Vehicle Track, Train, Plastic (RC Trains) Switch Point Left",Track,Train Track,16,36,Transportation - Land,Plastic,,"v0.28 Track reconstruction; physical rail/track/infrastructure identity retained; electrical controls, Duplo, non-system and minor rail revisions/assemblies excluded."
60128,"Vehicle Track, Train, Plastic (RC Trains) Double Crossover Rail - Half",Track,Train Track,17,36,Transportation - Land,Plastic,,"v0.28 Track reconstruction; physical rail/track/infrastructure identity retained; electrical controls, Duplo, non-system and minor rail revisions/assemblies excluded."
64022,"Vehicle Track, Train Flexible Segment",Track,Train Track,18,36,Transportation - Land,Plastic,,"v0.28 Track reconstruction; physical rail/track/infrastructure identity retained; electrical controls, Duplo, non-system and minor rail revisions/assemblies excluded."
7389,"Vehicle Track, Train, Plastic (RC Trains) Straight (Updated Version)",Track,Train Track,19,36,Transportation - Land,Plastic,,"v0.28 Track reconstruction; physical rail/track/infrastructure identity retained; electrical controls, Duplo, non-system and minor rail revisions/assemblies excluded."
7442,"Vehicle Track, Train, Plastic (RC Trains) Straight with Lever",Track,Train Track,20,36,Transportation - Land,Plastic,,"v0.28 Track reconstruction; physical rail/track/infrastructure identity retained; electrical controls, Duplo, non-system and minor rail revisions/assemblies excluded."
74746,"Vehicle Track, Train, 9V Straight",Track,Train Track,21,45,Electronics,Plastic,,"v0.28 Track reconstruction; physical rail/track/infrastructure identity retained; electrical controls, Duplo, non-system and minor rail revisions/assemblies excluded."
74747,"Vehicle Track, Train, 9V Curved",Track,Train Track,22,45,Electronics,Plastic,,"v0.28 Track reconstruction; physical rail/track/infrastructure identity retained; electrical controls, Duplo, non-system and minor rail revisions/assemblies excluded."
75541,"Vehicle Track, Train, 9V Switch Point Right",Track,Train Track,23,45,Electronics,Plastic,,"v0.28 Track reconstruction; physical rail/track/infrastructure identity retained; electrical controls, Duplo, non-system and minor rail revisions/assemblies excluded."
75542,"Vehicle Track, Train, 9V Switch Point Left",Track,Train Track,24,45,Electronics,Plastic,,"v0.28 Track reconstruction; physical rail/track/infrastructure identity retained; electrical controls, Duplo, non-system and minor rail revisions/assemblies excluded."
992,"Vehicle Track, Train, 12V Slotted Crossing",Track,Train Track,25,45,Electronics,Plastic,,"v0.28 Track reconstruction; physical rail/track/infrastructure identity retained; electrical controls, Duplo, non-system and minor rail revisions/assemblies excluded."
73696,"Train Track 12V Switch Point Left, Type 2 - Track Only",Track,Train Track,26,45,Electronics,Plastic,,"v0.28 Track reconstruction; physical rail/track/infrastructure identity retained; electrical controls, Duplo, non-system and minor rail revisions/assemblies excluded."
73697,"Train Track 12V Switch Point Right, Type 2 - Track Only",Track,Train Track,27,45,Electronics,Plastic,,"v0.28 Track reconstruction; physical rail/track/infrastructure identity retained; electrical controls, Duplo, non-system and minor rail revisions/assemblies excluded."
2670,"Vehicle Track, Monorail Straight Short",Track,Monorail,1,36,Transportation - Land,Plastic,,"v0.28 Track reconstruction; physical rail/track/infrastructure identity retained; electrical controls, Duplo, non-system and minor rail revisions/assemblies excluded."
2671,"Vehicle Track, Monorail Track Straight Long",Track,Monorail,2,36,Transportation - Land,Plastic,,"v0.28 Track reconstruction; physical rail/track/infrastructure identity retained; electrical controls, Duplo, non-system and minor rail revisions/assemblies excluded."
2672,"Vehicle Track, Monorail Curve Long",Track,Monorail,3,36,Transportation - Land,Plastic,,"v0.28 Track reconstruction; physical rail/track/infrastructure identity retained; electrical controls, Duplo, non-system and minor rail revisions/assemblies excluded."
2677,"Vehicle Track, Monorail Ramp Lower Part",Track,Monorail,4,36,Transportation - Land,Plastic,,"v0.28 Track reconstruction; physical rail/track/infrastructure identity retained; electrical controls, Duplo, non-system and minor rail revisions/assemblies excluded."
2678,"Vehicle Track, Monorail Track Ramp Upper Part",Track,Monorail,5,36,Transportation - Land,Plastic,,"v0.28 Track reconstruction; physical rail/track/infrastructure identity retained; electrical controls, Duplo, non-system and minor rail revisions/assemblies excluded."
2774,"Vehicle Track, Monorail Monoswitch",Track,Monorail,6,36,Transportation - Land,Plastic,,"v0.28 Track reconstruction; physical rail/track/infrastructure identity retained; electrical controls, Duplo, non-system and minor rail revisions/assemblies excluded."
2881c01,"Vehicle Track, Monorail Point Right",Track,Monorail,7,36,Transportation - Land,Plastic,,"v0.28 Track reconstruction; physical rail/track/infrastructure identity retained; electrical controls, Duplo, non-system and minor rail revisions/assemblies excluded."
2886c01,"Vehicle Track, Monorail Point Left",Track,Monorail,8,36,Transportation - Land,Plastic,,"v0.28 Track reconstruction; physical rail/track/infrastructure identity retained; electrical controls, Duplo, non-system and minor rail revisions/assemblies excluded."
2891,"Vehicle Track, Monorail Curve Short Right",Track,Monorail,9,36,Transportation - Land,Plastic,,"v0.28 Track reconstruction; physical rail/track/infrastructure identity retained; electrical controls, Duplo, non-system and minor rail revisions/assemblies excluded."
2892,"Vehicle Track, Monorail Curve Short Left",Track,Monorail,10,36,Transportation - Land,Plastic,,"v0.28 Track reconstruction; physical rail/track/infrastructure identity retained; electrical controls, Duplo, non-system and minor rail revisions/assemblies excluded."
25059,"Vehicle Track, Roller Coaster Straight 16L",Track,Roller Coaster,1,36,Transportation - Land,Plastic,,"v0.28 Track reconstruction; physical rail/track/infrastructure identity retained; electrical controls, Duplo, non-system and minor rail revisions/assemblies excluded."
25061,"Vehicle Track, Roller Coaster, Curve",Track,Roller Coaster,2,36,Transportation - Land,Plastic,,"v0.28 Track reconstruction; physical rail/track/infrastructure identity retained; electrical controls, Duplo, non-system and minor rail revisions/assemblies excluded."
26022,"Vehicle Track, Roller Coaster Straight 8L",Track,Roller Coaster,3,36,Transportation - Land,Plastic,,"v0.28 Track reconstruction; physical rail/track/infrastructure identity retained; electrical controls, Duplo, non-system and minor rail revisions/assemblies excluded."
26559,"Vehicle Track, Roller Coaster Ramp Large Lower Part, 6 Bricks Elevation",Track,Roller Coaster,4,36,Transportation - Land,Plastic,,"v0.28 Track reconstruction; physical rail/track/infrastructure identity retained; electrical controls, Duplo, non-system and minor rail revisions/assemblies excluded."
26560,"Vehicle Track, Roller Coaster Ramp Large Upper Part, 6 Bricks Elevation",Track,Roller Coaster,5,36,Transportation - Land,Plastic,,"v0.28 Track reconstruction; physical rail/track/infrastructure identity retained; electrical controls, Duplo, non-system and minor rail revisions/assemblies excluded."
26561,"Vehicle Track, Roller Coaster Steep Ramp, 6 Bricks Elevation",Track,Roller Coaster,6,36,Transportation - Land,Plastic,,"v0.28 Track reconstruction; physical rail/track/infrastructure identity retained; electrical controls, Duplo, non-system and minor rail revisions/assemblies excluded."
34738,"Vehicle Track, Roller Coaster Ramp Small, 3 Bricks Elevation",Track,Roller Coaster,7,36,Transportation - Land,Plastic,,"v0.28 Track reconstruction; physical rail/track/infrastructure identity retained; electrical controls, Duplo, non-system and minor rail revisions/assemblies excluded."
80562,"Vehicle Track, Roller Coaster Straight 4L",Track,Roller Coaster,8,36,Transportation - Land,Plastic,,"v0.28 Track reconstruction; physical rail/track/infrastructure identity retained; electrical controls, Duplo, non-system and minor rail revisions/assemblies excluded."
80564,"Vehicle Track, Roller Coaster Quarter Loop 4 x 12 x 10",Track,Roller Coaster,9,36,Transportation - Land,Plastic,,"v0.28 Track reconstruction; physical rail/track/infrastructure identity retained; electrical controls, Duplo, non-system and minor rail revisions/assemblies excluded."
80566,"Vehicle Track, Roller Coaster, Curve Ramp 13 x 13 x 3",Track,Roller Coaster,10,36,Transportation - Land,Plastic,,"v0.28 Track reconstruction; physical rail/track/infrastructure identity retained; electrical controls, Duplo, non-system and minor rail revisions/assemblies excluded."
4166,"Vehicle Track, Train, Sleeper Plate 2 x 8 with Cable Grooves",Track,Railway Infrastructure,1,36,Transportation - Land,Plastic,,"v0.28 Track reconstruction; physical rail/track/infrastructure identity retained; electrical controls, Duplo, non-system and minor rail revisions/assemblies excluded."
767,Train Track Sleeper Plate 2 x 8 without Cable Grooves,Track,Railway Infrastructure,2,36,Transportation - Land,Plastic,,"v0.28 Track reconstruction; physical rail/track/infrastructure identity retained; electrical controls, Duplo, non-system and minor rail revisions/assemblies excluded."
812,"Vehicle Track, Train, Level Crossing Center Rail Cap Insert 2 x 14 x 2/3",Track,Railway Infrastructure,3,36,Transportation - Land,Plastic,,"v0.28 Track reconstruction; physical rail/track/infrastructure identity retained; electrical controls, Duplo, non-system and minor rail revisions/assemblies excluded."
813a,"Vehicle Track, Train, Level Crossing Base - Solid Center",Track,Railway Infrastructure,4,36,Transportation - Land,Plastic,,"v0.28 Track reconstruction; physical rail/track/infrastructure identity retained; electrical controls, Duplo, non-system and minor rail revisions/assemblies excluded."
814,"Train Level Crossing Gate Type 1, Base",Track,Railway Infrastructure,5,36,Transportation - Land,Plastic,,"v0.28 Track reconstruction; physical rail/track/infrastructure identity retained; electrical controls, Duplo, non-system and minor rail revisions/assemblies excluded."
815,"Train Level Crossing Gate Type 1, Crossbar with Red Stripes",Track,Railway Infrastructure,6,36,Transportation - Land,Plastic,,"v0.28 Track reconstruction; physical rail/track/infrastructure identity retained; electrical controls, Duplo, non-system and minor rail revisions/assemblies excluded."
816,"Train Level Crossing Gate Type 1, Handle",Track,Railway Infrastructure,7,36,Transportation - Land,Plastic,,"v0.28 Track reconstruction; physical rail/track/infrastructure identity retained; electrical controls, Duplo, non-system and minor rail revisions/assemblies excluded."
4512,Train Level Crossing Gate - Type 2,Track,Railway Infrastructure,8,36,Transportation - Land,Plastic,,"v0.28 Track reconstruction; physical rail/track/infrastructure identity retained; electrical controls, Duplo, non-system and minor rail revisions/assemblies excluded."
70163,"Train Level Crossing Gate Type 2, Counterweight",Track,Railway Infrastructure,9,36,Transportation - Land,Metal,,"v0.28 Track reconstruction; physical rail/track/infrastructure identity retained; electrical controls, Duplo, non-system and minor rail revisions/assemblies excluded."
118737,"Wheel 56 x 13 with Axle Hole, Bugatti Type 35",Wheels & Tires,Wheels,1,29,Wheels and Tyres,Plastic,,"v0.29 Wheels & Tires reconstruction; useful loose-part wheel/rim or tire geometry retained; covers, complete assemblies, tread links, wheel-holder bricks and minor revisions excluded."
11208,"Wheel 14mm D. x 9.9mm with Centre Groove, Fake Bolts and 6 Spokes",Wheels & Tires,Wheels,2,29,Wheels and Tyres,Plastic,,"v0.29 Wheels & Tires reconstruction; useful loose-part wheel/rim or tire geometry retained; covers, complete assemblies, tread links, wheel-holder bricks and minor revisions excluded."
13971,Wheel 18 x 8 with Fake Bolts and Deep Spokes with Inner Ring,Wheels & Tires,Wheels,3,29,Wheels and Tyres,Plastic,,"v0.29 Wheels & Tires reconstruction; useful loose-part wheel/rim or tire geometry retained; covers, complete assemblies, tread links, wheel-holder bricks and minor revisions excluded."
15038,Wheel 56 x 34 Technic Racing Medium with 6 Pin Holes,Wheels & Tires,Wheels,4,29,Wheels and Tyres,Plastic,,"v0.29 Wheels & Tires reconstruction; useful loose-part wheel/rim or tire geometry retained; covers, complete assemblies, tread links, wheel-holder bricks and minor revisions excluded."
15744,Ornate Carriage Wheel [43.2mm],Wheels & Tires,Wheels,5,29,Wheels and Tyres,Plastic,,"v0.29 Wheels & Tires reconstruction; useful loose-part wheel/rim or tire geometry retained; covers, complete assemblies, tread links, wheel-holder bricks and minor revisions excluded."
18976,Wheel 18 x 12 with Axle Hole and Stud,Wheels & Tires,Wheels,6,29,Wheels and Tyres,Plastic,,"v0.29 Wheels & Tires reconstruction; useful loose-part wheel/rim or tire geometry retained; covers, complete assemblies, tread links, wheel-holder bricks and minor revisions excluded."
2148,"Wheel 37mm D. x 22mm, Pin Hole",Wheels & Tires,Wheels,7,29,Wheels and Tyres,Plastic,,"v0.29 Wheels & Tires reconstruction; useful loose-part wheel/rim or tire geometry retained; covers, complete assemblies, tread links, wheel-holder bricks and minor revisions excluded."
22253,Wheel 49.6 x 28 VR with X Axle Hole,Wheels & Tires,Wheels,8,29,Wheels and Tyres,Plastic,,"v0.29 Wheels & Tires reconstruction; useful loose-part wheel/rim or tire geometry retained; covers, complete assemblies, tread links, wheel-holder bricks and minor revisions excluded."
23800,Wheel 62.3 x 42 Technic Racing Large,Wheels & Tires,Wheels,9,29,Wheels and Tyres,Plastic,,"v0.29 Wheels & Tires reconstruction; useful loose-part wheel/rim or tire geometry retained; covers, complete assemblies, tread links, wheel-holder bricks and minor revisions excluded."
242c01,Wheel Spoked with Stud,Wheels & Tires,Wheels,10,29,Wheels and Tyres,Plastic,,"v0.29 Wheels & Tires reconstruction; useful loose-part wheel/rim or tire geometry retained; covers, complete assemblies, tread links, wheel-holder bricks and minor revisions excluded."
2470,Wheel Wagon Small (27mm D.),Wheels & Tires,Wheels,11,29,Wheels and Tyres,Plastic,,"v0.29 Wheels & Tires reconstruction; useful loose-part wheel/rim or tire geometry retained; covers, complete assemblies, tread links, wheel-holder bricks and minor revisions excluded."
24869,Wheel Roller Coaster,Wheels & Tires,Wheels,12,29,Wheels and Tyres,Plastic,,"v0.29 Wheels & Tires reconstruction; useful loose-part wheel/rim or tire geometry retained; covers, complete assemblies, tread links, wheel-holder bricks and minor revisions excluded."
2496,Wheel Skateboard / Trolley,Wheels & Tires,Wheels,13,29,Wheels and Tyres,Plastic,,"v0.29 Wheels & Tires reconstruction; useful loose-part wheel/rim or tire geometry retained; covers, complete assemblies, tread links, wheel-holder bricks and minor revisions excluded."
2515,Wheel Hard Plastic Large (54mm D. x 30mm),Wheels & Tires,Wheels,14,29,Wheels and Tyres,Plastic,,"v0.29 Wheels & Tires reconstruction; useful loose-part wheel/rim or tire geometry retained; covers, complete assemblies, tread links, wheel-holder bricks and minor revisions excluded."
2573,Wheel Hard Plastic Giant (71mm D. x 47mm),Wheels & Tires,Wheels,15,29,Wheels and Tyres,Plastic,,"v0.29 Wheels & Tires reconstruction; useful loose-part wheel/rim or tire geometry retained; covers, complete assemblies, tread links, wheel-holder bricks and minor revisions excluded."
2695,Wheel 30 x 13 Model Team,Wheels & Tires,Wheels,16,29,Wheels and Tyres,Plastic,,"v0.29 Wheels & Tires reconstruction; useful loose-part wheel/rim or tire geometry retained; covers, complete assemblies, tread links, wheel-holder bricks and minor revisions excluded."
2879,Train Wheel,Wheels & Tires,Wheels,17,29,Wheels and Tyres,Plastic,,"v0.29 Wheels & Tires reconstruction; useful loose-part wheel/rim or tire geometry retained; covers, complete assemblies, tread links, wheel-holder bricks and minor revisions excluded."
2903,Wheel 61.6 x 13.6 Motorcycle,Wheels & Tires,Wheels,18,29,Wheels and Tyres,Plastic,,"v0.29 Wheels & Tires reconstruction; useful loose-part wheel/rim or tire geometry retained; covers, complete assemblies, tread links, wheel-holder bricks and minor revisions excluded."
2927,Train Wheel Small,Wheels & Tires,Wheels,19,29,Wheels and Tyres,Plastic,,"v0.29 Wheels & Tires reconstruction; useful loose-part wheel/rim or tire geometry retained; covers, complete assemblies, tread links, wheel-holder bricks and minor revisions excluded."
2994,Wheel Rim 24 x 14 VR with Center Axle Hole,Wheels & Tires,Wheels,20,29,Wheels and Tyres,Plastic,,"v0.29 Wheels & Tires reconstruction; useful loose-part wheel/rim or tire geometry retained; covers, complete assemblies, tread links, wheel-holder bricks and minor revisions excluded."
2996,Wheel 68.8 x 40 Balloon Large,Wheels & Tires,Wheels,21,29,Wheels and Tyres,Plastic,,"v0.29 Wheels & Tires reconstruction; useful loose-part wheel/rim or tire geometry retained; covers, complete assemblies, tread links, wheel-holder bricks and minor revisions excluded."
30027b,Wheel 8 x 9 with Hole Notched for Wheels Holder Pin,Wheels & Tires,Wheels,22,29,Wheels and Tyres,Plastic,,"v0.29 Wheels & Tires reconstruction; useful loose-part wheel/rim or tire geometry retained; covers, complete assemblies, tread links, wheel-holder bricks and minor revisions excluded."
30155,Wheel Spoked 2 x 2 with Pin Hole,Wheels & Tires,Wheels,23,29,Wheels and Tyres,Plastic,,"v0.29 Wheels & Tires reconstruction; useful loose-part wheel/rim or tire geometry retained; covers, complete assemblies, tread links, wheel-holder bricks and minor revisions excluded."
30190,Wheel Centre Wide with Stub Axles [Tricycle],Wheels & Tires,Wheels,24,29,Wheels and Tyres,Plastic,,"v0.29 Wheels & Tires reconstruction; useful loose-part wheel/rim or tire geometry retained; covers, complete assemblies, tread links, wheel-holder bricks and minor revisions excluded."
30285,Wheel 18 x 14 with Tread Small Hub,Wheels & Tires,Wheels,25,29,Wheels and Tyres,Plastic,,"v0.29 Wheels & Tires reconstruction; useful loose-part wheel/rim or tire geometry retained; covers, complete assemblies, tread links, wheel-holder bricks and minor revisions excluded."
30324,Wheel Hard Plastic Spoked,Wheels & Tires,Wheels,26,29,Wheels and Tyres,Plastic,,"v0.29 Wheels & Tires reconstruction; useful loose-part wheel/rim or tire geometry retained; covers, complete assemblies, tread links, wheel-holder bricks and minor revisions excluded."
30838,Wheel 11mm D. x 6mm with 7 Spokes,Wheels & Tires,Wheels,27,29,Wheels and Tyres,Plastic,,"v0.29 Wheels & Tires reconstruction; useful loose-part wheel/rim or tire geometry retained; covers, complete assemblies, tread links, wheel-holder bricks and minor revisions excluded."
32004b,Wheel 68.8 x 24 Model Team Type 2 [Notched Ring],Wheels & Tires,Wheels,28,29,Wheels and Tyres,Plastic,,"v0.29 Wheels & Tires reconstruction; useful loose-part wheel/rim or tire geometry retained; covers, complete assemblies, tread links, wheel-holder bricks and minor revisions excluded."
32020,Wheel 43.2 x 18 with Extended Axle Stem,Wheels & Tires,Wheels,29,29,Wheels and Tyres,Plastic,,"v0.29 Wheels & Tires reconstruction; useful loose-part wheel/rim or tire geometry retained; covers, complete assemblies, tread links, wheel-holder bricks and minor revisions excluded."
32057,Wheel 70 x 14 mm Futuristic,Wheels & Tires,Wheels,30,29,Wheels and Tyres,Plastic,,"v0.29 Wheels & Tires reconstruction; useful loose-part wheel/rim or tire geometry retained; covers, complete assemblies, tread links, wheel-holder bricks and minor revisions excluded."
32077,Wheel 70 x 28 mm Futuristic,Wheels & Tires,Wheels,31,29,Wheels and Tyres,Plastic,,"v0.29 Wheels & Tires reconstruction; useful loose-part wheel/rim or tire geometry retained; covers, complete assemblies, tread links, wheel-holder bricks and minor revisions excluded."
32193,Wheel Flat with Axle hole,Wheels & Tires,Wheels,32,29,Wheels and Tyres,Rubber,,"v0.29 Wheels & Tires reconstruction; useful loose-part wheel/rim or tire geometry retained; covers, complete assemblies, tread links, wheel-holder bricks and minor revisions excluded."
32197,Wheel 81.6 x 34 ZR Three Spoke Swirl,Wheels & Tires,Wheels,33,29,Wheels and Tyres,Plastic,,"v0.29 Wheels & Tires reconstruction; useful loose-part wheel/rim or tire geometry retained; covers, complete assemblies, tread links, wheel-holder bricks and minor revisions excluded."
33211,Wheel Wagon Huge (43mm D.),Wheels & Tires,Wheels,34,29,Wheels and Tyres,Plastic,,"v0.29 Wheels & Tires reconstruction; useful loose-part wheel/rim or tire geometry retained; covers, complete assemblies, tread links, wheel-holder bricks and minor revisions excluded."
33212,"Wheel Wagon Giant (56mm D., 7 studs Dia.)",Wheels & Tires,Wheels,35,29,Wheels and Tyres,Plastic,,"v0.29 Wheels & Tires reconstruction; useful loose-part wheel/rim or tire geometry retained; covers, complete assemblies, tread links, wheel-holder bricks and minor revisions excluded."
34337,Wheel 8 x 6 with Slot,Wheels & Tires,Wheels,36,29,Wheels and Tyres,Plastic,,"v0.29 Wheels & Tires reconstruction; useful loose-part wheel/rim or tire geometry retained; covers, complete assemblies, tread links, wheel-holder bricks and minor revisions excluded."
3482,Wheel with Split Axle hole,Wheels & Tires,Wheels,37,29,Wheels and Tyres,Plastic,,"v0.29 Wheels & Tires reconstruction; useful loose-part wheel/rim or tire geometry retained; covers, complete assemblies, tread links, wheel-holder bricks and minor revisions excluded."
35,Wheel Spoked Large,Wheels & Tires,Wheels,38,29,Wheels and Tyres,Plastic,,"v0.29 Wheels & Tires reconstruction; useful loose-part wheel/rim or tire geometry retained; covers, complete assemblies, tread links, wheel-holder bricks and minor revisions excluded."
3739,Wheel 24 x 43 Technic,Wheels & Tires,Wheels,39,29,Wheels and Tyres,Plastic,,"v0.29 Wheels & Tires reconstruction; useful loose-part wheel/rim or tire geometry retained; covers, complete assemblies, tread links, wheel-holder bricks and minor revisions excluded."
38340,Train Wheel RC Train 16.6 x 23,Wheels & Tires,Wheels,40,29,Wheels and Tyres,Plastic,,"v0.29 Wheels & Tires reconstruction; useful loose-part wheel/rim or tire geometry retained; covers, complete assemblies, tread links, wheel-holder bricks and minor revisions excluded."
41179,Rim 30 mm with 4 Pin Holes,Wheels & Tires,Wheels,41,29,Wheels and Tyres,Plastic,,"v0.29 Wheels & Tires reconstruction; useful loose-part wheel/rim or tire geometry retained; covers, complete assemblies, tread links, wheel-holder bricks and minor revisions excluded."
41864,"Wheel Small Wide Hard Plastic with Axle hole, Tread",Wheels & Tires,Wheels,42,29,Wheels and Tyres,Plastic,,"v0.29 Wheels & Tires reconstruction; useful loose-part wheel/rim or tire geometry retained; covers, complete assemblies, tread links, wheel-holder bricks and minor revisions excluded."
42610,Wheel 11 x 8 with Center Groove,Wheels & Tires,Wheels,43,29,Wheels and Tyres,Plastic,,"v0.29 Wheels & Tires reconstruction; useful loose-part wheel/rim or tire geometry retained; covers, complete assemblies, tread links, wheel-holder bricks and minor revisions excluded."
4266,Wheel 20 x 30 Technic,Wheels & Tires,Wheels,44,29,Wheels and Tyres,Plastic,,"v0.29 Wheels & Tires reconstruction; useful loose-part wheel/rim or tire geometry retained; covers, complete assemblies, tread links, wheel-holder bricks and minor revisions excluded."
42716,Wheel 30 x 20 5-Spoke,Wheels & Tires,Wheels,45,29,Wheels and Tyres,Plastic,,"v0.29 Wheels & Tires reconstruction; useful loose-part wheel/rim or tire geometry retained; covers, complete assemblies, tread links, wheel-holder bricks and minor revisions excluded."
44292,Wheel 30.4 x 20 with 3 Pinholes,Wheels & Tires,Wheels,46,29,Wheels and Tyres,Plastic,,"v0.29 Wheels & Tires reconstruction; useful loose-part wheel/rim or tire geometry retained; covers, complete assemblies, tread links, wheel-holder bricks and minor revisions excluded."
4489b,"Wheel Wagon Large (33mm D.), hole notched for wheels holder pin",Wheels & Tires,Wheels,47,29,Wheels and Tyres,Plastic,,"v0.29 Wheels & Tires reconstruction; useful loose-part wheel/rim or tire geometry retained; covers, complete assemblies, tread links, wheel-holder bricks and minor revisions excluded."
46334,Wheel Rim 75 X 15.8,Wheels & Tires,Wheels,48,29,Wheels and Tyres,Plastic,,"v0.29 Wheels & Tires reconstruction; useful loose-part wheel/rim or tire geometry retained; covers, complete assemblies, tread links, wheel-holder bricks and minor revisions excluded."
4720,Wheel Bicycle without Tire,Wheels & Tires,Wheels,49,29,Wheels and Tyres,Plastic,,"v0.29 Wheels & Tires reconstruction; useful loose-part wheel/rim or tire geometry retained; covers, complete assemblies, tread links, wheel-holder bricks and minor revisions excluded."
50862,Wheel Centre 15 x 6 City Motorcycle with Stub Axles,Wheels & Tires,Wheels,50,29,Wheels and Tyres,Plastic,,"v0.29 Wheels & Tires reconstruction; useful loose-part wheel/rim or tire geometry retained; covers, complete assemblies, tread links, wheel-holder bricks and minor revisions excluded."
51377,Wheel 18 x 14 Spoked,Wheels & Tires,Wheels,51,29,Wheels and Tyres,Plastic,,"v0.29 Wheels & Tires reconstruction; useful loose-part wheel/rim or tire geometry retained; covers, complete assemblies, tread links, wheel-holder bricks and minor revisions excluded."
51378,Wheel Technic Street Bike,Wheels & Tires,Wheels,52,29,Wheels and Tyres,Plastic,,"v0.29 Wheels & Tires reconstruction; useful loose-part wheel/rim or tire geometry retained; covers, complete assemblies, tread links, wheel-holder bricks and minor revisions excluded."
55817,Wheel Wagon Viking with 12 Holes [7 Studs Diameter],Wheels & Tires,Wheels,53,29,Wheels and Tyres,Plastic,,"v0.29 Wheels & Tires reconstruction; useful loose-part wheel/rim or tire geometry retained; covers, complete assemblies, tread links, wheel-holder bricks and minor revisions excluded."
55982,"Wheel 18mm x 14mm with Axle Hole, Fake Bolts and Shallow Spokes",Wheels & Tires,Wheels,54,29,Wheels and Tyres,Plastic,,"v0.29 Wheels & Tires reconstruction; useful loose-part wheel/rim or tire geometry retained; covers, complete assemblies, tread links, wheel-holder bricks and minor revisions excluded."
56908,Wheel 43.2 x 26 Technic Racing Small with 6 Pinholes,Wheels & Tires,Wheels,55,29,Wheels and Tyres,Plastic,,"v0.29 Wheels & Tires reconstruction; useful loose-part wheel/rim or tire geometry retained; covers, complete assemblies, tread links, wheel-holder bricks and minor revisions excluded."
59521,Wheel Hard Plastic Spoked Giant Thin 160 x 28,Wheels & Tires,Wheels,56,29,Wheels and Tyres,Plastic,,"v0.29 Wheels & Tires reconstruction; useful loose-part wheel/rim or tire geometry retained; covers, complete assemblies, tread links, wheel-holder bricks and minor revisions excluded."
88517,Wheel 75 x 17 Motorcycle,Wheels & Tires,Wheels,57,29,Wheels and Tyres,Plastic,,"v0.29 Wheels & Tires reconstruction; useful loose-part wheel/rim or tire geometry retained; covers, complete assemblies, tread links, wheel-holder bricks and minor revisions excluded."
11209,Tyre 21 x 9.9,Wheels & Tires,Tires,1,29,Wheels and Tyres,Rubber,,"v0.29 Wheels & Tires reconstruction; useful loose-part wheel/rim or tire geometry retained; covers, complete assemblies, tread links, wheel-holder bricks and minor revisions excluded."
11957,Tyre 100.6 x 22 Motorcycle,Wheels & Tires,Tires,2,29,Wheels and Tyres,Rubber,,"v0.29 Wheels & Tires reconstruction; useful loose-part wheel/rim or tire geometry retained; covers, complete assemblies, tread links, wheel-holder bricks and minor revisions excluded."
132b,Tyre Smooth Old Style - Small Hollow (Air Tyre),Wheels & Tires,Tires,3,29,Wheels and Tyres,Rubber,,"v0.29 Wheels & Tires reconstruction; useful loose-part wheel/rim or tire geometry retained; covers, complete assemblies, tread links, wheel-holder bricks and minor revisions excluded."
15413,Tyre 49.53 x 20,Wheels & Tires,Tires,4,29,Wheels and Tyres,Rubber,,"v0.29 Wheels & Tires reconstruction; useful loose-part wheel/rim or tire geometry retained; covers, complete assemblies, tread links, wheel-holder bricks and minor revisions excluded."
18450,Tyre 81.6 x 44 R,Wheels & Tires,Tires,5,29,Wheels and Tyres,Rubber,,"v0.29 Wheels & Tires reconstruction; useful loose-part wheel/rim or tire geometry retained; covers, complete assemblies, tread links, wheel-holder bricks and minor revisions excluded."
18977,Tyre 24 x 12 Low Profile,Wheels & Tires,Tires,6,29,Wheels and Tyres,Rubber,,"v0.29 Wheels & Tires reconstruction; useful loose-part wheel/rim or tire geometry retained; covers, complete assemblies, tread links, wheel-holder bricks and minor revisions excluded."
2346,Tyre 30 x 10.5 Offset Tread,Wheels & Tires,Tires,7,29,Wheels and Tyres,Rubber,,"v0.29 Wheels & Tires reconstruction; useful loose-part wheel/rim or tire geometry retained; covers, complete assemblies, tread links, wheel-holder bricks and minor revisions excluded."
23798,Tyre 107 x 44 Tractor,Wheels & Tires,Tires,8,29,Wheels and Tyres,Rubber,,"v0.29 Wheels & Tires reconstruction; useful loose-part wheel/rim or tire geometry retained; covers, complete assemblies, tread links, wheel-holder bricks and minor revisions excluded."
23799,Tyre 81.6 x 44 ZR Technic Straight Tread,Wheels & Tires,Tires,9,29,Wheels and Tyres,Rubber,,"v0.29 Wheels & Tires reconstruction; useful loose-part wheel/rim or tire geometry retained; covers, complete assemblies, tread links, wheel-holder bricks and minor revisions excluded."
2491,Tyre 81 x 29,Wheels & Tires,Tires,10,29,Wheels and Tyres,Rubber,,"v0.29 Wheels & Tires reconstruction; useful loose-part wheel/rim or tire geometry retained; covers, complete assemblies, tread links, wheel-holder bricks and minor revisions excluded."
2696,Tyre 24 x 13 Model Team,Wheels & Tires,Tires,11,29,Wheels and Tyres,Rubber,,"v0.29 Wheels & Tires reconstruction; useful loose-part wheel/rim or tire geometry retained; covers, complete assemblies, tread links, wheel-holder bricks and minor revisions excluded."
2807,Tyre for Bicycle Wheel,Wheels & Tires,Tires,12,29,Wheels and Tyres,Rubber,,"v0.29 Wheels & Tires reconstruction; useful loose-part wheel/rim or tire geometry retained; covers, complete assemblies, tread links, wheel-holder bricks and minor revisions excluded."
2857,Tyre 30 x 20 Solid Balloon,Wheels & Tires,Tires,13,29,Wheels and Tyres,Rubber,,"v0.29 Wheels & Tires reconstruction; useful loose-part wheel/rim or tire geometry retained; covers, complete assemblies, tread links, wheel-holder bricks and minor revisions excluded."
2902,Tyre 81.6 x 15 Motorcycle,Wheels & Tires,Tires,14,29,Wheels and Tyres,Rubber,,"v0.29 Wheels & Tires reconstruction; useful loose-part wheel/rim or tire geometry retained; covers, complete assemblies, tread links, wheel-holder bricks and minor revisions excluded."
2995,Tyre 68.8 x 40 Balloon Large,Wheels & Tires,Tires,15,29,Wheels and Tyres,Rubber,,"v0.29 Wheels & Tires reconstruction; useful loose-part wheel/rim or tire geometry retained; covers, complete assemblies, tread links, wheel-holder bricks and minor revisions excluded."
2997,Tyre 81.6 x 34 ZR Technic Straight Tread,Wheels & Tires,Tires,16,29,Wheels and Tyres,Rubber,,"v0.29 Wheels & Tires reconstruction; useful loose-part wheel/rim or tire geometry retained; covers, complete assemblies, tread links, wheel-holder bricks and minor revisions excluded."
30028,Tyre 14 x 9 Smooth Small Wide Slick,Wheels & Tires,Tires,17,29,Wheels and Tyres,Rubber,,"v0.29 Wheels & Tires reconstruction; useful loose-part wheel/rim or tire geometry retained; covers, complete assemblies, tread links, wheel-holder bricks and minor revisions excluded."
30391,Tyre 30.4 x 14 Offset Tread,Wheels & Tires,Tires,18,29,Wheels and Tyres,Rubber,,"v0.29 Wheels & Tires reconstruction; useful loose-part wheel/rim or tire geometry retained; covers, complete assemblies, tread links, wheel-holder bricks and minor revisions excluded."
30648,Tyre 24 x 14 Shallow Tread (Tread Small Hub),Wheels & Tires,Tires,19,29,Wheels and Tyres,Rubber,,"v0.29 Wheels & Tires reconstruction; useful loose-part wheel/rim or tire geometry retained; covers, complete assemblies, tread links, wheel-holder bricks and minor revisions excluded."
30699,Tyre 43.2 x 14,Wheels & Tires,Tires,20,29,Wheels and Tyres,Rubber,,"v0.29 Wheels & Tires reconstruction; useful loose-part wheel/rim or tire geometry retained; covers, complete assemblies, tread links, wheel-holder bricks and minor revisions excluded."
3139,Tyre 14 x 4 Smooth Small Single,Wheels & Tires,Tires,21,29,Wheels and Tyres,Rubber,,"v0.29 Wheels & Tires reconstruction; useful loose-part wheel/rim or tire geometry retained; covers, complete assemblies, tread links, wheel-holder bricks and minor revisions excluded."
32003,Tyre 68.8 x 24,Wheels & Tires,Tires,22,29,Wheels and Tyres,Rubber,,"v0.29 Wheels & Tires reconstruction; useful loose-part wheel/rim or tire geometry retained; covers, complete assemblies, tread links, wheel-holder bricks and minor revisions excluded."
32019,Tyre 62.4 x 20,Wheels & Tires,Tires,23,29,Wheels and Tyres,Rubber,,"v0.29 Wheels & Tires reconstruction; useful loose-part wheel/rim or tire geometry retained; covers, complete assemblies, tread links, wheel-holder bricks and minor revisions excluded."
32076,Tyre 70 x 14 Futuristic,Wheels & Tires,Tires,24,29,Wheels and Tyres,Rubber,,"v0.29 Wheels & Tires reconstruction; useful loose-part wheel/rim or tire geometry retained; covers, complete assemblies, tread links, wheel-holder bricks and minor revisions excluded."
32078,Tyre 70 x 28 Futuristic,Wheels & Tires,Tires,25,29,Wheels and Tyres,Rubber,,"v0.29 Wheels & Tires reconstruction; useful loose-part wheel/rim or tire geometry retained; covers, complete assemblies, tread links, wheel-holder bricks and minor revisions excluded."
32180,Tyre 56 x 30 R Balloon,Wheels & Tires,Tires,26,29,Wheels and Tyres,Rubber,,"v0.29 Wheels & Tires reconstruction; useful loose-part wheel/rim or tire geometry retained; covers, complete assemblies, tread links, wheel-holder bricks and minor revisions excluded."
32196,Tyre 81.6 x 34 ZR Technic Thin Sporty Tread,Wheels & Tires,Tires,27,29,Wheels and Tyres,Rubber,,"v0.29 Wheels & Tires reconstruction; useful loose-part wheel/rim or tire geometry retained; covers, complete assemblies, tread links, wheel-holder bricks and minor revisions excluded."
32296,Tyre 81.8 x 50 Technic Racing Large,Wheels & Tires,Tires,28,29,Wheels and Tyres,Rubber,,"v0.29 Wheels & Tires reconstruction; useful loose-part wheel/rim or tire geometry retained; covers, complete assemblies, tread links, wheel-holder bricks and minor revisions excluded."
32298,Tyre Technic Power Puller,Wheels & Tires,Tires,29,29,Wheels and Tyres,Rubber,,"v0.29 Wheels & Tires reconstruction; useful loose-part wheel/rim or tire geometry retained; covers, complete assemblies, tread links, wheel-holder bricks and minor revisions excluded."
3483,Tyre Offset Tread 24 x 8,Wheels & Tires,Tires,30,29,Wheels and Tyres,Rubber,,"v0.29 Wheels & Tires reconstruction; useful loose-part wheel/rim or tire geometry retained; covers, complete assemblies, tread links, wheel-holder bricks and minor revisions excluded."
35578,Tyre Offroad 37 x 14,Wheels & Tires,Tires,31,29,Wheels and Tyres,Rubber,,"v0.29 Wheels & Tires reconstruction; useful loose-part wheel/rim or tire geometry retained; covers, complete assemblies, tread links, wheel-holder bricks and minor revisions excluded."
36h,Tyre Smooth Old Style - Large Hollow (Air Tire),Wheels & Tires,Tires,32,29,Wheels and Tyres,Rubber,,"v0.29 Wheels & Tires reconstruction; useful loose-part wheel/rim or tire geometry retained; covers, complete assemblies, tread links, wheel-holder bricks and minor revisions excluded."
3634,Tyre 43 x 17,Wheels & Tires,Tires,33,29,Wheels and Tyres,Rubber,,"v0.29 Wheels & Tires reconstruction; useful loose-part wheel/rim or tire geometry retained; covers, complete assemblies, tread links, wheel-holder bricks and minor revisions excluded."
3641,Tyre 15 x 6 Offset Tread Small,Wheels & Tires,Tires,34,29,Wheels and Tyres,Rubber,,"v0.29 Wheels & Tires reconstruction; useful loose-part wheel/rim or tire geometry retained; covers, complete assemblies, tread links, wheel-holder bricks and minor revisions excluded."
3740,Tyre 24 x 43 Technic,Wheels & Tires,Tires,35,29,Wheels and Tyres,Rubber,,"v0.29 Wheels & Tires reconstruction; useful loose-part wheel/rim or tire geometry retained; covers, complete assemblies, tread links, wheel-holder bricks and minor revisions excluded."
4084,Tyre 21 x 8 Offset Tread Medium,Wheels & Tires,Tires,36,29,Wheels and Tyres,Rubber,,"v0.29 Wheels & Tires reconstruction; useful loose-part wheel/rim or tire geometry retained; covers, complete assemblies, tread links, wheel-holder bricks and minor revisions excluded."
41893,Tyre 68.8 x 36 H,Wheels & Tires,Tires,37,29,Wheels and Tyres,Rubber,,"v0.29 Wheels & Tires reconstruction; useful loose-part wheel/rim or tire geometry retained; covers, complete assemblies, tread links, wheel-holder bricks and minor revisions excluded."
41897,Tyre 56 x 28 ZR Street,Wheels & Tires,Tires,38,29,Wheels and Tyres,Rubber,,"v0.29 Wheels & Tires reconstruction; useful loose-part wheel/rim or tire geometry retained; covers, complete assemblies, tread links, wheel-holder bricks and minor revisions excluded."
4267,Tyre 30 x 20 Technic,Wheels & Tires,Tires,39,29,Wheels and Tyres,Rubber,,"v0.29 Wheels & Tires reconstruction; useful loose-part wheel/rim or tire geometry retained; covers, complete assemblies, tread links, wheel-holder bricks and minor revisions excluded."
4410,Tyre 81.6 x 44 Slick,Wheels & Tires,Tires,40,29,Wheels and Tyres,Rubber,,"v0.29 Wheels & Tires reconstruction; useful loose-part wheel/rim or tire geometry retained; covers, complete assemblies, tread links, wheel-holder bricks and minor revisions excluded."
44308,Tyre 43.2 x 22 H,Wheels & Tires,Tires,41,29,Wheels and Tyres,Rubber,,"v0.29 Wheels & Tires reconstruction; useful loose-part wheel/rim or tire geometry retained; covers, complete assemblies, tread links, wheel-holder bricks and minor revisions excluded."
44309,Tyre 43.2 x 22 ZR,Wheels & Tires,Tires,42,29,Wheels and Tyres,Rubber,,"v0.29 Wheels & Tires reconstruction; useful loose-part wheel/rim or tire geometry retained; covers, complete assemblies, tread links, wheel-holder bricks and minor revisions excluded."
4455,Tyre 87.9 x 36,Wheels & Tires,Tires,43,29,Wheels and Tyres,Rubber,,"v0.29 Wheels & Tires reconstruction; useful loose-part wheel/rim or tire geometry retained; covers, complete assemblies, tread links, wheel-holder bricks and minor revisions excluded."
4456,Tyre 100.6 x 28,Wheels & Tires,Tires,44,29,Wheels and Tyres,Rubber,,"v0.29 Wheels & Tires reconstruction; useful loose-part wheel/rim or tire geometry retained; covers, complete assemblies, tread links, wheel-holder bricks and minor revisions excluded."
44771,Tyre 68.8 x 36 ZR,Wheels & Tires,Tires,45,29,Wheels and Tyres,Rubber,,"v0.29 Wheels & Tires reconstruction; useful loose-part wheel/rim or tire geometry retained; covers, complete assemblies, tread links, wheel-holder bricks and minor revisions excluded."
458,Tyre for Train Wheel for Electric Train Motor 12V,Wheels & Tires,Tires,46,29,Wheels and Tyres,Rubber,,"v0.29 Wheels & Tires reconstruction; useful loose-part wheel/rim or tire geometry retained; covers, complete assemblies, tread links, wheel-holder bricks and minor revisions excluded."
46335,Tyre 94.3 x 38 Motorcycle Racing Tread,Wheels & Tires,Tires,47,29,Wheels and Tyres,Rubber,,"v0.29 Wheels & Tires reconstruction; useful loose-part wheel/rim or tire geometry retained; covers, complete assemblies, tread links, wheel-holder bricks and minor revisions excluded."
47345,Tire 94 x 40 Balloon Offset Tread,Wheels & Tires,Tires,48,29,Wheels and Tyres,Plastic,,"v0.29 Wheels & Tires reconstruction; useful loose-part wheel/rim or tire geometry retained; covers, complete assemblies, tread links, wheel-holder bricks and minor revisions excluded."
5033,Tyre 24 x 9.9,Wheels & Tires,Tires,49,29,Wheels and Tyres,Rubber,,"v0.29 Wheels & Tires reconstruction; useful loose-part wheel/rim or tire geometry retained; covers, complete assemblies, tread links, wheel-holder bricks and minor revisions excluded."
50861,Tyre 21 x 6 City Motorcycle,Wheels & Tires,Tires,50,29,Wheels and Tyres,Rubber,,"v0.29 Wheels & Tires reconstruction; useful loose-part wheel/rim or tire geometry retained; covers, complete assemblies, tread links, wheel-holder bricks and minor revisions excluded."
50951,Tyre 14 x 6 Solid Smooth,Wheels & Tires,Tires,51,29,Wheels and Tyres,Rubber,,"v0.29 Wheels & Tires reconstruction; useful loose-part wheel/rim or tire geometry retained; covers, complete assemblies, tread links, wheel-holder bricks and minor revisions excluded."
51379,"Tyre Technic Street Bike Wide, Rear [8420]",Wheels & Tires,Tires,52,29,Wheels and Tyres,Rubber,,"v0.29 Wheels & Tires reconstruction; useful loose-part wheel/rim or tire geometry retained; covers, complete assemblies, tread links, wheel-holder bricks and minor revisions excluded."
51380,"Tyre Technic Street Bike Narrow, Front [8420]",Wheels & Tires,Tires,53,29,Wheels and Tyres,Rubber,,"v0.29 Wheels & Tires reconstruction; useful loose-part wheel/rim or tire geometry retained; covers, complete assemblies, tread links, wheel-holder bricks and minor revisions excluded."
54120,Tyre 94.8 x 44 R Balloon,Wheels & Tires,Tires,54,29,Wheels and Tyres,Rubber,,"v0.29 Wheels & Tires reconstruction; useful loose-part wheel/rim or tire geometry retained; covers, complete assemblies, tread links, wheel-holder bricks and minor revisions excluded."
55976,Tyre 56 x 26 Balloon,Wheels & Tires,Tires,55,29,Wheels and Tyres,Rubber,,"v0.29 Wheels & Tires reconstruction; useful loose-part wheel/rim or tire geometry retained; covers, complete assemblies, tread links, wheel-holder bricks and minor revisions excluded."
56890,Tyre 24 x 12 R Balloon,Wheels & Tires,Tires,56,29,Wheels and Tyres,Rubber,,"v0.29 Wheels & Tires reconstruction; useful loose-part wheel/rim or tire geometry retained; covers, complete assemblies, tread links, wheel-holder bricks and minor revisions excluded."
56891,Tyre 37 x 18 R Balloon,Wheels & Tires,Tires,57,29,Wheels and Tyres,Rubber,,"v0.29 Wheels & Tires reconstruction; useful loose-part wheel/rim or tire geometry retained; covers, complete assemblies, tread links, wheel-holder bricks and minor revisions excluded."
56898,Tyre 43.2 x 14 Offset Tread,Wheels & Tires,Tires,58,29,Wheels and Tyres,Rubber,,"v0.29 Wheels & Tires reconstruction; useful loose-part wheel/rim or tire geometry retained; covers, complete assemblies, tread links, wheel-holder bricks and minor revisions excluded."
15790,"Propeller 3 Blade 9 Diameter with Pin Hole, Recessed Center",Propellers & Rotors,Propellers & Rotors,3,35,Transportation - Sea and Air,Plastic,,"v0.30 reconstruction; distinct propeller/rotor blade geometry retained; holders, housings, engines, printed/decorative forms, Duplo and minor revisions excluded."
18592,Propeller 3 Blade 13 Diameter,Propellers & Rotors,Propellers & Rotors,4,35,Transportation - Sea and Air,Plastic,,"v0.30 reconstruction; distinct propeller/rotor blade geometry retained; holders, housings, engines, printed/decorative forms, Duplo and minor revisions excluded."
2421,Propeller 3 Blade Small,Propellers & Rotors,Propellers & Rotors,5,35,Transportation - Sea and Air,Plastic,,"v0.30 reconstruction; distinct propeller/rotor blade geometry retained; holders, housings, engines, printed/decorative forms, Duplo and minor revisions excluded."
2479,"Propeller 4 Blade 5 Diameter with Rounded Ends, Open Hub",Propellers & Rotors,Propellers & Rotors,6,35,Transportation - Sea and Air,Plastic,,"v0.30 reconstruction; distinct propeller/rotor blade geometry retained; holders, housings, engines, printed/decorative forms, Duplo and minor revisions excluded."
2712,Technic Plate Rotor 3 Blade with Toothed Ends and 3 Studs (Propeller),Propellers & Rotors,Propellers & Rotors,7,26,Technic Special,Plastic,,"v0.30 reconstruction; distinct propeller/rotor blade geometry retained; holders, housings, engines, printed/decorative forms, Duplo and minor revisions excluded."
2740c01,Technic Propeller 3 Blade with 24t Gear [8855 / 5113],Propellers & Rotors,Propellers & Rotors,8,26,Technic Special,Plastic,,"v0.30 reconstruction; distinct propeller/rotor blade geometry retained; holders, housings, engines, printed/decorative forms, Duplo and minor revisions excluded."
2906,Technic Propeller 4 Blade 7 Stud Diameter with Square Ends,Propellers & Rotors,Propellers & Rotors,9,26,Technic Special,Plastic,,"v0.30 reconstruction; distinct propeller/rotor blade geometry retained; holders, housings, engines, printed/decorative forms, Duplo and minor revisions excluded."
2952,Propeller 2 Blade 9 Diameter,Propellers & Rotors,Propellers & Rotors,10,35,Transportation - Sea and Air,Plastic,,"v0.30 reconstruction; distinct propeller/rotor blade geometry retained; holders, housings, engines, printed/decorative forms, Duplo and minor revisions excluded."
30078,Propeller 6 Blade Fan 8 x 8,Propellers & Rotors,Propellers & Rotors,11,35,Transportation - Sea and Air,Plastic,,"v0.30 reconstruction; distinct propeller/rotor blade geometry retained; holders, housings, engines, printed/decorative forms, Duplo and minor revisions excluded."
30332,Propeller 3 Blade 9 Diameter,Propellers & Rotors,Propellers & Rotors,12,35,Transportation - Sea and Air,Plastic,,"v0.30 reconstruction; distinct propeller/rotor blade geometry retained; holders, housings, engines, printed/decorative forms, Duplo and minor revisions excluded."
30644,Propeller 2 Blade 4 x 22,Propellers & Rotors,Propellers & Rotors,13,35,Transportation - Sea and Air,Plastic,,"v0.30 reconstruction; distinct propeller/rotor blade geometry retained; holders, housings, engines, printed/decorative forms, Duplo and minor revisions excluded."
32125,Technic Plate Rotor 3 Blade with Smooth Ends and 6 Studs (Propeller),Propellers & Rotors,Propellers & Rotors,14,26,Technic Special,Plastic,,"v0.30 reconstruction; distinct propeller/rotor blade geometry retained; holders, housings, engines, printed/decorative forms, Duplo and minor revisions excluded."
3461,Propeller 4 Blade 5 Diameter with Hole for Rotor Holder,Propellers & Rotors,Propellers & Rotors,15,35,Transportation - Sea and Air,Plastic,,"v0.30 reconstruction; distinct propeller/rotor blade geometry retained; holders, housings, engines, printed/decorative forms, Duplo and minor revisions excluded."
3480,Propeller 2 Blade,Propellers & Rotors,Propellers & Rotors,16,35,Transportation - Sea and Air,Plastic,,"v0.30 reconstruction; distinct propeller/rotor blade geometry retained; holders, housings, engines, printed/decorative forms, Duplo and minor revisions excluded."
35775,"Rotor, Spinner, 10 Diameter",Propellers & Rotors,Propellers & Rotors,17,18,"Hinges, Arms and Turntables",Plastic,,"v0.30 reconstruction; distinct propeller/rotor blade geometry retained; holders, housings, engines, printed/decorative forms, Duplo and minor revisions excluded."
41325,Helicopter Rotor,Propellers & Rotors,Propellers & Rotors,18,35,Transportation - Sea and Air,Plastic,,"v0.30 reconstruction; distinct propeller/rotor blade geometry retained; holders, housings, engines, printed/decorative forms, Duplo and minor revisions excluded."
41530,Propeller 8 Blade 5 Diameter,Propellers & Rotors,Propellers & Rotors,19,35,Transportation - Sea and Air,Plastic,,"v0.30 reconstruction; distinct propeller/rotor blade geometry retained; holders, housings, engines, printed/decorative forms, Duplo and minor revisions excluded."
4617b,Propeller 3 Blade 5.5 Diameter with Hole for Technic Pin,Propellers & Rotors,Propellers & Rotors,20,35,Transportation - Sea and Air,Plastic,,"v0.30 reconstruction; distinct propeller/rotor blade geometry retained; holders, housings, engines, printed/decorative forms, Duplo and minor revisions excluded."
4745,Propeller 2 Blade Twisted,Propellers & Rotors,Propellers & Rotors,21,35,Transportation - Sea and Air,Plastic,,"v0.30 reconstruction; distinct propeller/rotor blade geometry retained; holders, housings, engines, printed/decorative forms, Duplo and minor revisions excluded."
4751c,Propeller 4 Blade 13 Diameter without Studs,Propellers & Rotors,Propellers & Rotors,22,35,Transportation - Sea and Air,Plastic,,"v0.30 reconstruction; distinct propeller/rotor blade geometry retained; holders, housings, engines, printed/decorative forms, Duplo and minor revisions excluded."
51138,"Technic Plate Rotor 3 Blade with Smooth Ends, 6 Studs, 1 Bottom Ridge (Propeller)",Propellers & Rotors,Propellers & Rotors,23,26,Technic Special,Plastic,,"v0.30 reconstruction; distinct propeller/rotor blade geometry retained; holders, housings, engines, printed/decorative forms, Duplo and minor revisions excluded."
5240,Propeller Blade 40L with 3 Pin Holes,Propellers & Rotors,Propellers & Rotors,24,26,Technic Special,Plastic,,"v0.30 reconstruction; distinct propeller/rotor blade geometry retained; holders, housings, engines, printed/decorative forms, Duplo and minor revisions excluded."
54568,Propeller with Pin,Propellers & Rotors,Propellers & Rotors,25,35,Transportation - Sea and Air,Plastic,,"v0.30 reconstruction; distinct propeller/rotor blade geometry retained; holders, housings, engines, printed/decorative forms, Duplo and minor revisions excluded."
6041,Propeller 3 Blade 3 Diameter with Axle Cross,Propellers & Rotors,Propellers & Rotors,26,35,Transportation - Sea and Air,Plastic,,"v0.30 reconstruction; distinct propeller/rotor blade geometry retained; holders, housings, engines, printed/decorative forms, Duplo and minor revisions excluded."
61898d,Propeller 2 Blade 40 Diameter,Propellers & Rotors,Propellers & Rotors,27,35,Transportation - Sea and Air,Plastic,,"v0.30 reconstruction; distinct propeller/rotor blade geometry retained; holders, housings, engines, printed/decorative forms, Duplo and minor revisions excluded."
61898f,Propeller 2 Blade 26 Diameter,Propellers & Rotors,Propellers & Rotors,28,35,Transportation - Sea and Air,Plastic,,"v0.30 reconstruction; distinct propeller/rotor blade geometry retained; holders, housings, engines, printed/decorative forms, Duplo and minor revisions excluded."
64566,Technic Plate Rotor 6 Blade with Clip Ends Connected [aka Water Wheel] - Hollow Studs,Propellers & Rotors,Propellers & Rotors,29,9,Plates Special,Plastic,,"v0.30 reconstruction; distinct propeller/rotor blade geometry retained; holders, housings, engines, printed/decorative forms, Duplo and minor revisions excluded."
65422,Rotor Blade 3 x 19 with 3 Holes,Propellers & Rotors,Propellers & Rotors,30,40,Technic Panels,Plastic,,"v0.30 reconstruction; distinct propeller/rotor blade geometry retained; holders, housings, engines, printed/decorative forms, Duplo and minor revisions excluded."
65768,Propeller 3 Blade 3 Diameter with Pin Hole,Propellers & Rotors,Propellers & Rotors,31,35,Transportation - Sea and Air,Plastic,,"v0.30 reconstruction; distinct propeller/rotor blade geometry retained; holders, housings, engines, printed/decorative forms, Duplo and minor revisions excluded."
67737,"Propeller 4 Blade 5 Diameter with Rounded Ends, Closed Hub",Propellers & Rotors,Propellers & Rotors,32,35,Transportation - Sea and Air,Plastic,,"v0.30 reconstruction; distinct propeller/rotor blade geometry retained; holders, housings, engines, printed/decorative forms, Duplo and minor revisions excluded."
87751,Propeller 7 Blade 6 Diameter,Propellers & Rotors,Propellers & Rotors,33,35,Transportation - Sea and Air,Plastic,,"v0.30 reconstruction; distinct propeller/rotor blade geometry retained; holders, housings, engines, printed/decorative forms, Duplo and minor revisions excluded."
89509,Propeller 1 Blade 14L with Two Pin Holes and Four Axles,Propellers & Rotors,Propellers & Rotors,34,35,Transportation - Sea and Air,Plastic,,"v0.30 reconstruction; distinct propeller/rotor blade geometry retained; holders, housings, engines, printed/decorative forms, Duplo and minor revisions excluded."
99012,Technic Rotor Blade Small with Hole and Axle Connector End,Propellers & Rotors,Propellers & Rotors,35,26,Technic Special,Plastic,,"v0.30 reconstruction; distinct propeller/rotor blade geometry retained; holders, housings, engines, printed/decorative forms, Duplo and minor revisions excluded."
2850b,"Technic Engine Cylinder without Side Slots, with Bottom Slots",Engines & Turbines,Engine Components,4,25,"Technic Steering, Suspension and Engine",Plastic,,"v0.31 Engines & Turbines reconstruction; distinct engine/turbine/mechanical power-unit identity retained; electrical motors, vehicle-base assemblies, Duplo and minor assembly/color revisions excluded."
2851,Technic Engine Piston Round,Engines & Turbines,Engine Components,5,25,"Technic Steering, Suspension and Engine",Plastic,,"v0.31 Engines & Turbines reconstruction; distinct engine/turbine/mechanical power-unit identity retained; electrical motors, vehicle-base assemblies, Duplo and minor assembly/color revisions excluded."
2852,Technic Engine Connecting Rod,Engines & Turbines,Engine Components,6,25,"Technic Steering, Suspension and Engine",Plastic,,"v0.31 Engines & Turbines reconstruction; distinct engine/turbine/mechanical power-unit identity retained; electrical motors, vehicle-base assemblies, Duplo and minor assembly/color revisions excluded."
3652,Technic Engine Piston Square 2 x 2 - Old,Engines & Turbines,Engine Components,7,25,"Technic Steering, Suspension and Engine",Plastic,,"v0.31 Engines & Turbines reconstruction; distinct engine/turbine/mechanical power-unit identity retained; electrical motors, vehicle-base assemblies, Duplo and minor assembly/color revisions excluded."
6608,"Technic Engine Cylinder, No Studs",Engines & Turbines,Engine Components,8,25,"Technic Steering, Suspension and Engine",Plastic,,"v0.31 Engines & Turbines reconstruction; distinct engine/turbine/mechanical power-unit identity retained; electrical motors, vehicle-base assemblies, Duplo and minor assembly/color revisions excluded."
6797,Technic Engine Air Scoop 4 x 4 x 1 1/3,Engines & Turbines,Engine Components,9,25,"Technic Steering, Suspension and Engine",Plastic,,"v0.31 Engines & Turbines reconstruction; distinct engine/turbine/mechanical power-unit identity retained; electrical motors, vehicle-base assemblies, Duplo and minor assembly/color revisions excluded."
30358,"Engine, Strakes, 2 Top Studs, 2 x 2 Bottom Tile",Engines & Turbines,Engine Components,10,35,Transportation - Sea and Air,Plastic,,"v0.31 Engines & Turbines reconstruction; distinct engine/turbine/mechanical power-unit identity retained; electrical motors, vehicle-base assemblies, Duplo and minor assembly/color revisions excluded."
30535,Engine 2 x 4 x 4,Engines & Turbines,Engine Components,11,5,Bricks Special,Plastic,,"v0.31 Engines & Turbines reconstruction; distinct engine/turbine/mechanical power-unit identity retained; electrical motors, vehicle-base assemblies, Duplo and minor assembly/color revisions excluded."
3475b,"Engine - Smooth, Small 1 x 2 Side Plate [With Axle Holders]",Engines & Turbines,Engine Components,12,35,Transportation - Sea and Air,Plastic,,"v0.31 Engines & Turbines reconstruction; distinct engine/turbine/mechanical power-unit identity retained; electrical motors, vehicle-base assemblies, Duplo and minor assembly/color revisions excluded."
4229b,"Engine, Strakes, 2 x 2, Narrow with Prominent Axle Hole Centre",Engines & Turbines,Engine Components,13,35,Transportation - Sea and Air,Plastic,,"v0.31 Engines & Turbines reconstruction; distinct engine/turbine/mechanical power-unit identity retained; electrical motors, vehicle-base assemblies, Duplo and minor assembly/color revisions excluded."
43121,"Engine, Large",Engines & Turbines,Engine Components,14,35,Transportation - Sea and Air,Plastic,,"v0.31 Engines & Turbines reconstruction; distinct engine/turbine/mechanical power-unit identity retained; electrical motors, vehicle-base assemblies, Duplo and minor assembly/color revisions excluded."
45407,"Engine Block 4 x 6 x 2 with Wedged Center, Recessed Edges and Pin Holes",Engines & Turbines,Engine Components,15,36,Transportation - Land,Plastic,,"v0.31 Engines & Turbines reconstruction; distinct engine/turbine/mechanical power-unit identity retained; electrical motors, vehicle-base assemblies, Duplo and minor assembly/color revisions excluded."
4616b,Fabuland Airplane Engine Block with Technic Pin Hole,Engines & Turbines,Engine Components,16,35,Transportation - Sea and Air,Plastic,,"v0.31 Engines & Turbines reconstruction; distinct engine/turbine/mechanical power-unit identity retained; electrical motors, vehicle-base assemblies, Duplo and minor assembly/color revisions excluded."
46452,"Technic Engine Tunable, Block with Two Round Air Scoops [Fits 2133]",Engines & Turbines,Engine Components,17,25,"Technic Steering, Suspension and Engine",Plastic,,"v0.31 Engines & Turbines reconstruction; distinct engine/turbine/mechanical power-unit identity retained; electrical motors, vehicle-base assemblies, Duplo and minor assembly/color revisions excluded."
46453,"Technic Engine Tunable, Block with Trapezoidal Air Scoop",Engines & Turbines,Engine Components,18,25,"Technic Steering, Suspension and Engine",Plastic,,"v0.31 Engines & Turbines reconstruction; distinct engine/turbine/mechanical power-unit identity retained; electrical motors, vehicle-base assemblies, Duplo and minor assembly/color revisions excluded."
46454,"Technic Engine Tuneable, Cover [Fits 2133]",Engines & Turbines,Engine Components,19,25,"Technic Steering, Suspension and Engine",Plastic,,"v0.31 Engines & Turbines reconstruction; distinct engine/turbine/mechanical power-unit identity retained; electrical motors, vehicle-base assemblies, Duplo and minor assembly/color revisions excluded."
46455,"Technic Engine Tuneable, Single Exhaust [Fits 2133]",Engines & Turbines,Engine Components,20,25,"Technic Steering, Suspension and Engine",Plastic,,"v0.31 Engines & Turbines reconstruction; distinct engine/turbine/mechanical power-unit identity retained; electrical motors, vehicle-base assemblies, Duplo and minor assembly/color revisions excluded."
46456,"Technic Engine Tuneable, Triple Exhaust [Fits 2133]",Engines & Turbines,Engine Components,21,25,"Technic Steering, Suspension and Engine",Plastic,,"v0.31 Engines & Turbines reconstruction; distinct engine/turbine/mechanical power-unit identity retained; electrical motors, vehicle-base assemblies, Duplo and minor assembly/color revisions excluded."
46667,Jet Engine Fan with 10 Blades and Technic Pin,Engines & Turbines,Engine Components,22,35,Transportation - Sea and Air,Plastic,,"v0.31 Engines & Turbines reconstruction; distinct engine/turbine/mechanical power-unit identity retained; electrical motors, vehicle-base assemblies, Duplo and minor assembly/color revisions excluded."
4868b,Engine Smooth Large [2 x 2 Thin Top Plate],Engines & Turbines,Engine Components,23,35,Transportation - Sea and Air,Plastic,,"v0.31 Engines & Turbines reconstruction; distinct engine/turbine/mechanical power-unit identity retained; electrical motors, vehicle-base assemblies, Duplo and minor assembly/color revisions excluded."
4869,Engine Centre - Smooth Large,Engines & Turbines,Engine Components,24,35,Transportation - Sea and Air,Plastic,,"v0.31 Engines & Turbines reconstruction; distinct engine/turbine/mechanical power-unit identity retained; electrical motors, vehicle-base assemblies, Duplo and minor assembly/color revisions excluded."
49828,"Engine, Technic RC Car Quadruple Pipe",Engines & Turbines,Engine Components,25,36,Transportation - Land,Plastic,,"v0.31 Engines & Turbines reconstruction; distinct engine/turbine/mechanical power-unit identity retained; electrical motors, vehicle-base assemblies, Duplo and minor assembly/color revisions excluded."
49829,"Engine / Air Scoop, Technic Double (RC Car)",Engines & Turbines,Engine Components,26,36,Transportation - Land,Plastic,,"v0.31 Engines & Turbines reconstruction; distinct engine/turbine/mechanical power-unit identity retained; electrical motors, vehicle-base assemblies, Duplo and minor assembly/color revisions excluded."
53983,"Engine, Very Large Turbine",Engines & Turbines,Engine Components,27,35,Transportation - Sea and Air,Plastic,,"v0.31 Engines & Turbines reconstruction; distinct engine/turbine/mechanical power-unit identity retained; electrical motors, vehicle-base assemblies, Duplo and minor assembly/color revisions excluded."
98302,"Engine, Smooth Small, 1 x 2 Side Plate with Axle Holders and Slot",Engines & Turbines,Engine Components,28,35,Transportation - Sea and Air,Plastic,,"v0.31 Engines & Turbines reconstruction; distinct engine/turbine/mechanical power-unit identity retained; electrical motors, vehicle-base assemblies, Duplo and minor assembly/color revisions excluded."
10039,Pullback Motor 8 x 4 x 2/3,Engines & Turbines,Mechanical Power Units,1,44,Mechanical,Plastic,,"v0.31 Engines & Turbines reconstruction; distinct engine/turbine/mechanical power-unit identity retained; electrical motors, vehicle-base assemblies, Duplo and minor assembly/color revisions excluded."
12799,Pullback Motor 6 x 3 x 5,Engines & Turbines,Mechanical Power Units,2,44,Mechanical,Plastic,,"v0.31 Engines & Turbines reconstruction; distinct engine/turbine/mechanical power-unit identity retained; electrical motors, vehicle-base assemblies, Duplo and minor assembly/color revisions excluded."
2574,Pullback Motor Old,Engines & Turbines,Mechanical Power Units,3,44,Mechanical,Plastic,,"v0.31 Engines & Turbines reconstruction; distinct engine/turbine/mechanical power-unit identity retained; electrical motors, vehicle-base assemblies, Duplo and minor assembly/color revisions excluded."
32283c02,"Pullback Motor 9 x 4 x 2 1/3 with Black Base, White Axle Holes, Studs on Front Top Surface",Engines & Turbines,Mechanical Power Units,4,44,Mechanical,Plastic,,"v0.31 Engines & Turbines reconstruction; distinct engine/turbine/mechanical power-unit identity retained; electrical motors, vehicle-base assemblies, Duplo and minor assembly/color revisions excluded."
41857c01,"Light Gray Pullback Motor 6 x 2 x 1 1/3 with Black Base, White Shafts (Motor 1)",Engines & Turbines,Mechanical Power Units,5,44,Mechanical,Plastic,,"v0.31 Engines & Turbines reconstruction; distinct engine/turbine/mechanical power-unit identity retained; electrical motors, vehicle-base assemblies, Duplo and minor assembly/color revisions excluded."
42073c01,Motor Wind-Up 2 x 6 x 2 & 1/3 with Short Milky White Axle,Engines & Turbines,Mechanical Power Units,6,44,Mechanical,Plastic,,"v0.31 Engines & Turbines reconstruction; distinct engine/turbine/mechanical power-unit identity retained; electrical motors, vehicle-base assemblies, Duplo and minor assembly/color revisions excluded."
42289,"Motor Pullback 2 x 6 x 1 2/3 Type 2 [Fast] Black Base, White Axle",Engines & Turbines,Mechanical Power Units,7,44,Mechanical,Plastic,,"v0.31 Engines & Turbines reconstruction; distinct engine/turbine/mechanical power-unit identity retained; electrical motors, vehicle-base assemblies, Duplo and minor assembly/color revisions excluded."
4234,Motor Wind-Up 4 x 10 x 3 Key,Engines & Turbines,Mechanical Power Units,8,56,Tools,Plastic,,"v0.31 Engines & Turbines reconstruction; distinct engine/turbine/mechanical power-unit identity retained; electrical motors, vehicle-base assemblies, Duplo and minor assembly/color revisions excluded."
42590,Pullback Motor 7 x 5 x 3,Engines & Turbines,Mechanical Power Units,9,44,Mechanical,Plastic,,"v0.31 Engines & Turbines reconstruction; distinct engine/turbine/mechanical power-unit identity retained; electrical motors, vehicle-base assemblies, Duplo and minor assembly/color revisions excluded."
45337c02,Gearbox 3 x 4 x 1 2/3 with Dark Bluish Gray Base,Engines & Turbines,Mechanical Power Units,10,44,Mechanical,Plastic,,"v0.31 Engines & Turbines reconstruction; distinct engine/turbine/mechanical power-unit identity retained; electrical motors, vehicle-base assemblies, Duplo and minor assembly/color revisions excluded."
45360c01,Technic Gearbox 3 x 3 x 1.667 Corner [Complete Assembly],Engines & Turbines,Mechanical Power Units,11,44,Mechanical,Plastic,,"v0.31 Engines & Turbines reconstruction; distinct engine/turbine/mechanical power-unit identity retained; electrical motors, vehicle-base assemblies, Duplo and minor assembly/color revisions excluded."
46224c01,Gearbox 4 x 2 x 4 [Worm / 24 Tooth] Dark Gray Centre,Engines & Turbines,Mechanical Power Units,12,44,Mechanical,Plastic,,"v0.31 Engines & Turbines reconstruction; distinct engine/turbine/mechanical power-unit identity retained; electrical motors, vehicle-base assemblies, Duplo and minor assembly/color revisions excluded."
47715,Pullback Motor 9 x 4 x 2 2/3,Engines & Turbines,Mechanical Power Units,13,44,Mechanical,Plastic,,"v0.31 Engines & Turbines reconstruction; distinct engine/turbine/mechanical power-unit identity retained; electrical motors, vehicle-base assemblies, Duplo and minor assembly/color revisions excluded."
54802,Flywheel Inertia Motor 9 x 4 x 3 2/3,Engines & Turbines,Mechanical Power Units,14,44,Mechanical,Plastic,,"v0.31 Engines & Turbines reconstruction; distinct engine/turbine/mechanical power-unit identity retained; electrical motors, vehicle-base assemblies, Duplo and minor assembly/color revisions excluded."
6585,"Gearbox 4 x 4 x 1 2/3 with 1 x 2 Cutouts, Pin Holes",Engines & Turbines,Mechanical Power Units,15,26,Technic Special,Plastic,,"v0.31 Engines & Turbines reconstruction; distinct engine/turbine/mechanical power-unit identity retained; electrical motors, vehicle-base assemblies, Duplo and minor assembly/color revisions excluded."
6588,Technic Gearbox 2 x 4 x 3 1/3,Engines & Turbines,Mechanical Power Units,16,26,Technic Special,Plastic,,"v0.31 Engines & Turbines reconstruction; distinct engine/turbine/mechanical power-unit identity retained; electrical motors, vehicle-base assemblies, Duplo and minor assembly/color revisions excluded."
768,Technic Gearbox 2 x 4 x 3,Engines & Turbines,Mechanical Power Units,17,44,Mechanical,Plastic,,"v0.31 Engines & Turbines reconstruction; distinct engine/turbine/mechanical power-unit identity retained; electrical motors, vehicle-base assemblies, Duplo and minor assembly/color revisions excluded."
upn0359,Pullback Motor 10 x 5 x 4 Motorcycle [Motor 8],Engines & Turbines,Mechanical Power Units,18,44,Mechanical,Plastic,,"v0.31 Engines & Turbines reconstruction; distinct engine/turbine/mechanical power-unit identity retained; electrical motors, vehicle-base assemblies, Duplo and minor assembly/color revisions excluded."
14718,Panel 1 x 4 x 2 with Side Supports - Hollow Studs,Panels,System Panels,1,23,Panels,Plastic,,"v0.32 Panels reconstruction; panel/wall/fairing identity retained; window-dominant openings, vehicle-dominant mudguards/bodywork, known transfers, assemblies and minor mold revisions excluded."
15207,Panel 1 x 4 x 1 with Rounded Corners [Thin Wall],Panels,System Panels,2,23,Panels,Plastic,,"v0.32 Panels reconstruction; panel/wall/fairing identity retained; window-dominant openings, vehicle-dominant mudguards/bodywork, known transfers, assemblies and minor mold revisions excluded."
18910,Panel 3 x 4 x 3 Curved,Panels,System Panels,3,23,Panels,Plastic,,"v0.32 Panels reconstruction; panel/wall/fairing identity retained; window-dominant openings, vehicle-dominant mudguards/bodywork, known transfers, assemblies and minor mold revisions excluded."
18969,Panel 4 x 4 x 13 Curved Tapered with Clip at Each End,Panels,System Panels,4,23,Panels,Plastic,,"v0.32 Panels reconstruction; panel/wall/fairing identity retained; window-dominant openings, vehicle-dominant mudguards/bodywork, known transfers, assemblies and minor mold revisions excluded."
23405,Panel 1 x 6 x 5 [Vertical Corrugated],Panels,System Panels,5,23,Panels,Plastic,,"v0.32 Panels reconstruction; panel/wall/fairing identity retained; window-dominant openings, vehicle-dominant mudguards/bodywork, known transfers, assemblies and minor mold revisions excluded."
2345,Panel 3 x 3 x 6 Corner Wall,Panels,System Panels,6,23,Panels,Plastic,,"v0.32 Panels reconstruction; panel/wall/fairing identity retained; window-dominant openings, vehicle-dominant mudguards/bodywork, known transfers, assemblies and minor mold revisions excluded."
2362b,Panel 1 x 2 x 3 [Hollow Studs],Panels,System Panels,7,23,Panels,Plastic,,"v0.32 Panels reconstruction; panel/wall/fairing identity retained; window-dominant openings, vehicle-dominant mudguards/bodywork, known transfers, assemblies and minor mold revisions excluded."
23950,Panel 1 x 3 x 1,Panels,System Panels,8,23,Panels,Plastic,,"v0.32 Panels reconstruction; panel/wall/fairing identity retained; window-dominant openings, vehicle-dominant mudguards/bodywork, known transfers, assemblies and minor mold revisions excluded."
23969,Panel 1 x 2 x 1 with Rounded Corners and 2 Sides,Panels,System Panels,9,23,Panels,Plastic,,"v0.32 Panels reconstruction; panel/wall/fairing identity retained; window-dominant openings, vehicle-dominant mudguards/bodywork, known transfers, assemblies and minor mold revisions excluded."
2408,Panel 10 x 6 x 11,Panels,System Panels,10,23,Panels,Plastic,,"v0.32 Panels reconstruction; panel/wall/fairing identity retained; window-dominant openings, vehicle-dominant mudguards/bodywork, known transfers, assemblies and minor mold revisions excluded."
2409,Panel 10 x 10 x 12 Quarter Dome,Panels,System Panels,11,23,Panels,Plastic,,"v0.32 Panels reconstruction; panel/wall/fairing identity retained; window-dominant openings, vehicle-dominant mudguards/bodywork, known transfers, assemblies and minor mold revisions excluded."
2448,Panel 3 x 2 x 5 2/3,Panels,System Panels,12,23,Panels,Plastic,,"v0.32 Panels reconstruction; panel/wall/fairing identity retained; window-dominant openings, vehicle-dominant mudguards/bodywork, known transfers, assemblies and minor mold revisions excluded."
2466,Panel 3 x 2 x 6,Panels,System Panels,13,23,Panels,Plastic,,"v0.32 Panels reconstruction; panel/wall/fairing identity retained; window-dominant openings, vehicle-dominant mudguards/bodywork, known transfers, assemblies and minor mold revisions excluded."
2467,Panel 4 x 4 x 6 Corner Concave,Panels,System Panels,14,23,Panels,Plastic,,"v0.32 Panels reconstruction; panel/wall/fairing identity retained; window-dominant openings, vehicle-dominant mudguards/bodywork, known transfers, assemblies and minor mold revisions excluded."
2468,Panel 3 x 3 x 6 Corner Convex,Panels,System Panels,15,23,Panels,Plastic,,"v0.32 Panels reconstruction; panel/wall/fairing identity retained; window-dominant openings, vehicle-dominant mudguards/bodywork, known transfers, assemblies and minor mold revisions excluded."
2571,Panel 3 x 4 x 6 Curved Top,Panels,System Panels,16,23,Panels,Plastic,,"v0.32 Panels reconstruction; panel/wall/fairing identity retained; window-dominant openings, vehicle-dominant mudguards/bodywork, known transfers, assemblies and minor mold revisions excluded."
2572,Panel 6 x 6 x 9 Curved Top,Panels,System Panels,17,23,Panels,Plastic,,"v0.32 Panels reconstruction; panel/wall/fairing identity retained; window-dominant openings, vehicle-dominant mudguards/bodywork, known transfers, assemblies and minor mold revisions excluded."
30022,"Panel, Trapezoid, Tipper End Flat without Pins",Panels,System Panels,18,23,Panels,Plastic,,"v0.32 Panels reconstruction; panel/wall/fairing identity retained; window-dominant openings, vehicle-dominant mudguards/bodywork, known transfers, assemblies and minor mold revisions excluded."
30034,Panel 3 x 5 Solar / Deltoid with Clip [Hexagonal],Panels,System Panels,19,23,Panels,Plastic,,"v0.32 Panels reconstruction; panel/wall/fairing identity retained; window-dominant openings, vehicle-dominant mudguards/bodywork, known transfers, assemblies and minor mold revisions excluded."
30079,Panel 3 x 3 x 3 Corner Convex,Panels,System Panels,20,23,Panels,Plastic,,"v0.32 Panels reconstruction; panel/wall/fairing identity retained; window-dominant openings, vehicle-dominant mudguards/bodywork, known transfers, assemblies and minor mold revisions excluded."
30116,Panel 14 x 14 x 2.667 Quarter Saucer [Plain],Panels,System Panels,21,23,Panels,Plastic,,"v0.32 Panels reconstruction; panel/wall/fairing identity retained; window-dominant openings, vehicle-dominant mudguards/bodywork, known transfers, assemblies and minor mold revisions excluded."
30117,Panel 10 x 10 x 2 1/3 Quarter Saucer Top,Panels,System Panels,22,23,Panels,Plastic,,"v0.32 Panels reconstruction; panel/wall/fairing identity retained; window-dominant openings, vehicle-dominant mudguards/bodywork, known transfers, assemblies and minor mold revisions excluded."
30140,Panel 2 x 6 x 6 Log Wall [Palisade],Panels,System Panels,23,23,Panels,Plastic,,"v0.32 Panels reconstruction; panel/wall/fairing identity retained; window-dominant openings, vehicle-dominant mudguards/bodywork, known transfers, assemblies and minor mold revisions excluded."
30156,Panel 4 x 6 x 6 Sloped,Panels,System Panels,24,23,Panels,Plastic,,"v0.32 Panels reconstruction; panel/wall/fairing identity retained; window-dominant openings, vehicle-dominant mudguards/bodywork, known transfers, assemblies and minor mold revisions excluded."
30562,Panel 4 x 4 x 6 Quarter Cylinder,Panels,System Panels,25,23,Panels,Plastic,,"v0.32 Panels reconstruction; panel/wall/fairing identity retained; window-dominant openings, vehicle-dominant mudguards/bodywork, known transfers, assemblies and minor mold revisions excluded."
30650,Panel 2 x 8 x 8,Panels,System Panels,26,23,Panels,Plastic,,"v0.32 Panels reconstruction; panel/wall/fairing identity retained; window-dominant openings, vehicle-dominant mudguards/bodywork, known transfers, assemblies and minor mold revisions excluded."
3130,Panel 2 x 2 x 1 Side Panels,Panels,System Panels,27,23,Panels,Plastic,,"v0.32 Panels reconstruction; panel/wall/fairing identity retained; window-dominant openings, vehicle-dominant mudguards/bodywork, known transfers, assemblies and minor mold revisions excluded."
3131,Panel 2 x 2 x 1 Corner Posts with Centre Stud,Panels,System Panels,28,23,Panels,Plastic,,"v0.32 Panels reconstruction; panel/wall/fairing identity retained; window-dominant openings, vehicle-dominant mudguards/bodywork, known transfers, assemblies and minor mold revisions excluded."
3145,"Panel, Trapezoid, Tipper End Flat with Pins, 1 x 2 Anti-studs",Panels,System Panels,29,23,Panels,Plastic,,"v0.32 Panels reconstruction; panel/wall/fairing identity retained; window-dominant openings, vehicle-dominant mudguards/bodywork, known transfers, assemblies and minor mold revisions excluded."
3251,Panel 8 x 8 x 2 1/6th Circle with Pin Holes,Panels,System Panels,30,23,Panels,Plastic,,"v0.32 Panels reconstruction; panel/wall/fairing identity retained; window-dominant openings, vehicle-dominant mudguards/bodywork, known transfers, assemblies and minor mold revisions excluded."
34732,Wall Panel 1 x 4 x 6 Curved Vertically,Panels,System Panels,31,23,Panels,Plastic,,"v0.32 Panels reconstruction; panel/wall/fairing identity retained; window-dominant openings, vehicle-dominant mudguards/bodywork, known transfers, assemblies and minor mold revisions excluded."
3535,Panel 3 x 3 x 2 Quarter Round,Panels,System Panels,32,23,Panels,Plastic,,"v0.32 Panels reconstruction; panel/wall/fairing identity retained; window-dominant openings, vehicle-dominant mudguards/bodywork, known transfers, assemblies and minor mold revisions excluded."
4041,Panel 4 x 4 x 3 Quarter Cylinder,Panels,System Panels,33,23,Panels,Plastic,,"v0.32 Panels reconstruction; panel/wall/fairing identity retained; window-dominant openings, vehicle-dominant mudguards/bodywork, known transfers, assemblies and minor mold revisions excluded."
4215b,Panel 1 x 4 x 3 [Hollow Studs],Panels,System Panels,34,23,Panels,Plastic,,"v0.32 Panels reconstruction; panel/wall/fairing identity retained; window-dominant openings, vehicle-dominant mudguards/bodywork, known transfers, assemblies and minor mold revisions excluded."
43337,Panel 1 x 4 x 1 with Rounded Corners [Thick Wall],Panels,System Panels,35,23,Panels,Plastic,,"v0.32 Panels reconstruction; panel/wall/fairing identity retained; window-dominant openings, vehicle-dominant mudguards/bodywork, known transfers, assemblies and minor mold revisions excluded."
4737,Panel 4 x 4 x 6 Corner Convex Ribbed,Panels,System Panels,36,23,Panels,Plastic,,"v0.32 Panels reconstruction; panel/wall/fairing identity retained; window-dominant openings, vehicle-dominant mudguards/bodywork, known transfers, assemblies and minor mold revisions excluded."
4864b,Panel 1 x 2 x 2 [Hollow Studs],Panels,System Panels,37,23,Panels,Plastic,,"v0.32 Panels reconstruction; panel/wall/fairing identity retained; window-dominant openings, vehicle-dominant mudguards/bodywork, known transfers, assemblies and minor mold revisions excluded."
4865a,Panel 1 x 2 x 1 [Square Corners],Panels,System Panels,38,23,Panels,Plastic,,"v0.32 Panels reconstruction; panel/wall/fairing identity retained; window-dominant openings, vehicle-dominant mudguards/bodywork, known transfers, assemblies and minor mold revisions excluded."
4865b,Panel 1 x 2 x 1 [Rounded Corners],Panels,System Panels,39,23,Panels,Plastic,,"v0.32 Panels reconstruction; panel/wall/fairing identity retained; window-dominant openings, vehicle-dominant mudguards/bodywork, known transfers, assemblies and minor mold revisions excluded."
5065,Panel 6 x 5 x 3 1/3 Curved Top,Panels,System Panels,40,23,Panels,Plastic,,"v0.32 Panels reconstruction; panel/wall/fairing identity retained; window-dominant openings, vehicle-dominant mudguards/bodywork, known transfers, assemblies and minor mold revisions excluded."
5925,Panel 5 x 5 x 3 1/3,Panels,System Panels,41,23,Panels,Plastic,,"v0.32 Panels reconstruction; panel/wall/fairing identity retained; window-dominant openings, vehicle-dominant mudguards/bodywork, known transfers, assemblies and minor mold revisions excluded."
59349,Panel 1 x 6 x 5,Panels,System Panels,42,23,Panels,Plastic,,"v0.32 Panels reconstruction; panel/wall/fairing identity retained; window-dominant openings, vehicle-dominant mudguards/bodywork, known transfers, assemblies and minor mold revisions excluded."
6002,Panel 6 x 6 x 9 Corner Convex with Curved Top,Panels,System Panels,43,23,Panels,Plastic,,"v0.32 Panels reconstruction; panel/wall/fairing identity retained; window-dominant openings, vehicle-dominant mudguards/bodywork, known transfers, assemblies and minor mold revisions excluded."
60373,Panel 3 x 3 x 5 Quarter Round with 2 1 x 2 Arches (Tree),Panels,System Panels,44,23,Panels,Plastic,,"v0.32 Panels reconstruction; panel/wall/fairing identity retained; window-dominant openings, vehicle-dominant mudguards/bodywork, known transfers, assemblies and minor mold revisions excluded."
60581,Panel 1 x 4 x 3 [Side Supports / Hollow Studs],Panels,System Panels,45,23,Panels,Plastic,,"v0.32 Panels reconstruction; panel/wall/fairing identity retained; window-dominant openings, vehicle-dominant mudguards/bodywork, known transfers, assemblies and minor mold revisions excluded."
6059,Panel 3 x 3 x 6 Corner Convex with Curved Top,Panels,System Panels,46,23,Panels,Plastic,,"v0.32 Panels reconstruction; panel/wall/fairing identity retained; window-dominant openings, vehicle-dominant mudguards/bodywork, known transfers, assemblies and minor mold revisions excluded."
60808,Panel 1 x 4 x 5 with Arched Window,Panels,System Panels,47,23,Panels,Plastic,,"v0.32 Panels reconstruction; panel/wall/fairing identity retained; window-dominant openings, vehicle-dominant mudguards/bodywork, known transfers, assemblies and minor mold revisions excluded."
6156,Panel 1 x 4 x 3 with Fixed Glass,Panels,System Panels,48,23,Panels,Plastic,,"v0.32 Panels reconstruction; panel/wall/fairing identity retained; window-dominant openings, vehicle-dominant mudguards/bodywork, known transfers, assemblies and minor mold revisions excluded."
6231,Panel 1 x 1 x 1 Corner,Panels,System Panels,49,23,Panels,Plastic,,"v0.32 Panels reconstruction; panel/wall/fairing identity retained; window-dominant openings, vehicle-dominant mudguards/bodywork, known transfers, assemblies and minor mold revisions excluded."
65783,Panel Curved Tapered with Bars at Each End,Panels,System Panels,50,23,Panels,Plastic,,"v0.32 Panels reconstruction; panel/wall/fairing identity retained; window-dominant openings, vehicle-dominant mudguards/bodywork, known transfers, assemblies and minor mold revisions excluded."
679,Homemaker Windowsill Wall Panel 2 x 6 x 2 1/3,Panels,System Panels,51,23,Panels,Plastic,,"v0.32 Panels reconstruction; panel/wall/fairing identity retained; window-dominant openings, vehicle-dominant mudguards/bodywork, known transfers, assemblies and minor mold revisions excluded."
7081,Panel 8 x 8 x 12 Quarter Round Cone,Panels,System Panels,52,23,Panels,Plastic,,"v0.32 Panels reconstruction; panel/wall/fairing identity retained; window-dominant openings, vehicle-dominant mudguards/bodywork, known transfers, assemblies and minor mold revisions excluded."
7323,Panel 2 x 8 x 4 with Curved Sides,Panels,System Panels,53,23,Panels,Plastic,,"v0.32 Panels reconstruction; panel/wall/fairing identity retained; window-dominant openings, vehicle-dominant mudguards/bodywork, known transfers, assemblies and minor mold revisions excluded."
7344,Panel 8 x 8 x 6 Rounded,Panels,System Panels,54,23,Panels,Plastic,,"v0.32 Panels reconstruction; panel/wall/fairing identity retained; window-dominant openings, vehicle-dominant mudguards/bodywork, known transfers, assemblies and minor mold revisions excluded."
7567,Panel 1 x 8 x 5,Panels,System Panels,55,23,Panels,Plastic,,"v0.32 Panels reconstruction; panel/wall/fairing identity retained; window-dominant openings, vehicle-dominant mudguards/bodywork, known transfers, assemblies and minor mold revisions excluded."
76798,Panel 4 x 8 x 4 Quarter Circle with Axle Holes,Panels,System Panels,56,23,Panels,Plastic,,"v0.32 Panels reconstruction; panel/wall/fairing identity retained; window-dominant openings, vehicle-dominant mudguards/bodywork, known transfers, assemblies and minor mold revisions excluded."
7855,Panel 2 x 8 x 3 with Curved Sides,Panels,System Panels,57,23,Panels,Plastic,,"v0.32 Panels reconstruction; panel/wall/fairing identity retained; window-dominant openings, vehicle-dominant mudguards/bodywork, known transfers, assemblies and minor mold revisions excluded."
78594,Panel 2 x 2 x 5 Corner,Panels,System Panels,58,23,Panels,Plastic,,"v0.32 Panels reconstruction; panel/wall/fairing identity retained; window-dominant openings, vehicle-dominant mudguards/bodywork, known transfers, assemblies and minor mold revisions excluded."
8010,"Panel 5 x 5 x 3 1/3 Corner, Curved Top",Panels,System Panels,59,23,Panels,Plastic,,"v0.32 Panels reconstruction; panel/wall/fairing identity retained; window-dominant openings, vehicle-dominant mudguards/bodywork, known transfers, assemblies and minor mold revisions excluded."
8012,"Panel 1 x 4 x 2, No Studs",Panels,System Panels,60,23,Panels,Plastic,,"v0.32 Panels reconstruction; panel/wall/fairing identity retained; window-dominant openings, vehicle-dominant mudguards/bodywork, known transfers, assemblies and minor mold revisions excluded."
8104,Panel Round Half Tapered 4 x 8 x 6,Panels,System Panels,61,23,Panels,Plastic,,"v0.32 Panels reconstruction; panel/wall/fairing identity retained; window-dominant openings, vehicle-dominant mudguards/bodywork, known transfers, assemblies and minor mold revisions excluded."
8135,"Panel 3 x 3 x 1 2/3 Corner, Curved Top",Panels,System Panels,62,23,Panels,Plastic,,"v0.32 Panels reconstruction; panel/wall/fairing identity retained; window-dominant openings, vehicle-dominant mudguards/bodywork, known transfers, assemblies and minor mold revisions excluded."
87375,"Panel Curved, Quarter, with Bars at Each End",Panels,System Panels,63,23,Panels,Plastic,,"v0.32 Panels reconstruction; panel/wall/fairing identity retained; window-dominant openings, vehicle-dominant mudguards/bodywork, known transfers, assemblies and minor mold revisions excluded."
87421,Panel 3 x 3 x 6 Corner Wall without Bottom Indentations,Panels,System Panels,64,23,Panels,Plastic,,"v0.32 Panels reconstruction; panel/wall/fairing identity retained; window-dominant openings, vehicle-dominant mudguards/bodywork, known transfers, assemblies and minor mold revisions excluded."
87544,Panel 1 x 2 x 3 [Side Supports / Hollow Studs],Panels,System Panels,65,23,Panels,Plastic,,"v0.32 Panels reconstruction; panel/wall/fairing identity retained; window-dominant openings, vehicle-dominant mudguards/bodywork, known transfers, assemblies and minor mold revisions excluded."
87552,Panel 1 x 2 x 2 [Side Supports / Hollow Studs],Panels,System Panels,66,23,Panels,Plastic,,"v0.32 Panels reconstruction; panel/wall/fairing identity retained; window-dominant openings, vehicle-dominant mudguards/bodywork, known transfers, assemblies and minor mold revisions excluded."
91501,Panel 2 x 2 x 1 Corner,Panels,System Panels,67,23,Panels,Plastic,,"v0.32 Panels reconstruction; panel/wall/fairing identity retained; window-dominant openings, vehicle-dominant mudguards/bodywork, known transfers, assemblies and minor mold revisions excluded."
93095,Panel 1 x 2 x 1 with Rounded Corners and Central Divider,Panels,System Panels,68,23,Panels,Plastic,,"v0.32 Panels reconstruction; panel/wall/fairing identity retained; window-dominant openings, vehicle-dominant mudguards/bodywork, known transfers, assemblies and minor mold revisions excluded."
98280,Panel 1 x 6 x 3 with Studs on Sides,Panels,System Panels,69,23,Panels,Plastic,,"v0.32 Panels reconstruction; panel/wall/fairing identity retained; window-dominant openings, vehicle-dominant mudguards/bodywork, known transfers, assemblies and minor mold revisions excluded."
11946,"Technic Panel Fairing #21 5L Small Smooth, Side B",Panels,Technic Panels & Fairings,1,40,Technic Panels,Plastic,,"v0.32 Panels reconstruction; panel/wall/fairing identity retained; window-dominant openings, vehicle-dominant mudguards/bodywork, known transfers, assemblies and minor mold revisions excluded."
11947,"Technic Panel Fairing #22 5L Small Smooth, Side A",Panels,Technic Panels & Fairings,2,40,Technic Panels,Plastic,,"v0.32 Panels reconstruction; panel/wall/fairing identity retained; window-dominant openings, vehicle-dominant mudguards/bodywork, known transfers, assemblies and minor mold revisions excluded."
11954,Technic Panel Curved 11 x 3 with 10 Pin Holes through Panel Surface,Panels,Technic Panels & Fairings,3,40,Technic Panels,Plastic,,"v0.32 Panels reconstruction; panel/wall/fairing identity retained; window-dominant openings, vehicle-dominant mudguards/bodywork, known transfers, assemblies and minor mold revisions excluded."
15458,Technic Panel 3 x 11 x 1,Panels,Technic Panels & Fairings,4,40,Technic Panels,Plastic,,"v0.32 Panels reconstruction; panel/wall/fairing identity retained; window-dominant openings, vehicle-dominant mudguards/bodywork, known transfers, assemblies and minor mold revisions excluded."
18944,Technic Panel Curved 3 x 13,Panels,Technic Panels & Fairings,5,40,Technic Panels,Plastic,,"v0.32 Panels reconstruction; panel/wall/fairing identity retained; window-dominant openings, vehicle-dominant mudguards/bodywork, known transfers, assemblies and minor mold revisions excluded."
18945,Technic Panel 5 x 11 x 1 Tapered,Panels,Technic Panels & Fairings,6,40,Technic Panels,Plastic,,"v0.32 Panels reconstruction; panel/wall/fairing identity retained; window-dominant openings, vehicle-dominant mudguards/bodywork, known transfers, assemblies and minor mold revisions excluded."
2387,"Technic Panel Fairing #7 3L Very Small Smooth, Side A",Panels,Technic Panels & Fairings,7,40,Technic Panels,Plastic,,"v0.32 Panels reconstruction; panel/wall/fairing identity retained; window-dominant openings, vehicle-dominant mudguards/bodywork, known transfers, assemblies and minor mold revisions excluded."
2389,"Technic Panel Fairing #8 3L Very Small Smooth, Side B",Panels,Technic Panels & Fairings,8,40,Technic Panels,Plastic,,"v0.32 Panels reconstruction; panel/wall/fairing identity retained; window-dominant openings, vehicle-dominant mudguards/bodywork, known transfers, assemblies and minor mold revisions excluded."
2395,Technic Panel Fairing #9 Medium Triangle Smooth,Panels,Technic Panels & Fairings,9,40,Technic Panels,Plastic,,"v0.32 Panels reconstruction; panel/wall/fairing identity retained; window-dominant openings, vehicle-dominant mudguards/bodywork, known transfers, assemblies and minor mold revisions excluded."
2403,Technic Panel Fairing #10 Medium Triangle Smooth,Panels,Technic Panels & Fairings,10,40,Technic Panels,Plastic,,"v0.32 Panels reconstruction; panel/wall/fairing identity retained; window-dominant openings, vehicle-dominant mudguards/bodywork, known transfers, assemblies and minor mold revisions excluded."
24116,Technic Panel Curved and Bent 6 x 3,Panels,Technic Panels & Fairings,11,40,Technic Panels,Plastic,,"v0.32 Panels reconstruction; panel/wall/fairing identity retained; window-dominant openings, vehicle-dominant mudguards/bodywork, known transfers, assemblies and minor mold revisions excluded."
24119,Technic Panel Curved 7 x 3 with 2 Pin Holes through Panel Surface,Panels,Technic Panels & Fairings,12,40,Technic Panels,Plastic,,"v0.32 Panels reconstruction; panel/wall/fairing identity retained; window-dominant openings, vehicle-dominant mudguards/bodywork, known transfers, assemblies and minor mold revisions excluded."
2438,Technic Panel Round Corner 5 x 3 x 2 Left,Panels,Technic Panels & Fairings,13,40,Technic Panels,Plastic,,"v0.32 Panels reconstruction; panel/wall/fairing identity retained; window-dominant openings, vehicle-dominant mudguards/bodywork, known transfers, assemblies and minor mold revisions excluded."
2442,Technic Panel Round Corner 5 x 3 x 2 Right,Panels,Technic Panels & Fairings,14,40,Technic Panels,Plastic,,"v0.32 Panels reconstruction; panel/wall/fairing identity retained; window-dominant openings, vehicle-dominant mudguards/bodywork, known transfers, assemblies and minor mold revisions excluded."
2457,Technic Panel Fairing 2 x 3 x 1 #3 Angled 157.5°,Panels,Technic Panels & Fairings,15,40,Technic Panels,Plastic,,"v0.32 Panels reconstruction; panel/wall/fairing identity retained; window-dominant openings, vehicle-dominant mudguards/bodywork, known transfers, assemblies and minor mold revisions excluded."
32188,"Technic Panel Fairing # 3 Large Long, Large Holes, Side A",Panels,Technic Panels & Fairings,16,40,Technic Panels,Plastic,,"v0.32 Panels reconstruction; panel/wall/fairing identity retained; window-dominant openings, vehicle-dominant mudguards/bodywork, known transfers, assemblies and minor mold revisions excluded."
32189,"Technic Panel Fairing # 4 Large Long, Large Holes, Side B",Panels,Technic Panels & Fairings,17,40,Technic Panels,Plastic,,"v0.32 Panels reconstruction; panel/wall/fairing identity retained; window-dominant openings, vehicle-dominant mudguards/bodywork, known transfers, assemblies and minor mold revisions excluded."
32190,"Technic Panel Fairing # 1 Large Short, Large Holes, Side A",Panels,Technic Panels & Fairings,18,40,Technic Panels,Plastic,,"v0.32 Panels reconstruction; panel/wall/fairing identity retained; window-dominant openings, vehicle-dominant mudguards/bodywork, known transfers, assemblies and minor mold revisions excluded."
32191,"Technic Panel Fairing # 2 Large Short, Large Holes, Side B",Panels,Technic Panels & Fairings,19,40,Technic Panels,Plastic,,"v0.32 Panels reconstruction; panel/wall/fairing identity retained; window-dominant openings, vehicle-dominant mudguards/bodywork, known transfers, assemblies and minor mold revisions excluded."
32527,"Technic Panel Fairing # 5 Small Short, Large Hole, Side A",Panels,Technic Panels & Fairings,20,40,Technic Panels,Plastic,,"v0.32 Panels reconstruction; panel/wall/fairing identity retained; window-dominant openings, vehicle-dominant mudguards/bodywork, known transfers, assemblies and minor mold revisions excluded."
32528,"Technic Panel Fairing # 6 Small Short, Large Hole, Side B",Panels,Technic Panels & Fairings,21,40,Technic Panels,Plastic,,"v0.32 Panels reconstruction; panel/wall/fairing identity retained; window-dominant openings, vehicle-dominant mudguards/bodywork, known transfers, assemblies and minor mold revisions excluded."
32534,"Technic Panel Fairing # 7 Small Long, Large Hole, Side A",Panels,Technic Panels & Fairings,22,40,Technic Panels,Plastic,,"v0.32 Panels reconstruction; panel/wall/fairing identity retained; window-dominant openings, vehicle-dominant mudguards/bodywork, known transfers, assemblies and minor mold revisions excluded."
32535,"Technic Panel Fairing # 8 Small Long, Large Hole, Side B",Panels,Technic Panels & Fairings,23,40,Technic Panels,Plastic,,"v0.32 Panels reconstruction; panel/wall/fairing identity retained; window-dominant openings, vehicle-dominant mudguards/bodywork, known transfers, assemblies and minor mold revisions excluded."
4412,Technic Panel Dome 5 x 5 with Pin Holes,Panels,Technic Panels & Fairings,24,40,Technic Panels,Plastic,,"v0.32 Panels reconstruction; panel/wall/fairing identity retained; window-dominant openings, vehicle-dominant mudguards/bodywork, known transfers, assemblies and minor mold revisions excluded."
4413,Technic Panel Dome 11 x 11 with Pin Holes,Panels,Technic Panels & Fairings,25,40,Technic Panels,Plastic,,"v0.32 Panels reconstruction; panel/wall/fairing identity retained; window-dominant openings, vehicle-dominant mudguards/bodywork, known transfers, assemblies and minor mold revisions excluded."
44350,"Technic Panel Fairing #20 Large Long, Small Hole, Side A",Panels,Technic Panels & Fairings,26,40,Technic Panels,Plastic,,"v0.32 Panels reconstruction; panel/wall/fairing identity retained; window-dominant openings, vehicle-dominant mudguards/bodywork, known transfers, assemblies and minor mold revisions excluded."
44351,"Technic Panel Fairing #21 Large Long, Small Hole, Side B",Panels,Technic Panels & Fairings,27,40,Technic Panels,Plastic,,"v0.32 Panels reconstruction; panel/wall/fairing identity retained; window-dominant openings, vehicle-dominant mudguards/bodywork, known transfers, assemblies and minor mold revisions excluded."
44352,"Technic Panel Fairing #22 Large Short, Small Hole, Side A",Panels,Technic Panels & Fairings,28,40,Technic Panels,Plastic,,"v0.32 Panels reconstruction; panel/wall/fairing identity retained; window-dominant openings, vehicle-dominant mudguards/bodywork, known transfers, assemblies and minor mold revisions excluded."
44353,"Technic Panel Fairing #23 Large Short, Small Hole, Side B",Panels,Technic Panels & Fairings,29,40,Technic Panels,Plastic,,"v0.32 Panels reconstruction; panel/wall/fairing identity retained; window-dominant openings, vehicle-dominant mudguards/bodywork, known transfers, assemblies and minor mold revisions excluded."
4443,"Technic Panel Curved 5 x 13 x 3 Tapered, Left #54",Panels,Technic Panels & Fairings,30,40,Technic Panels,Plastic,,"v0.32 Panels reconstruction; panel/wall/fairing identity retained; window-dominant openings, vehicle-dominant mudguards/bodywork, known transfers, assemblies and minor mold revisions excluded."
4446,"Technic Panel Curved 5 x 13 x 3 Tapered, Right #55",Panels,Technic Panels & Fairings,31,40,Technic Panels,Plastic,,"v0.32 Panels reconstruction; panel/wall/fairing identity retained; window-dominant openings, vehicle-dominant mudguards/bodywork, known transfers, assemblies and minor mold revisions excluded."
4500,Technic Panel Curved 7 x 3 Inverted,Panels,Technic Panels & Fairings,32,40,Technic Panels,Plastic,,"v0.32 Panels reconstruction; panel/wall/fairing identity retained; window-dominant openings, vehicle-dominant mudguards/bodywork, known transfers, assemblies and minor mold revisions excluded."
4527,"Technic Panel Curved 3 x 13 x 2 Tapered, Left #52",Panels,Technic Panels & Fairings,33,40,Technic Panels,Plastic,,"v0.32 Panels reconstruction; panel/wall/fairing identity retained; window-dominant openings, vehicle-dominant mudguards/bodywork, known transfers, assemblies and minor mold revisions excluded."
47712,"Technic Panel Fairing #24 Small Short, Small Hole, Side B",Panels,Technic Panels & Fairings,34,40,Technic Panels,Plastic,,"v0.32 Panels reconstruction; panel/wall/fairing identity retained; window-dominant openings, vehicle-dominant mudguards/bodywork, known transfers, assemblies and minor mold revisions excluded."
47713,"Technic Panel Fairing #25 Small Short, Small Hole, Side A",Panels,Technic Panels & Fairings,35,40,Technic Panels,Plastic,,"v0.32 Panels reconstruction; panel/wall/fairing identity retained; window-dominant openings, vehicle-dominant mudguards/bodywork, known transfers, assemblies and minor mold revisions excluded."
51,Technic Panel Dome 6 x 6 x 5 2/3,Panels,Technic Panels & Fairings,36,40,Technic Panels,Plastic,,"v0.32 Panels reconstruction; panel/wall/fairing identity retained; window-dominant openings, vehicle-dominant mudguards/bodywork, known transfers, assemblies and minor mold revisions excluded."
5426,"Technic Panel Curved 3 x 13 x 2 Tapered, Right #53",Panels,Technic Panels & Fairings,37,40,Technic Panels,Plastic,,"v0.32 Panels reconstruction; panel/wall/fairing identity retained; window-dominant openings, vehicle-dominant mudguards/bodywork, known transfers, assemblies and minor mold revisions excluded."
5427,Technic Panel Curved 3 x 9,Panels,Technic Panels & Fairings,38,40,Technic Panels,Plastic,,"v0.32 Panels reconstruction; panel/wall/fairing identity retained; window-dominant openings, vehicle-dominant mudguards/bodywork, known transfers, assemblies and minor mold revisions excluded."
5741,"Technic Panel Fairing Long Smooth Inverted, Side A #40",Panels,Technic Panels & Fairings,39,40,Technic Panels,Plastic,,"v0.32 Panels reconstruction; panel/wall/fairing identity retained; window-dominant openings, vehicle-dominant mudguards/bodywork, known transfers, assemblies and minor mold revisions excluded."
5742,"Technic Panel Fairing Long Smooth Inverted, Side B # 41",Panels,Technic Panels & Fairings,40,40,Technic Panels,Plastic,,"v0.32 Panels reconstruction; panel/wall/fairing identity retained; window-dominant openings, vehicle-dominant mudguards/bodywork, known transfers, assemblies and minor mold revisions excluded."
57587,Technic Panel Dome 7 x 7 x 5 with Pin Holes,Panels,Technic Panels & Fairings,41,40,Technic Panels,Plastic,,"v0.32 Panels reconstruction; panel/wall/fairing identity retained; window-dominant openings, vehicle-dominant mudguards/bodywork, known transfers, assemblies and minor mold revisions excluded."
62531,Technic Panel Curved 11 x 3 with 2 Pin Holes through Panel Surface,Panels,Technic Panels & Fairings,42,40,Technic Panels,Plastic,,"v0.32 Panels reconstruction; panel/wall/fairing identity retained; window-dominant openings, vehicle-dominant mudguards/bodywork, known transfers, assemblies and minor mold revisions excluded."
64391,"Technic Panel Fairing # 4 Small Smooth Long, Side B",Panels,Technic Panels & Fairings,43,40,Technic Panels,Plastic,,"v0.32 Panels reconstruction; panel/wall/fairing identity retained; window-dominant openings, vehicle-dominant mudguards/bodywork, known transfers, assemblies and minor mold revisions excluded."
64392,"Technic Panel Fairing #17 Large Smooth, Side A",Panels,Technic Panels & Fairings,44,40,Technic Panels,Plastic,,"v0.32 Panels reconstruction; panel/wall/fairing identity retained; window-dominant openings, vehicle-dominant mudguards/bodywork, known transfers, assemblies and minor mold revisions excluded."
64393,"Technic Panel Fairing #6 Long Smooth, Side B",Panels,Technic Panels & Fairings,45,40,Technic Panels,Plastic,,"v0.32 Panels reconstruction; panel/wall/fairing identity retained; window-dominant openings, vehicle-dominant mudguards/bodywork, known transfers, assemblies and minor mold revisions excluded."
64394,"Technic Panel Fairing #13 Large Short Smooth, Side A",Panels,Technic Panels & Fairings,46,40,Technic Panels,Plastic,,"v0.32 Panels reconstruction; panel/wall/fairing identity retained; window-dominant openings, vehicle-dominant mudguards/bodywork, known transfers, assemblies and minor mold revisions excluded."
64680,"Technic Panel Fairing #14 Large Short Smooth, Side B",Panels,Technic Panels & Fairings,47,40,Technic Panels,Plastic,,"v0.32 Panels reconstruction; panel/wall/fairing identity retained; window-dominant openings, vehicle-dominant mudguards/bodywork, known transfers, assemblies and minor mold revisions excluded."
64681,"Technic Panel Fairing #5 Long Smooth, Side A",Panels,Technic Panels & Fairings,48,40,Technic Panels,Plastic,,"v0.32 Panels reconstruction; panel/wall/fairing identity retained; window-dominant openings, vehicle-dominant mudguards/bodywork, known transfers, assemblies and minor mold revisions excluded."
64682,"Technic Panel Fairing #18 Large Smooth, Side B",Panels,Technic Panels & Fairings,49,40,Technic Panels,Plastic,,"v0.32 Panels reconstruction; panel/wall/fairing identity retained; window-dominant openings, vehicle-dominant mudguards/bodywork, known transfers, assemblies and minor mold revisions excluded."
64683,"Technic Panel Fairing # 3 Small Smooth Long, Side A",Panels,Technic Panels & Fairings,50,40,Technic Panels,Plastic,,"v0.32 Panels reconstruction; panel/wall/fairing identity retained; window-dominant openings, vehicle-dominant mudguards/bodywork, known transfers, assemblies and minor mold revisions excluded."
64782,Technic Panel 5 x 11 x 1,Panels,Technic Panels & Fairings,51,40,Technic Panels,Plastic,,"v0.32 Panels reconstruction; panel/wall/fairing identity retained; window-dominant openings, vehicle-dominant mudguards/bodywork, known transfers, assemblies and minor mold revisions excluded."
6606,"Technic Panel Fairing #43 5 x 7, Side B Inverted",Panels,Technic Panels & Fairings,52,40,Technic Panels,Plastic,,"v0.32 Panels reconstruction; panel/wall/fairing identity retained; window-dominant openings, vehicle-dominant mudguards/bodywork, known transfers, assemblies and minor mold revisions excluded."
6609,"Technic Panel Fairing #42 5 x 7, Side A Inverted",Panels,Technic Panels & Fairings,53,40,Technic Panels,Plastic,,"v0.32 Panels reconstruction; panel/wall/fairing identity retained; window-dominant openings, vehicle-dominant mudguards/bodywork, known transfers, assemblies and minor mold revisions excluded."
6613,Technic Panel 3 x 3 Triangle,Panels,Technic Panels & Fairings,54,40,Technic Panels,Plastic,,"v0.32 Panels reconstruction; panel/wall/fairing identity retained; window-dominant openings, vehicle-dominant mudguards/bodywork, known transfers, assemblies and minor mold revisions excluded."
67139,Technic Panel 3 x 5 with Wall Mount Hole,Panels,Technic Panels & Fairings,55,40,Technic Panels,Plastic,,"v0.32 Panels reconstruction; panel/wall/fairing identity retained; window-dominant openings, vehicle-dominant mudguards/bodywork, known transfers, assemblies and minor mold revisions excluded."
67142,"Technic Panel Curved 5 x 13 x 2 Tapered, Left #50",Panels,Technic Panels & Fairings,56,40,Technic Panels,Plastic,,"v0.32 Panels reconstruction; panel/wall/fairing identity retained; window-dominant openings, vehicle-dominant mudguards/bodywork, known transfers, assemblies and minor mold revisions excluded."
68196,"Technic Panel Curved 5 x 13 x 2 Tapered, Right #51",Panels,Technic Panels & Fairings,57,40,Technic Panels,Plastic,,"v0.32 Panels reconstruction; panel/wall/fairing identity retained; window-dominant openings, vehicle-dominant mudguards/bodywork, known transfers, assemblies and minor mold revisions excluded."
7101,Technic Panel Fairing 2 x 5 x 1,Panels,Technic Panels & Fairings,58,40,Technic Panels,Plastic,,"v0.32 Panels reconstruction; panel/wall/fairing identity retained; window-dominant openings, vehicle-dominant mudguards/bodywork, known transfers, assemblies and minor mold revisions excluded."
71682,Technic Panel Fairing 2 x 3 x 1,Panels,Technic Panels & Fairings,59,40,Technic Panels,Plastic,,"v0.32 Panels reconstruction; panel/wall/fairing identity retained; window-dominant openings, vehicle-dominant mudguards/bodywork, known transfers, assemblies and minor mold revisions excluded."
71709,Technic Panel 3 x 7 x 1,Panels,Technic Panels & Fairings,60,40,Technic Panels,Plastic,,"v0.32 Panels reconstruction; panel/wall/fairing identity retained; window-dominant openings, vehicle-dominant mudguards/bodywork, known transfers, assemblies and minor mold revisions excluded."
7343,Technic Panel Dome 5 x 5 with Axle Holes,Panels,Technic Panels & Fairings,61,40,Technic Panels,Plastic,,"v0.32 Panels reconstruction; panel/wall/fairing identity retained; window-dominant openings, vehicle-dominant mudguards/bodywork, known transfers, assemblies and minor mold revisions excluded."
7345,"Technic Panel Bell, Half Curve 10 x 11 x 5 1/2",Panels,Technic Panels & Fairings,62,40,Technic Panels,Plastic,,"v0.32 Panels reconstruction; panel/wall/fairing identity retained; window-dominant openings, vehicle-dominant mudguards/bodywork, known transfers, assemblies and minor mold revisions excluded."
7427,Technic Panel Fairing 2 x 3 x 1 #3 Angled 135°,Panels,Technic Panels & Fairings,63,40,Technic Panels,Plastic,,"v0.32 Panels reconstruction; panel/wall/fairing identity retained; window-dominant openings, vehicle-dominant mudguards/bodywork, known transfers, assemblies and minor mold revisions excluded."
7450,"Technic Panel, Shovel 2 x 3 x 2 Right",Panels,Technic Panels & Fairings,64,40,Technic Panels,Plastic,,"v0.32 Panels reconstruction; panel/wall/fairing identity retained; window-dominant openings, vehicle-dominant mudguards/bodywork, known transfers, assemblies and minor mold revisions excluded."
7451,"Technic Panel, Shovel 2 x 3 x 2 Left",Panels,Technic Panels & Fairings,65,40,Technic Panels,Plastic,,"v0.32 Panels reconstruction; panel/wall/fairing identity retained; window-dominant openings, vehicle-dominant mudguards/bodywork, known transfers, assemblies and minor mold revisions excluded."
7656,"Technic Panel Curved 3 x 9 x 2 Tapered, Right",Panels,Technic Panels & Fairings,66,40,Technic Panels,Plastic,,"v0.32 Panels reconstruction; panel/wall/fairing identity retained; window-dominant openings, vehicle-dominant mudguards/bodywork, known transfers, assemblies and minor mold revisions excluded."
7658,"Technic Panel Curved 3 x 9 x 2 Tapered, Left",Panels,Technic Panels & Fairings,67,40,Technic Panels,Plastic,,"v0.32 Panels reconstruction; panel/wall/fairing identity retained; window-dominant openings, vehicle-dominant mudguards/bodywork, known transfers, assemblies and minor mold revisions excluded."
7661,Technic Panel Round Corner 5 x 5 x 2,Panels,Technic Panels & Fairings,68,40,Technic Panels,Plastic,,"v0.32 Panels reconstruction; panel/wall/fairing identity retained; window-dominant openings, vehicle-dominant mudguards/bodywork, known transfers, assemblies and minor mold revisions excluded."
7973,Technic Panel Fairing 2 x 2 x 2 Angled 90°,Panels,Technic Panels & Fairings,69,40,Technic Panels,Plastic,,"v0.32 Panels reconstruction; panel/wall/fairing identity retained; window-dominant openings, vehicle-dominant mudguards/bodywork, known transfers, assemblies and minor mold revisions excluded."
7978,"Technic Panel, Wheel Segment 30°",Panels,Technic Panels & Fairings,70,40,Technic Panels,Plastic,,"v0.32 Panels reconstruction; panel/wall/fairing identity retained; window-dominant openings, vehicle-dominant mudguards/bodywork, known transfers, assemblies and minor mold revisions excluded."
80267,Technic Panel Curved 5 x 7 Parallelogram Left,Panels,Technic Panels & Fairings,71,40,Technic Panels,Plastic,,"v0.32 Panels reconstruction; panel/wall/fairing identity retained; window-dominant openings, vehicle-dominant mudguards/bodywork, known transfers, assemblies and minor mold revisions excluded."
80268,Technic Panel Curved 5 x 7 Parallelogram Right,Panels,Technic Panels & Fairings,72,40,Technic Panels,Plastic,,"v0.32 Panels reconstruction; panel/wall/fairing identity retained; window-dominant openings, vehicle-dominant mudguards/bodywork, known transfers, assemblies and minor mold revisions excluded."
80271,Technic Panel Curved and Bent Angled Right 5 x 4 x 3 #70,Panels,Technic Panels & Fairings,73,40,Technic Panels,Plastic,,"v0.32 Panels reconstruction; panel/wall/fairing identity retained; window-dominant openings, vehicle-dominant mudguards/bodywork, known transfers, assemblies and minor mold revisions excluded."
80272,Technic Panel Curved and Bent Angled Left 5 x 4 x 3 #71,Panels,Technic Panels & Fairings,74,40,Technic Panels,Plastic,,"v0.32 Panels reconstruction; panel/wall/fairing identity retained; window-dominant openings, vehicle-dominant mudguards/bodywork, known transfers, assemblies and minor mold revisions excluded."
80274,Technic Panel Triangle 5 x 4 Right,Panels,Technic Panels & Fairings,75,40,Technic Panels,Plastic,,"v0.32 Panels reconstruction; panel/wall/fairing identity retained; window-dominant openings, vehicle-dominant mudguards/bodywork, known transfers, assemblies and minor mold revisions excluded."
80278,Technic Panel Triangle 5 x 4 Left,Panels,Technic Panels & Fairings,76,40,Technic Panels,Plastic,,"v0.32 Panels reconstruction; panel/wall/fairing identity retained; window-dominant openings, vehicle-dominant mudguards/bodywork, known transfers, assemblies and minor mold revisions excluded."
80285,Technic Panel 3 x 2 x 5,Panels,Technic Panels & Fairings,77,40,Technic Panels,Plastic,,"v0.32 Panels reconstruction; panel/wall/fairing identity retained; window-dominant openings, vehicle-dominant mudguards/bodywork, known transfers, assemblies and minor mold revisions excluded."
87080,"Technic Panel Fairing #1 Small Smooth Short, Side A",Panels,Technic Panels & Fairings,78,40,Technic Panels,Plastic,,"v0.32 Panels reconstruction; panel/wall/fairing identity retained; window-dominant openings, vehicle-dominant mudguards/bodywork, known transfers, assemblies and minor mold revisions excluded."
87086,"Technic Panel Fairing #2 Small Smooth Short, Side B",Panels,Technic Panels & Fairings,79,40,Technic Panels,Plastic,,"v0.32 Panels reconstruction; panel/wall/fairing identity retained; window-dominant openings, vehicle-dominant mudguards/bodywork, known transfers, assemblies and minor mold revisions excluded."
89679,Technic Panel Fairing 2 x 1 x 1,Panels,Technic Panels & Fairings,80,40,Technic Panels,Plastic,,"v0.32 Panels reconstruction; panel/wall/fairing identity retained; window-dominant openings, vehicle-dominant mudguards/bodywork, known transfers, assemblies and minor mold revisions excluded."
11216,Door 1 x 12 x 16 Castle Gate (Portcullis),Windows & Doors,Gates & Large Doors,1,16,Windows and Doors,Plastic,,"v0.33 Windows & Doors reconstruction; visible opening/profile/door-function differences retained; train/plane/sunroof forms, prints, pseudo parts, complete color assemblies and minor stud-only revisions excluded."
20309,Window 1 x 4 x 1 2/3 with Spoked Rounded Top,Windows & Doors,Windows,1,16,Windows and Doors,Plastic,,"v0.33 Windows & Doors reconstruction; visible opening/profile/door-function differences retained; train/plane/sunroof forms, prints, pseudo parts, complete color assemblies and minor stud-only revisions excluded."
2400,"Door, Gate 1 x 5 x 11 Curved Top",Windows & Doors,Gates & Large Doors,2,16,Windows and Doors,Plastic,,"v0.33 Windows & Doors reconstruction; visible opening/profile/door-function differences retained; train/plane/sunroof forms, prints, pseudo parts, complete color assemblies and minor stud-only revisions excluded."
24054,"Door, Gate 1 x 4 x 7 2/3 with Curved Top",Windows & Doors,Gates & Large Doors,3,16,Windows and Doors,Plastic,,"v0.33 Windows & Doors reconstruction; visible opening/profile/door-function differences retained; train/plane/sunroof forms, prints, pseudo parts, complete color assemblies and minor stud-only revisions excluded."
2443,Hinge Window Frame 1 x 4 x 3 with Octagonal Panel,Windows & Doors,Windows,2,16,Windows and Doors,Plastic,,"v0.33 Windows & Doors reconstruction; visible opening/profile/door-function differences retained; train/plane/sunroof forms, prints, pseudo parts, complete color assemblies and minor stud-only revisions excluded."
2493b,Window 1 x 4 x 5 with Hollow Studs,Windows & Doors,Windows,3,16,Windows and Doors,Plastic,,"v0.33 Windows & Doors reconstruction; visible opening/profile/door-function differences retained; train/plane/sunroof forms, prints, pseudo parts, complete color assemblies and minor stud-only revisions excluded."
2554,"Door, Gate 1 x 3 x 6 Curved Top",Windows & Doors,Gates & Large Doors,4,16,Windows and Doors,Plastic,,"v0.33 Windows & Doors reconstruction; visible opening/profile/door-function differences retained; train/plane/sunroof forms, prints, pseudo parts, complete color assemblies and minor stud-only revisions excluded."
2596,Door 1 x 9 x 11 with Clips,Windows & Doors,Doors,1,16,Windows and Doors,Plastic,,"v0.33 Windows & Doors reconstruction; visible opening/profile/door-function differences retained; train/plane/sunroof forms, prints, pseudo parts, complete color assemblies and minor stud-only revisions excluded."
2657,Door 3 x 5,Windows & Doors,Doors,2,16,Windows and Doors,Plastic,,"v0.33 Windows & Doors reconstruction; visible opening/profile/door-function differences retained; train/plane/sunroof forms, prints, pseudo parts, complete color assemblies and minor stud-only revisions excluded."
27,"Window 1 x 2 x 1, Short Lip [no Glass]",Windows & Doors,Windows,4,16,Windows and Doors,Plastic,,"v0.33 Windows & Doors reconstruction; visible opening/profile/door-function differences retained; train/plane/sunroof forms, prints, pseudo parts, complete color assemblies and minor stud-only revisions excluded."
28327,Door Frame 4 x 4 x 6 Corner,Windows & Doors,Door Frames,1,16,Windows and Doors,Plastic,,"v0.33 Windows & Doors reconstruction; visible opening/profile/door-function differences retained; train/plane/sunroof forms, prints, pseudo parts, complete color assemblies and minor stud-only revisions excluded."
2874,Door Sliding - Type 2,Windows & Doors,Doors,3,16,Windows and Doors,Plastic,,"v0.33 Windows & Doors reconstruction; visible opening/profile/door-function differences retained; train/plane/sunroof forms, prints, pseudo parts, complete color assemblies and minor stud-only revisions excluded."
29,"Window 1 x 1 x 2, Short Lip [no Glass]",Windows & Doors,Windows,5,16,Windows and Doors,Plastic,,"v0.33 Windows & Doors reconstruction; visible opening/profile/door-function differences retained; train/plane/sunroof forms, prints, pseudo parts, complete color assemblies and minor stud-only revisions excluded."
30044,Window 1 x 2 x 2 2/3 with Rounded Top,Windows & Doors,Windows,6,16,Windows and Doors,Plastic,,"v0.33 Windows & Doors reconstruction; visible opening/profile/door-function differences retained; train/plane/sunroof forms, prints, pseudo parts, complete color assemblies and minor stud-only revisions excluded."
30073,Door 1 x 6 x 8 Left,Windows & Doors,Doors,4,16,Windows and Doors,Plastic,,"v0.33 Windows & Doors reconstruction; visible opening/profile/door-function differences retained; train/plane/sunroof forms, prints, pseudo parts, complete color assemblies and minor stud-only revisions excluded."
30074,Door 1 x 6 x 8 Right,Windows & Doors,Doors,5,16,Windows and Doors,Plastic,,"v0.33 Windows & Doors reconstruction; visible opening/profile/door-function differences retained; train/plane/sunroof forms, prints, pseudo parts, complete color assemblies and minor stud-only revisions excluded."
30101,Door Frame 2 x 8 x 6 Swivel with Bottom Notches,Windows & Doors,Door Frames,2,16,Windows and Doors,Plastic,,"v0.33 Windows & Doors reconstruction; visible opening/profile/door-function differences retained; train/plane/sunroof forms, prints, pseudo parts, complete color assemblies and minor stud-only revisions excluded."
30102,"Door 2 x 5 x 5 Swivel, Flat Base",Windows & Doors,Doors,6,16,Windows and Doors,Plastic,,"v0.33 Windows & Doors reconstruction; visible opening/profile/door-function differences retained; train/plane/sunroof forms, prints, pseudo parts, complete color assemblies and minor stud-only revisions excluded."
30179,Door Frame 1 x 4 x 6 Type 1,Windows & Doors,Door Frames,3,16,Windows and Doors,Plastic,,"v0.33 Windows & Doors reconstruction; visible opening/profile/door-function differences retained; train/plane/sunroof forms, prints, pseudo parts, complete color assemblies and minor stud-only revisions excluded."
30223,Door 1 x 5 x 7 1/2 Stockade,Windows & Doors,Gates & Large Doors,5,16,Windows and Doors,Plastic,,"v0.33 Windows & Doors reconstruction; visible opening/profile/door-function differences retained; train/plane/sunroof forms, prints, pseudo parts, complete color assemblies and minor stud-only revisions excluded."
3081,"Window 1 x 2 x 2 Classic, Short Lip [no Glass]",Windows & Doors,Windows,7,16,Windows and Doors,Plastic,,"v0.33 Windows & Doors reconstruction; visible opening/profile/door-function differences retained; train/plane/sunroof forms, prints, pseudo parts, complete color assemblies and minor stud-only revisions excluded."
3082,Window 1 x 2 x 2 Classic Glass,Windows & Doors,Windows,8,16,Windows and Doors,Plastic,,"v0.33 Windows & Doors reconstruction; visible opening/profile/door-function differences retained; train/plane/sunroof forms, prints, pseudo parts, complete color assemblies and minor stud-only revisions excluded."
3087c,"Window 1 x 1 x 1 Classic with Short Sill, No Glass",Windows & Doors,Windows,9,16,Windows and Doors,Plastic,,"v0.33 Windows & Doors reconstruction; visible opening/profile/door-function differences retained; train/plane/sunroof forms, prints, pseudo parts, complete color assemblies and minor stud-only revisions excluded."
3188a,Door 1 x 3 x 2 Right with Thin Handle,Windows & Doors,Doors,7,16,Windows and Doors,Plastic,,"v0.33 Windows & Doors reconstruction; visible opening/profile/door-function differences retained; train/plane/sunroof forms, prints, pseudo parts, complete color assemblies and minor stud-only revisions excluded."
3189a,Door 1 x 3 x 2 Left with Thin Handle,Windows & Doors,Doors,8,16,Windows and Doors,Plastic,,"v0.33 Windows & Doors reconstruction; visible opening/profile/door-function differences retained; train/plane/sunroof forms, prints, pseudo parts, complete color assemblies and minor stud-only revisions excluded."
3190a,Door 1 x 3 x 3 Right with Thin Handle,Windows & Doors,Doors,9,16,Windows and Doors,Plastic,,"v0.33 Windows & Doors reconstruction; visible opening/profile/door-function differences retained; train/plane/sunroof forms, prints, pseudo parts, complete color assemblies and minor stud-only revisions excluded."
3191,Door 1 x 3 x 3 Left,Windows & Doors,Doors,10,16,Windows and Doors,Plastic,,"v0.33 Windows & Doors reconstruction; visible opening/profile/door-function differences retained; train/plane/sunroof forms, prints, pseudo parts, complete color assemblies and minor stud-only revisions excluded."
3192a,Door 1 x 3 x 4 Right with Thin Handle,Windows & Doors,Doors,11,16,Windows and Doors,Plastic,,"v0.33 Windows & Doors reconstruction; visible opening/profile/door-function differences retained; train/plane/sunroof forms, prints, pseudo parts, complete color assemblies and minor stud-only revisions excluded."
3193a,Door 1 x 3 x 4 Left with Thin Handle,Windows & Doors,Doors,12,16,Windows and Doors,Plastic,,"v0.33 Windows & Doors reconstruction; visible opening/profile/door-function differences retained; train/plane/sunroof forms, prints, pseudo parts, complete color assemblies and minor stud-only revisions excluded."
3194a,Door 1 x 5 x 4 Right with Thin Handle,Windows & Doors,Doors,13,16,Windows and Doors,Plastic,,"v0.33 Windows & Doors reconstruction; visible opening/profile/door-function differences retained; train/plane/sunroof forms, prints, pseudo parts, complete color assemblies and minor stud-only revisions excluded."
3195a,Door 1 x 5 x 4 Left with Thin Handle,Windows & Doors,Doors,14,16,Windows and Doors,Plastic,,"v0.33 Windows & Doors reconstruction; visible opening/profile/door-function differences retained; train/plane/sunroof forms, prints, pseudo parts, complete color assemblies and minor stud-only revisions excluded."
31d,"Window 1 x 3 x 2 Classic with Short Sill, No Glass",Windows & Doors,Windows,10,16,Windows and Doors,Plastic,,"v0.33 Windows & Doors reconstruction; visible opening/profile/door-function differences retained; train/plane/sunroof forms, prints, pseudo parts, complete color assemblies and minor stud-only revisions excluded."
3233,Window 1 x 2 x 3 Train with Inside Stud Holder,Windows & Doors,Windows,11,16,Windows and Doors,Plastic,,"v0.33 Windows & Doors reconstruction; visible opening/profile/door-function differences retained; train/plane/sunroof forms, prints, pseudo parts, complete color assemblies and minor stud-only revisions excluded."
32ac01,"Door 1 x 2 x 3 Left with Solid Studs, Fixed Glass",Windows & Doors,Doors,15,16,Windows and Doors,Plastic,,"v0.33 Windows & Doors reconstruction; visible opening/profile/door-function differences retained; train/plane/sunroof forms, prints, pseudo parts, complete color assemblies and minor stud-only revisions excluded."
32bc01,"Door 1 x 2 x 3 Left with Hollow Studs, Fixed Glass",Windows & Doors,Doors,16,16,Windows and Doors,Plastic,,"v0.33 Windows & Doors reconstruction; visible opening/profile/door-function differences retained; train/plane/sunroof forms, prints, pseudo parts, complete color assemblies and minor stud-only revisions excluded."
33216,Door 1 x 4 x 11 1/3 Arched Top,Windows & Doors,Doors,17,16,Windows and Doors,Plastic,,"v0.33 Windows & Doors reconstruction; visible opening/profile/door-function differences retained; train/plane/sunroof forms, prints, pseudo parts, complete color assemblies and minor stud-only revisions excluded."
33227,Door Frame Arched 1 x 8 x 12,Windows & Doors,Door Frames,4,16,Windows and Doors,Plastic,,"v0.33 Windows & Doors reconstruction; visible opening/profile/door-function differences retained; train/plane/sunroof forms, prints, pseudo parts, complete color assemblies and minor stud-only revisions excluded."
33ac01,"Door 1 x 2 x 3 Right, Solid Stud, Fixed Glass",Windows & Doors,Doors,18,16,Windows and Doors,Plastic,,"v0.33 Windows & Doors reconstruction; visible opening/profile/door-function differences retained; train/plane/sunroof forms, prints, pseudo parts, complete color assemblies and minor stud-only revisions excluded."
33bc01,"Door 1 x 2 x 3 Right, Hollow Studs, Fixed Glass",Windows & Doors,Doors,19,16,Windows and Doors,Plastic,,"v0.33 Windows & Doors reconstruction; visible opening/profile/door-function differences retained; train/plane/sunroof forms, prints, pseudo parts, complete color assemblies and minor stud-only revisions excluded."
3417,Door Frame 3 x 6 x 6 with Inside Grooves,Windows & Doors,Door Frames,5,16,Windows and Doors,Plastic,,"v0.33 Windows & Doors reconstruction; visible opening/profile/door-function differences retained; train/plane/sunroof forms, prints, pseudo parts, complete color assemblies and minor stud-only revisions excluded."
35103,Frame 2 x 16 x 6 with Knobs,Windows & Doors,Door Frames,6,16,Windows and Doors,Plastic,,"v0.33 Windows & Doors reconstruction; visible opening/profile/door-function differences retained; train/plane/sunroof forms, prints, pseudo parts, complete color assemblies and minor stud-only revisions excluded."
3579,Door Frame 1 x 3 x 4,Windows & Doors,Door Frames,7,16,Windows and Doors,Plastic,,"v0.33 Windows & Doors reconstruction; visible opening/profile/door-function differences retained; train/plane/sunroof forms, prints, pseudo parts, complete color assemblies and minor stud-only revisions excluded."
3582,Window 1 x 2 x 2 Shutter,Windows & Doors,Windows,12,16,Windows and Doors,Plastic,,"v0.33 Windows & Doors reconstruction; visible opening/profile/door-function differences retained; train/plane/sunroof forms, prints, pseudo parts, complete color assemblies and minor stud-only revisions excluded."
3644,Door 1 x 4 x 6,Windows & Doors,Doors,20,16,Windows and Doors,Plastic,,"v0.33 Windows & Doors reconstruction; visible opening/profile/door-function differences retained; train/plane/sunroof forms, prints, pseudo parts, complete color assemblies and minor stud-only revisions excluded."
3761,Window 1 x 6 x 5,Windows & Doors,Windows,13,16,Windows and Doors,Plastic,,"v0.33 Windows & Doors reconstruction; visible opening/profile/door-function differences retained; train/plane/sunroof forms, prints, pseudo parts, complete color assemblies and minor stud-only revisions excluded."
3821,Door 1 x 3 x 1 Right,Windows & Doors,Doors,21,16,Windows and Doors,Plastic,,"v0.33 Windows & Doors reconstruction; visible opening/profile/door-function differences retained; train/plane/sunroof forms, prints, pseudo parts, complete color assemblies and minor stud-only revisions excluded."
3822,Door 1 x 3 x 1 Left,Windows & Doors,Doors,22,16,Windows and Doors,Plastic,,"v0.33 Windows & Doors reconstruction; visible opening/profile/door-function differences retained; train/plane/sunroof forms, prints, pseudo parts, complete color assemblies and minor stud-only revisions excluded."
3853,Window 1 x 4 x 3,Windows & Doors,Windows,14,16,Windows and Doors,Plastic,,"v0.33 Windows & Doors reconstruction; visible opening/profile/door-function differences retained; train/plane/sunroof forms, prints, pseudo parts, complete color assemblies and minor stud-only revisions excluded."
3856,Window 1 x 2 x 3 Shutter,Windows & Doors,Windows,15,16,Windows and Doors,Plastic,,"v0.33 Windows & Doors reconstruction; visible opening/profile/door-function differences retained; train/plane/sunroof forms, prints, pseudo parts, complete color assemblies and minor stud-only revisions excluded."
3861b,"Door 1 x 4 x 5 with 4 Panes, Squared Base",Windows & Doors,Doors,23,16,Windows and Doors,Plastic,,"v0.33 Windows & Doors reconstruction; visible opening/profile/door-function differences retained; train/plane/sunroof forms, prints, pseudo parts, complete color assemblies and minor stud-only revisions excluded."
40241,"Door 1 x 4 x 6 Round Top with Window and Keyhole, Non Reinforced Edge",Windows & Doors,Doors,24,16,Windows and Doors,Plastic,,"v0.33 Windows & Doors reconstruction; visible opening/profile/door-function differences retained; train/plane/sunroof forms, prints, pseudo parts, complete color assemblies and minor stud-only revisions excluded."
40249,"Door 2 x 5 x 5 Swivel, Bracket Base",Windows & Doors,Doors,25,16,Windows and Doors,Plastic,,"v0.33 Windows & Doors reconstruction; visible opening/profile/door-function differences retained; train/plane/sunroof forms, prints, pseudo parts, complete color assemblies and minor stud-only revisions excluded."
40253,Door Frame 2 x 8 x 6 Swivel without Bottom Notches,Windows & Doors,Door Frames,8,16,Windows and Doors,Plastic,,"v0.33 Windows & Doors reconstruction; visible opening/profile/door-function differences retained; train/plane/sunroof forms, prints, pseudo parts, complete color assemblies and minor stud-only revisions excluded."
4033,Window 1 x 4 x 3 Train with All Studs Hollow,Windows & Doors,Windows,16,16,Windows and Doors,Plastic,,"v0.33 Windows & Doors reconstruction; visible opening/profile/door-function differences retained; train/plane/sunroof forms, prints, pseudo parts, complete color assemblies and minor stud-only revisions excluded."
4035,Window 1 x 2 x 3 Train,Windows & Doors,Windows,17,16,Windows and Doors,Plastic,,"v0.33 Windows & Doors reconstruction; visible opening/profile/door-function differences retained; train/plane/sunroof forms, prints, pseudo parts, complete color assemblies and minor stud-only revisions excluded."
40527,"Door Frame 1 x 4 x 4, no Holes",Windows & Doors,Door Frames,9,16,Windows and Doors,Plastic,,"v0.33 Windows & Doors reconstruction; visible opening/profile/door-function differences retained; train/plane/sunroof forms, prints, pseudo parts, complete color assemblies and minor stud-only revisions excluded."
4071,Door Frame 2 x 6 x 7,Windows & Doors,Door Frames,10,16,Windows and Doors,Plastic,,"v0.33 Windows & Doors reconstruction; visible opening/profile/door-function differences retained; train/plane/sunroof forms, prints, pseudo parts, complete color assemblies and minor stud-only revisions excluded."
4130,Door Frame 2 x 4 x 5,Windows & Doors,Door Frames,11,16,Windows and Doors,Plastic,,"v0.33 Windows & Doors reconstruction; visible opening/profile/door-function differences retained; train/plane/sunroof forms, prints, pseudo parts, complete color assemblies and minor stud-only revisions excluded."
4131,Door 1 x 4 x 5,Windows & Doors,Doors,26,16,Windows and Doors,Plastic,,"v0.33 Windows & Doors reconstruction; visible opening/profile/door-function differences retained; train/plane/sunroof forms, prints, pseudo parts, complete color assemblies and minor stud-only revisions excluded."
4132,Window 2 x 4 x 3 Frame with Solid Studs,Windows & Doors,Windows,18,16,Windows and Doors,Plastic,,"v0.33 Windows & Doors reconstruction; visible opening/profile/door-function differences retained; train/plane/sunroof forms, prints, pseudo parts, complete color assemblies and minor stud-only revisions excluded."
4181,Door 1 x 4 x 5 Train Left,Windows & Doors,Doors,27,16,Windows and Doors,Plastic,,"v0.33 Windows & Doors reconstruction; visible opening/profile/door-function differences retained; train/plane/sunroof forms, prints, pseudo parts, complete color assemblies and minor stud-only revisions excluded."
4182,Door 1 x 4 x 5 Train Right,Windows & Doors,Doors,28,16,Windows and Doors,Plastic,,"v0.33 Windows & Doors reconstruction; visible opening/profile/door-function differences retained; train/plane/sunroof forms, prints, pseudo parts, complete color assemblies and minor stud-only revisions excluded."
4218,Garage Roller Door Section without Handle,Windows & Doors,Garage Doors,1,16,Windows and Doors,Plastic,,"v0.33 Windows & Doors reconstruction; visible opening/profile/door-function differences retained; train/plane/sunroof forms, prints, pseudo parts, complete color assemblies and minor stud-only revisions excluded."
4219,Garage Roller Door Section with Handle,Windows & Doors,Garage Doors,2,16,Windows and Doors,Plastic,,"v0.33 Windows & Doors reconstruction; visible opening/profile/door-function differences retained; train/plane/sunroof forms, prints, pseudo parts, complete color assemblies and minor stud-only revisions excluded."
42205,Door Frame 1 x 6 x 6,Windows & Doors,Door Frames,12,16,Windows and Doors,Plastic,,"v0.33 Windows & Doors reconstruction; visible opening/profile/door-function differences retained; train/plane/sunroof forms, prints, pseudo parts, complete color assemblies and minor stud-only revisions excluded."
42448,Gate 1 x 4 x 9 Arched with Bars and Three Studs,Windows & Doors,Gates & Large Doors,6,16,Windows and Doors,Plastic,,"v0.33 Windows & Doors reconstruction; visible opening/profile/door-function differences retained; train/plane/sunroof forms, prints, pseudo parts, complete color assemblies and minor stud-only revisions excluded."
42819,Door 1 x 4 x 5 Train Right - Thick Support Bottom,Windows & Doors,Doors,29,16,Windows and Doors,Plastic,,"v0.33 Windows & Doors reconstruction; visible opening/profile/door-function differences retained; train/plane/sunroof forms, prints, pseudo parts, complete color assemblies and minor stud-only revisions excluded."
4347,Window 1 x 4 x 5 with Fixed Glass,Windows & Doors,Windows,19,16,Windows and Doors,Plastic,,"v0.33 Windows & Doors reconstruction; visible opening/profile/door-function differences retained; train/plane/sunroof forms, prints, pseudo parts, complete color assemblies and minor stud-only revisions excluded."
43967,Door 1 x 4 x 5 Train Left - Thick Support Bottom,Windows & Doors,Doors,30,16,Windows and Doors,Plastic,,"v0.33 Windows & Doors reconstruction; visible opening/profile/door-function differences retained; train/plane/sunroof forms, prints, pseudo parts, complete color assemblies and minor stud-only revisions excluded."
4447,Window 4 x 4 x 3 Roof,Windows & Doors,Windows,20,16,Windows and Doors,Plastic,,"v0.33 Windows & Doors reconstruction; visible opening/profile/door-function differences retained; train/plane/sunroof forms, prints, pseudo parts, complete color assemblies and minor stud-only revisions excluded."
4511,Door Sliding - Type 1,Windows & Doors,Doors,31,16,Windows and Doors,Plastic,,"v0.33 Windows & Doors reconstruction; visible opening/profile/door-function differences retained; train/plane/sunroof forms, prints, pseudo parts, complete color assemblies and minor stud-only revisions excluded."
45399,"Garage Door 1 x 12 x 9 with Three Windows, Locking Dual 2 Finger Hinges",Windows & Doors,Garage Doors,3,16,Windows and Doors,Plastic,,"v0.33 Windows & Doors reconstruction; visible opening/profile/door-function differences retained; train/plane/sunroof forms, prints, pseudo parts, complete color assemblies and minor stud-only revisions excluded."
453d,"Window 1 x 4 x 2 Classic with Short Sill, No Glass",Windows & Doors,Windows,21,16,Windows and Doors,Plastic,,"v0.33 Windows & Doors reconstruction; visible opening/profile/door-function differences retained; train/plane/sunroof forms, prints, pseudo parts, complete color assemblies and minor stud-only revisions excluded."
4611,Door 1 x 6 x 7 Barred,Windows & Doors,Doors,32,16,Windows and Doors,Plastic,,"v0.33 Windows & Doors reconstruction; visible opening/profile/door-function differences retained; train/plane/sunroof forms, prints, pseudo parts, complete color assemblies and minor stud-only revisions excluded."
46154,Door 1 x 4 1/2 x 6 [PLAIN],Windows & Doors,Doors,33,16,Windows and Doors,Plastic,,"v0.33 Windows & Doors reconstruction; visible opening/profile/door-function differences retained; train/plane/sunroof forms, prints, pseudo parts, complete color assemblies and minor stud-only revisions excluded."
4741,Window 4 x 4 x 6 Outward Sloping,Windows & Doors,Windows,22,16,Windows and Doors,Plastic,,"v0.33 Windows & Doors reconstruction; visible opening/profile/door-function differences retained; train/plane/sunroof forms, prints, pseudo parts, complete color assemblies and minor stud-only revisions excluded."
47899c04,Door 1 x 4 x 5 Left with Reddish Brown Glass,Windows & Doors,Doors,34,16,Windows and Doors,Plastic,,"v0.33 Windows & Doors reconstruction; visible opening/profile/door-function differences retained; train/plane/sunroof forms, prints, pseudo parts, complete color assemblies and minor stud-only revisions excluded."
51239,Window Frame 1 x 3 x 3,Windows & Doors,Windows,23,16,Windows and Doors,Plastic,,"v0.33 Windows & Doors reconstruction; visible opening/profile/door-function differences retained; train/plane/sunroof forms, prints, pseudo parts, complete color assemblies and minor stud-only revisions excluded."
5257,"Door Right 4 x 6 with Curved Top, Bars",Windows & Doors,Doors,35,16,Windows and Doors,Plastic,,"v0.33 Windows & Doors reconstruction; visible opening/profile/door-function differences retained; train/plane/sunroof forms, prints, pseudo parts, complete color assemblies and minor stud-only revisions excluded."
5258,"Door Frame 1 x 6 x 6 1/3 with Rounded Top, Clips",Windows & Doors,Door Frames,13,16,Windows and Doors,Plastic,,"v0.33 Windows & Doors reconstruction; visible opening/profile/door-function differences retained; train/plane/sunroof forms, prints, pseudo parts, complete color assemblies and minor stud-only revisions excluded."
5259,Window 4 x 3 Lattice,Windows & Doors,Windows,24,16,Windows and Doors,Plastic,,"v0.33 Windows & Doors reconstruction; visible opening/profile/door-function differences retained; train/plane/sunroof forms, prints, pseudo parts, complete color assemblies and minor stud-only revisions excluded."
5260,Window 4 x 3 Lattice with Rounded Top,Windows & Doors,Windows,25,16,Windows and Doors,Plastic,,"v0.33 Windows & Doors reconstruction; visible opening/profile/door-function differences retained; train/plane/sunroof forms, prints, pseudo parts, complete color assemblies and minor stud-only revisions excluded."
5466,"Door 1 x 4 x 6 with Window, Wood Structure, Tight Window Hold",Windows & Doors,Doors,36,16,Windows and Doors,Plastic,,"v0.33 Windows & Doors reconstruction; visible opening/profile/door-function differences retained; train/plane/sunroof forms, prints, pseudo parts, complete color assemblies and minor stud-only revisions excluded."
5561,"Door, Gate 1 x 4 x 9 Curved Top, Diagonal Boards",Windows & Doors,Gates & Large Doors,7,16,Windows and Doors,Plastic,,"v0.33 Windows & Doors reconstruction; visible opening/profile/door-function differences retained; train/plane/sunroof forms, prints, pseudo parts, complete color assemblies and minor stud-only revisions excluded."
58380,Door 1 x 3 x 4 Right - Open Between Top and Bottom Hinge,Windows & Doors,Doors,37,16,Windows and Doors,Plastic,,"v0.33 Windows & Doors reconstruction; visible opening/profile/door-function differences retained; train/plane/sunroof forms, prints, pseudo parts, complete color assemblies and minor stud-only revisions excluded."
58381,Door 1 x 3 x 4 Left - Open Between Top and Bottom Hinge,Windows & Doors,Doors,38,16,Windows and Doors,Plastic,,"v0.33 Windows & Doors reconstruction; visible opening/profile/door-function differences retained; train/plane/sunroof forms, prints, pseudo parts, complete color assemblies and minor stud-only revisions excluded."
600,Door 1 x 6 x 6 Freestyle,Windows & Doors,Doors,39,16,Windows and Doors,Plastic,,"v0.33 Windows & Doors reconstruction; visible opening/profile/door-function differences retained; train/plane/sunroof forms, prints, pseudo parts, complete color assemblies and minor stud-only revisions excluded."
604ac01,Window 1 x 6 x 3 Panorama (old type) with Solid Studs and Fixed Glass,Windows & Doors,Windows,26,16,Windows and Doors,Plastic,,"v0.33 Windows & Doors reconstruction; visible opening/profile/door-function differences retained; train/plane/sunroof forms, prints, pseudo parts, complete color assemblies and minor stud-only revisions excluded."
604b,Window 1 x 6 x 3 Panorama with Top Holes,Windows & Doors,Windows,27,16,Windows and Doors,Plastic,,"v0.33 Windows & Doors reconstruction; visible opening/profile/door-function differences retained; train/plane/sunroof forms, prints, pseudo parts, complete color assemblies and minor stud-only revisions excluded."
60592,Window 1 x 2 x 2 Flat Front,Windows & Doors,Windows,28,16,Windows and Doors,Plastic,,"v0.33 Windows & Doors reconstruction; visible opening/profile/door-function differences retained; train/plane/sunroof forms, prints, pseudo parts, complete color assemblies and minor stud-only revisions excluded."
60593,Window 1 x 2 x 3 Flat Front,Windows & Doors,Windows,29,16,Windows and Doors,Plastic,,"v0.33 Windows & Doors reconstruction; visible opening/profile/door-function differences retained; train/plane/sunroof forms, prints, pseudo parts, complete color assemblies and minor stud-only revisions excluded."
60594,Window 1 x 4 x 3 without Shutter Tabs,Windows & Doors,Windows,30,16,Windows and Doors,Plastic,,"v0.33 Windows & Doors reconstruction; visible opening/profile/door-function differences retained; train/plane/sunroof forms, prints, pseudo parts, complete color assemblies and minor stud-only revisions excluded."
60596,Door Frame 1 x 4 x 6 Type 2,Windows & Doors,Door Frames,14,16,Windows and Doors,Plastic,,"v0.33 Windows & Doors reconstruction; visible opening/profile/door-function differences retained; train/plane/sunroof forms, prints, pseudo parts, complete color assemblies and minor stud-only revisions excluded."
60598,Window 2 x 4 x 3 Frame with Hollow Studs,Windows & Doors,Windows,31,16,Windows and Doors,Plastic,,"v0.33 Windows & Doors reconstruction; visible opening/profile/door-function differences retained; train/plane/sunroof forms, prints, pseudo parts, complete color assemblies and minor stud-only revisions excluded."
60599,Door Frame 2 x 4 x 6,Windows & Doors,Door Frames,15,16,Windows and Doors,Plastic,,"v0.33 Windows & Doors reconstruction; visible opening/profile/door-function differences retained; train/plane/sunroof forms, prints, pseudo parts, complete color assemblies and minor stud-only revisions excluded."
60614,"Door 1 x 2 x 3 with Vertical Handle, Round Handle Holes on Back",Windows & Doors,Doors,40,16,Windows and Doors,Plastic,,"v0.33 Windows & Doors reconstruction; visible opening/profile/door-function differences retained; train/plane/sunroof forms, prints, pseudo parts, complete color assemblies and minor stud-only revisions excluded."
60616a,Door 1 x 4 x 6 Smooth with Square Handle Plinth,Windows & Doors,Doors,41,16,Windows and Doors,Plastic,,"v0.33 Windows & Doors reconstruction; visible opening/profile/door-function differences retained; train/plane/sunroof forms, prints, pseudo parts, complete color assemblies and minor stud-only revisions excluded."
60616b,Door 1 x 4 x 6 Smooth with Chamfered Handle Plinth,Windows & Doors,Doors,42,16,Windows and Doors,Plastic,,"v0.33 Windows & Doors reconstruction; visible opening/profile/door-function differences retained; train/plane/sunroof forms, prints, pseudo parts, complete color assemblies and minor stud-only revisions excluded."
60621,Door 1 x 4 x 6 Barred with Stud Handle,Windows & Doors,Doors,43,16,Windows and Doors,Plastic,,"v0.33 Windows & Doors reconstruction; visible opening/profile/door-function differences retained; train/plane/sunroof forms, prints, pseudo parts, complete color assemblies and minor stud-only revisions excluded."
60623,Door 1 x 4 x 6 with 4 Panes and Stud Handle,Windows & Doors,Doors,44,16,Windows and Doors,Plastic,,"v0.33 Windows & Doors reconstruction; visible opening/profile/door-function differences retained; train/plane/sunroof forms, prints, pseudo parts, complete color assemblies and minor stud-only revisions excluded."
60657,Door 1 x 3 x 3 Right - Open Between Top and Bottom Hinge,Windows & Doors,Doors,45,16,Windows and Doors,Plastic,,"v0.33 Windows & Doors reconstruction; visible opening/profile/door-function differences retained; train/plane/sunroof forms, prints, pseudo parts, complete color assemblies and minor stud-only revisions excluded."
60658,Door 1 x 3 x 3 Left - Open Between Top and Bottom Hinge,Windows & Doors,Doors,46,16,Windows and Doors,Plastic,,"v0.33 Windows & Doors reconstruction; visible opening/profile/door-function differences retained; train/plane/sunroof forms, prints, pseudo parts, complete color assemblies and minor stud-only revisions excluded."
60670,Window 1 x 4 x 4 Lift,Windows & Doors,Windows,32,16,Windows and Doors,Plastic,,"v0.33 Windows & Doors reconstruction; visible opening/profile/door-function differences retained; train/plane/sunroof forms, prints, pseudo parts, complete color assemblies and minor stud-only revisions excluded."
6078,Door 1 x 4 x 3,Windows & Doors,Doors,47,16,Windows and Doors,Plastic,,"v0.33 Windows & Doors reconstruction; visible opening/profile/door-function differences retained; train/plane/sunroof forms, prints, pseudo parts, complete color assemblies and minor stud-only revisions excluded."
60797c03,Door 1 x 4 x 6 with 3 Panes and Stud Handle with Reddish Brown Glass,Windows & Doors,Doors,48,16,Windows and Doors,Plastic,,"v0.33 Windows & Doors reconstruction; visible opening/profile/door-function differences retained; train/plane/sunroof forms, prints, pseudo parts, complete color assemblies and minor stud-only revisions excluded."
60800a,Window 1 x 2 x 3 Shutter with Hinges and Handle,Windows & Doors,Windows,33,16,Windows and Doors,Plastic,,"v0.33 Windows & Doors reconstruction; visible opening/profile/door-function differences retained; train/plane/sunroof forms, prints, pseudo parts, complete color assemblies and minor stud-only revisions excluded."
60800b,Window 1 x 2 x 3 Shutter with Hinges and No Handle,Windows & Doors,Windows,34,16,Windows and Doors,Plastic,,"v0.33 Windows & Doors reconstruction; visible opening/profile/door-function differences retained; train/plane/sunroof forms, prints, pseudo parts, complete color assemblies and minor stud-only revisions excluded."
6105,"Door, Gate 1 x 4 x 9 Curved Top",Windows & Doors,Gates & Large Doors,8,16,Windows and Doors,Plastic,,"v0.33 Windows & Doors reconstruction; visible opening/profile/door-function differences retained; train/plane/sunroof forms, prints, pseudo parts, complete color assemblies and minor stud-only revisions excluded."
6154,"Door Frame 1 x 4 x 4, Holes (Lift)",Windows & Doors,Door Frames,16,16,Windows and Doors,Plastic,,"v0.33 Windows & Doors reconstruction; visible opening/profile/door-function differences retained; train/plane/sunroof forms, prints, pseudo parts, complete color assemblies and minor stud-only revisions excluded."
6155,Door 1 x 4 x 4 Lift,Windows & Doors,Doors,49,16,Windows and Doors,Plastic,,"v0.33 Windows & Doors reconstruction; visible opening/profile/door-function differences retained; train/plane/sunroof forms, prints, pseudo parts, complete color assemblies and minor stud-only revisions excluded."
6159,Window 4 x 4 x 3 Roof with Centre Bar,Windows & Doors,Windows,35,16,Windows and Doors,Plastic,,"v0.33 Windows & Doors reconstruction; visible opening/profile/door-function differences retained; train/plane/sunroof forms, prints, pseudo parts, complete color assemblies and minor stud-only revisions excluded."
6235,Door Frame 2 x 6 x 6 Freestyle,Windows & Doors,Door Frames,17,16,Windows and Doors,Plastic,,"v0.33 Windows & Doors reconstruction; visible opening/profile/door-function differences retained; train/plane/sunroof forms, prints, pseudo parts, complete color assemblies and minor stud-only revisions excluded."
6236,Window 2 x 6 x 6 Freestyle,Windows & Doors,Windows,36,16,Windows and Doors,Plastic,,"v0.33 Windows & Doors reconstruction; visible opening/profile/door-function differences retained; train/plane/sunroof forms, prints, pseudo parts, complete color assemblies and minor stud-only revisions excluded."
64390,"Door 1 x 4 x 6 Round Top with Window and Keyhole, Reinforced Edge",Windows & Doors,Doors,50,16,Windows and Doors,Plastic,,"v0.33 Windows & Doors reconstruction; visible opening/profile/door-function differences retained; train/plane/sunroof forms, prints, pseudo parts, complete color assemblies and minor stud-only revisions excluded."
645b,Window 1 x 6 x 2 Classic with Long Sill,Windows & Doors,Windows,37,16,Windows and Doors,Plastic,,"v0.33 Windows & Doors reconstruction; visible opening/profile/door-function differences retained; train/plane/sunroof forms, prints, pseudo parts, complete color assemblies and minor stud-only revisions excluded."
645bc01,Window 1 x 6 x 2 [Old Style Extended Lip & Glass],Windows & Doors,Windows,38,16,Windows and Doors,Plastic,,"v0.33 Windows & Doors reconstruction; visible opening/profile/door-function differences retained; train/plane/sunroof forms, prints, pseudo parts, complete color assemblies and minor stud-only revisions excluded."
646bc01,Window 1 x 6 x 2 with Shutters [Old Style Extended Lip & Glass],Windows & Doors,Windows,39,16,Windows and Doors,Plastic,,"v0.33 Windows & Doors reconstruction; visible opening/profile/door-function differences retained; train/plane/sunroof forms, prints, pseudo parts, complete color assemblies and minor stud-only revisions excluded."
6546,Door 1 x 2 x 3 with Vertical Handle,Windows & Doors,Doors,51,16,Windows and Doors,Plastic,,"v0.33 Windows & Doors reconstruction; visible opening/profile/door-function differences retained; train/plane/sunroof forms, prints, pseudo parts, complete color assemblies and minor stud-only revisions excluded."
6556,Window 1 x 4 x 3 Train with Shutter Holes and Solid Studs on Ends,Windows & Doors,Windows,40,16,Windows and Doors,Plastic,,"v0.33 Windows & Doors reconstruction; visible opening/profile/door-function differences retained; train/plane/sunroof forms, prints, pseudo parts, complete color assemblies and minor stud-only revisions excluded."
670,Door Frame 1 x 6 x 10,Windows & Doors,Door Frames,18,16,Windows and Doors,Plastic,,"v0.33 Windows & Doors reconstruction; visible opening/profile/door-function differences retained; train/plane/sunroof forms, prints, pseudo parts, complete color assemblies and minor stud-only revisions excluded."
671,Door 1 x 6 x 10,Windows & Doors,Doors,52,16,Windows and Doors,Plastic,,"v0.33 Windows & Doors reconstruction; visible opening/profile/door-function differences retained; train/plane/sunroof forms, prints, pseudo parts, complete color assemblies and minor stud-only revisions excluded."
6798,Window 1 x 3 x 2,Windows & Doors,Windows,41,16,Windows and Doors,Plastic,,"v0.33 Windows & Doors reconstruction; visible opening/profile/door-function differences retained; train/plane/sunroof forms, prints, pseudo parts, complete color assemblies and minor stud-only revisions excluded."
7026c,"Red Window 1 x 2 x 2, without Glass for Slotted Bricks",Windows & Doors,Windows,42,16,Windows and Doors,Plastic,,"v0.33 Windows & Doors reconstruction; visible opening/profile/door-function differences retained; train/plane/sunroof forms, prints, pseudo parts, complete color assemblies and minor stud-only revisions excluded."
7102,"Door 1 x 4 x 6 with Window, Wood Structure, Loose Window Hold",Windows & Doors,Doors,53,16,Windows and Doors,Plastic,,"v0.33 Windows & Doors reconstruction; visible opening/profile/door-function differences retained; train/plane/sunroof forms, prints, pseudo parts, complete color assemblies and minor stud-only revisions excluded."
73194c04,Door 1 x 4 x 5 Right with Reddish Brown Glass,Windows & Doors,Doors,54,16,Windows and Doors,Plastic,,"v0.33 Windows & Doors reconstruction; visible opening/profile/door-function differences retained; train/plane/sunroof forms, prints, pseudo parts, complete color assemblies and minor stud-only revisions excluded."
73312,Door 1 x 4 x 5 Right with 6 Panes,Windows & Doors,Doors,55,16,Windows and Doors,Plastic,,"v0.33 Windows & Doors reconstruction; visible opening/profile/door-function differences retained; train/plane/sunroof forms, prints, pseudo parts, complete color assemblies and minor stud-only revisions excluded."
73313,Door 1 x 4 x 5 Left with 6 Panes,Windows & Doors,Doors,56,16,Windows and Doors,Plastic,,"v0.33 Windows & Doors reconstruction; visible opening/profile/door-function differences retained; train/plane/sunroof forms, prints, pseudo parts, complete color assemblies and minor stud-only revisions excluded."
73878,Window Round 3 x 3 x 2,Windows & Doors,Windows,43,16,Windows and Doors,Plastic,,"v0.33 Windows & Doors reconstruction; visible opening/profile/door-function differences retained; train/plane/sunroof forms, prints, pseudo parts, complete color assemblies and minor stud-only revisions excluded."
791,Window 1 x 3 x 5 Shutter,Windows & Doors,Windows,44,16,Windows and Doors,Plastic,,"v0.33 Windows & Doors reconstruction; visible opening/profile/door-function differences retained; train/plane/sunroof forms, prints, pseudo parts, complete color assemblies and minor stud-only revisions excluded."
7930,Door 1 x 3 x 4 with Glass,Windows & Doors,Doors,57,16,Windows and Doors,Plastic,,"v0.33 Windows & Doors reconstruction; visible opening/profile/door-function differences retained; train/plane/sunroof forms, prints, pseudo parts, complete color assemblies and minor stud-only revisions excluded."
79730,Door 1 x 4 x 6 with Pet Door,Windows & Doors,Doors,58,16,Windows and Doors,Plastic,,"v0.33 Windows & Doors reconstruction; visible opening/profile/door-function differences retained; train/plane/sunroof forms, prints, pseudo parts, complete color assemblies and minor stud-only revisions excluded."
801,Door 1 x 3 x 3 Left with Window and Vertical Handle,Windows & Doors,Doors,59,16,Windows and Doors,Plastic,,"v0.33 Windows & Doors reconstruction; visible opening/profile/door-function differences retained; train/plane/sunroof forms, prints, pseudo parts, complete color assemblies and minor stud-only revisions excluded."
801a,Door 1 x 3 x 3 Left with Window and Horizontal Handle,Windows & Doors,Doors,60,16,Windows and Doors,Plastic,,"v0.33 Windows & Doors reconstruction; visible opening/profile/door-function differences retained; train/plane/sunroof forms, prints, pseudo parts, complete color assemblies and minor stud-only revisions excluded."
802,Door 1 x 3 x 3 Right with Window and Vertical Handle,Windows & Doors,Doors,61,16,Windows and Doors,Plastic,,"v0.33 Windows & Doors reconstruction; visible opening/profile/door-function differences retained; train/plane/sunroof forms, prints, pseudo parts, complete color assemblies and minor stud-only revisions excluded."
802a,Door 1 x 3 x 3 Right with Window and Horizontal Handle,Windows & Doors,Doors,62,16,Windows and Doors,Plastic,,"v0.33 Windows & Doors reconstruction; visible opening/profile/door-function differences retained; train/plane/sunroof forms, prints, pseudo parts, complete color assemblies and minor stud-only revisions excluded."
80400,Door Frame Double 2 x 8 x 6,Windows & Doors,Door Frames,19,16,Windows and Doors,Plastic,,"v0.33 Windows & Doors reconstruction; visible opening/profile/door-function differences retained; train/plane/sunroof forms, prints, pseudo parts, complete color assemblies and minor stud-only revisions excluded."
80683,Door 3 x 6,Windows & Doors,Doors,63,16,Windows and Doors,Plastic,,"v0.33 Windows & Doors reconstruction; visible opening/profile/door-function differences retained; train/plane/sunroof forms, prints, pseudo parts, complete color assemblies and minor stud-only revisions excluded."
820b,Garage Door 1 x 3 x 5 Automatic with One Octagon Stud and One Round Stud (Old style),Windows & Doors,Garage Doors,4,16,Windows and Doors,Plastic,,"v0.33 Windows & Doors reconstruction; visible opening/profile/door-function differences retained; train/plane/sunroof forms, prints, pseudo parts, complete color assemblies and minor stud-only revisions excluded."
821b,"Garage Door Frame (Old style) - No Studs, Partial Wings",Windows & Doors,Garage Doors,5,16,Windows and Doors,Plastic,,"v0.33 Windows & Doors reconstruction; visible opening/profile/door-function differences retained; train/plane/sunroof forms, prints, pseudo parts, complete color assemblies and minor stud-only revisions excluded."
822ac01,Garage Door Solid Assembly - Old (Hinge Pin on Counterweights - One Side),Windows & Doors,Garage Doors,6,16,Windows and Doors,Plastic,,"v0.33 Windows & Doors reconstruction; visible opening/profile/door-function differences retained; train/plane/sunroof forms, prints, pseudo parts, complete color assemblies and minor stud-only revisions excluded."
822ac02,Garage Door Solid Assembly - Old (Hinge Pins on Counterweights - Both Sides),Windows & Doors,Garage Doors,7,16,Windows and Doors,Plastic,,"v0.33 Windows & Doors reconstruction; visible opening/profile/door-function differences retained; train/plane/sunroof forms, prints, pseudo parts, complete color assemblies and minor stud-only revisions excluded."
822bc01,Garage Door Solid Assembly with Trans Clear Counterweights - Old (Hinge Pins on Door),Windows & Doors,Garage Doors,8,16,Windows and Doors,Plastic,,"v0.33 Windows & Doors reconstruction; visible opening/profile/door-function differences retained; train/plane/sunroof forms, prints, pseudo parts, complete color assemblies and minor stud-only revisions excluded."
822e,Garage Door Solid Assembly - Old (Pin Holes),Windows & Doors,Garage Doors,9,16,Windows and Doors,Plastic,,"v0.33 Windows & Doors reconstruction; visible opening/profile/door-function differences retained; train/plane/sunroof forms, prints, pseudo parts, complete color assemblies and minor stud-only revisions excluded."
823c01,"Garage Door, Glass - Old (with Counterweights)",Windows & Doors,Garage Doors,10,16,Windows and Doors,Plastic,,"v0.33 Windows & Doors reconstruction; visible opening/profile/door-function differences retained; train/plane/sunroof forms, prints, pseudo parts, complete color assemblies and minor stud-only revisions excluded."
825,Door 1 x 3 x 4 Left with Window,Windows & Doors,Doors,64,16,Windows and Doors,Plastic,,"v0.33 Windows & Doors reconstruction; visible opening/profile/door-function differences retained; train/plane/sunroof forms, prints, pseudo parts, complete color assemblies and minor stud-only revisions excluded."
826,Door 1 x 3 x 4 Right with Window,Windows & Doors,Doors,65,16,Windows and Doors,Plastic,,"v0.33 Windows & Doors reconstruction; visible opening/profile/door-function differences retained; train/plane/sunroof forms, prints, pseudo parts, complete color assemblies and minor stud-only revisions excluded."
87601,Door 1 x 5 x 8.5 Stockade,Windows & Doors,Gates & Large Doors,9,16,Windows and Doors,Plastic,,"v0.33 Windows & Doors reconstruction; visible opening/profile/door-function differences retained; train/plane/sunroof forms, prints, pseudo parts, complete color assemblies and minor stud-only revisions excluded."
89519,Door 1 x 8 x 12 Castle Gate (Portcullis),Windows & Doors,Gates & Large Doors,10,16,Windows and Doors,Plastic,,"v0.33 Windows & Doors reconstruction; visible opening/profile/door-function differences retained; train/plane/sunroof forms, prints, pseudo parts, complete color assemblies and minor stud-only revisions excluded."
90195,Window 1 x 2 x 2 Castle,Windows & Doors,Windows,45,16,Windows and Doors,Plastic,,"v0.33 Windows & Doors reconstruction; visible opening/profile/door-function differences retained; train/plane/sunroof forms, prints, pseudo parts, complete color assemblies and minor stud-only revisions excluded."
92262,Door 1 x 3 x 2 Left - Open Between Top and Bottom Hinge,Windows & Doors,Doors,66,16,Windows and Doors,Plastic,,"v0.33 Windows & Doors reconstruction; visible opening/profile/door-function differences retained; train/plane/sunroof forms, prints, pseudo parts, complete color assemblies and minor stud-only revisions excluded."
92263,Door 1 x 3 x 2 Right - Open Between Top and Bottom Hinge,Windows & Doors,Doors,67,16,Windows and Doors,Plastic,,"v0.33 Windows & Doors reconstruction; visible opening/profile/door-function differences retained; train/plane/sunroof forms, prints, pseudo parts, complete color assemblies and minor stud-only revisions excluded."
93096,Door 1 x 5 x 3 with 3 Studs and Handle,Windows & Doors,Doors,68,16,Windows and Doors,Plastic,,"v0.33 Windows & Doors reconstruction; visible opening/profile/door-function differences retained; train/plane/sunroof forms, prints, pseudo parts, complete color assemblies and minor stud-only revisions excluded."
94161,Window 1 x 2 x 2 2/3 Shutter with Rounded Top,Windows & Doors,Windows,46,16,Windows and Doors,Plastic,,"v0.33 Windows & Doors reconstruction; visible opening/profile/door-function differences retained; train/plane/sunroof forms, prints, pseudo parts, complete color assemblies and minor stud-only revisions excluded."
95270,"Door for Window Frame 1 x 4 x 3, Semicircular Handle Holes on Back",Windows & Doors,Doors,69,16,Windows and Doors,Plastic,,"v0.33 Windows & Doors reconstruction; visible opening/profile/door-function differences retained; train/plane/sunroof forms, prints, pseudo parts, complete color assemblies and minor stud-only revisions excluded."
upn0150LR,Garage Door Counterweight - Old with Hinge Pin Left and Right,Windows & Doors,Garage Doors,11,16,Windows and Doors,Plastic,,"v0.33 Windows & Doors reconstruction; visible opening/profile/door-function differences retained; train/plane/sunroof forms, prints, pseudo parts, complete color assemblies and minor stud-only revisions excluded."
15627,Panel 1 x 6 x 6 with Window,Windows & Doors,Architectural Window Walls,1,23,Panels,Plastic,,"v0.33 Windows & Doors reconstruction; visible opening/profile/door-function differences retained; train/plane/sunroof forms, prints, pseudo parts, complete color assemblies and minor stud-only revisions excluded."
22387,Panel 2 x 6 x 6 with Window Slot,Windows & Doors,Architectural Window Walls,2,23,Panels,Plastic,,"v0.33 Windows & Doors reconstruction; visible opening/profile/door-function differences retained; train/plane/sunroof forms, prints, pseudo parts, complete color assemblies and minor stud-only revisions excluded."
30080,Panel 4 x 3 x 3 with Porthole,Windows & Doors,Architectural Window Walls,3,23,Panels,Plastic,,"v0.33 Windows & Doors reconstruction; visible opening/profile/door-function differences retained; train/plane/sunroof forms, prints, pseudo parts, complete color assemblies and minor stud-only revisions excluded."
30100,Panel 3 x 6 x 6 Double Wall with Arched Window,Windows & Doors,Architectural Window Walls,4,23,Panels,Plastic,,"v0.33 Windows & Doors reconstruction; visible opening/profile/door-function differences retained; train/plane/sunroof forms, prints, pseudo parts, complete color assemblies and minor stud-only revisions excluded."
30246,Panel 3 x 4 x 6 with Arched Window,Windows & Doors,Architectural Window Walls,5,23,Panels,Plastic,,"v0.33 Windows & Doors reconstruction; visible opening/profile/door-function differences retained; train/plane/sunroof forms, prints, pseudo parts, complete color assemblies and minor stud-only revisions excluded."
30288,Panel 3 x 6 x 6 Sloped with Window,Windows & Doors,Architectural Window Walls,6,23,Panels,Plastic,,"v0.33 Windows & Doors reconstruction; visible opening/profile/door-function differences retained; train/plane/sunroof forms, prints, pseudo parts, complete color assemblies and minor stud-only revisions excluded."
35565,Panel 2 x 6 x 6 with Gothic Arch,Windows & Doors,Architectural Window Walls,7,23,Panels,Plastic,,"v0.33 Windows & Doors reconstruction; visible opening/profile/door-function differences retained; train/plane/sunroof forms, prints, pseudo parts, complete color assemblies and minor stud-only revisions excluded."
40066,Panel 1 x 6 x 7 with 2 Columns and Arch,Windows & Doors,Architectural Window Walls,8,23,Panels,Plastic,,"v0.33 Windows & Doors reconstruction; visible opening/profile/door-function differences retained; train/plane/sunroof forms, prints, pseudo parts, complete color assemblies and minor stud-only revisions excluded."
4444,Panel 2 x 5 x 6 Wall with Arched Window,Windows & Doors,Architectural Window Walls,9,23,Panels,Plastic,,"v0.33 Windows & Doors reconstruction; visible opening/profile/door-function differences retained; train/plane/sunroof forms, prints, pseudo parts, complete color assemblies and minor stud-only revisions excluded."
48490,Panel 3 x 8 x 6 with Arched Window,Windows & Doors,Architectural Window Walls,10,23,Panels,Plastic,,"v0.33 Windows & Doors reconstruction; visible opening/profile/door-function differences retained; train/plane/sunroof forms, prints, pseudo parts, complete color assemblies and minor stud-only revisions excluded."
6055,Panel 6 x 6 x 6 Corner with Arched Window,Windows & Doors,Architectural Window Walls,11,23,Panels,Plastic,,"v0.33 Windows & Doors reconstruction; visible opening/profile/door-function differences retained; train/plane/sunroof forms, prints, pseudo parts, complete color assemblies and minor stud-only revisions excluded."
14137,"Hinge Plate 1 x 8 Locking with Angled Side Extensions, Squared Plate Underside, 7 Teeth",Hinges & Turntables,Locking Hinges,1,18,"Hinges, Arms and Turntables",Plastic,,"v0.34 final reconstruction; articulation/rotation-dominant identity retained; meaningful locking tooth/profile differences retained; arm/grabber, vehicle, train, creature, spinner/play and minor manufacturing/assembly revisions excluded."
18455,Hinge Brick 2 x 4 Locking with 1 Finger on Top at One End,Hinges & Turntables,Locking Hinges,2,18,"Hinges, Arms and Turntables",Plastic,,"v0.34 final reconstruction; articulation/rotation-dominant identity retained; meaningful locking tooth/profile differences retained; arm/grabber, vehicle, train, creature, spinner/play and minor manufacturing/assembly revisions excluded."
1927,Hinge Plate 1 x 4 Swivel Top / Base - Hollow Clip [Complete Assembly],Hinges & Turntables,Turntables,10,18,"Hinges, Arms and Turntables",Plastic,,"v0.34 final reconstruction; articulation/rotation-dominant identity retained; meaningful locking tooth/profile differences retained; arm/grabber, vehicle, train, creature, spinner/play and minor manufacturing/assembly revisions excluded."
2375,Hinge Bar 12L with 3 Fingers and Open End Stud,Hinges & Turntables,Hinges & Articulated Joints,1,18,"Hinges, Arms and Turntables",Plastic,,"v0.34 final reconstruction; articulation/rotation-dominant identity retained; meaningful locking tooth/profile differences retained; arm/grabber, vehicle, train, creature, spinner/play and minor manufacturing/assembly revisions excluded."
2429,Hinge Plate 1 x 4 Swivel Base with Hole,Hinges & Turntables,Turntables,11,18,"Hinges, Arms and Turntables",Plastic,,"v0.34 final reconstruction; articulation/rotation-dominant identity retained; meaningful locking tooth/profile differences retained; arm/grabber, vehicle, train, creature, spinner/play and minor manufacturing/assembly revisions excluded."
2430,Hinge Plate 1 x 4 Swivel Top [Solid Pin],Hinges & Turntables,Turntables,12,18,"Hinges, Arms and Turntables",Plastic,,"v0.34 final reconstruction; articulation/rotation-dominant identity retained; meaningful locking tooth/profile differences retained; arm/grabber, vehicle, train, creature, spinner/play and minor manufacturing/assembly revisions excluded."
2433,Hinge Bar with 3 Fingers and End Stud (Control Lever),Hinges & Turntables,Hinges & Articulated Joints,2,18,"Hinges, Arms and Turntables",Plastic,,"v0.34 final reconstruction; articulation/rotation-dominant identity retained; meaningful locking tooth/profile differences retained; arm/grabber, vehicle, train, creature, spinner/play and minor manufacturing/assembly revisions excluded."
2440,Hinge Panel 6 x 3,Hinges & Turntables,Hinges & Articulated Joints,3,18,"Hinges, Arms and Turntables",Plastic,,"v0.34 final reconstruction; articulation/rotation-dominant identity retained; meaningful locking tooth/profile differences retained; arm/grabber, vehicle, train, creature, spinner/play and minor manufacturing/assembly revisions excluded."
2452,Hinge Plate 1 x 2 with 3 Fingers On Side,Hinges & Turntables,Hinges & Articulated Joints,4,18,"Hinges, Arms and Turntables",Plastic,,"v0.34 final reconstruction; articulation/rotation-dominant identity retained; meaningful locking tooth/profile differences retained; arm/grabber, vehicle, train, creature, spinner/play and minor manufacturing/assembly revisions excluded."
251,"Turntable 2 x 2 Plate with Hinge, Base [3 Fingers]",Hinges & Turntables,Turntables,13,18,"Hinges, Arms and Turntables",Plastic,,"v0.34 final reconstruction; articulation/rotation-dominant identity retained; meaningful locking tooth/profile differences retained; arm/grabber, vehicle, train, creature, spinner/play and minor manufacturing/assembly revisions excluded."
2582,Hinge Panel 2 x 4 x 3 1/3,Hinges & Turntables,Hinges & Articulated Joints,5,18,"Hinges, Arms and Turntables",Plastic,,"v0.34 final reconstruction; articulation/rotation-dominant identity retained; meaningful locking tooth/profile differences retained; arm/grabber, vehicle, train, creature, spinner/play and minor manufacturing/assembly revisions excluded."
27448,Turntable 2 x 2 Female,Hinges & Turntables,Turntables,14,18,"Hinges, Arms and Turntables",Plastic,,"v0.34 final reconstruction; articulation/rotation-dominant identity retained; meaningful locking tooth/profile differences retained; arm/grabber, vehicle, train, creature, spinner/play and minor manufacturing/assembly revisions excluded."
2923,Hinge Bar 2.5L with 2 and 3 Fingers on Ends (Pantograph Shoe Holder),Hinges & Turntables,Hinges & Articulated Joints,6,18,"Hinges, Arms and Turntables",Plastic,,"v0.34 final reconstruction; articulation/rotation-dominant identity retained; meaningful locking tooth/profile differences retained; arm/grabber, vehicle, train, creature, spinner/play and minor manufacturing/assembly revisions excluded."
30014,Arm Holder Brick 1 x 2 with 2 Horizontal Fingers,Hinges & Turntables,Hinges & Articulated Joints,7,18,"Hinges, Arms and Turntables",Plastic,,"v0.34 final reconstruction; articulation/rotation-dominant identity retained; meaningful locking tooth/profile differences retained; arm/grabber, vehicle, train, creature, spinner/play and minor manufacturing/assembly revisions excluded."
30041,Plate Special 6 x 8 Trap Door Frame Horizontal,Hinges & Turntables,Hinges & Articulated Joints,8,18,"Hinges, Arms and Turntables",Plastic,,"v0.34 final reconstruction; articulation/rotation-dominant identity retained; meaningful locking tooth/profile differences retained; arm/grabber, vehicle, train, creature, spinner/play and minor manufacturing/assembly revisions excluded."
30042,Plate Special 4 x 6 x 2/3 with Trap Door Hinge,Hinges & Turntables,Hinges & Articulated Joints,9,18,"Hinges, Arms and Turntables",Plastic,,"v0.34 final reconstruction; articulation/rotation-dominant identity retained; meaningful locking tooth/profile differences retained; arm/grabber, vehicle, train, creature, spinner/play and minor manufacturing/assembly revisions excluded."
30364,Hinge Brick 1 x 2 Locking with 1 Finger Vertical End,Hinges & Turntables,Locking Hinges,3,18,"Hinges, Arms and Turntables",Plastic,,"v0.34 final reconstruction; articulation/rotation-dominant identity retained; meaningful locking tooth/profile differences retained; arm/grabber, vehicle, train, creature, spinner/play and minor manufacturing/assembly revisions excluded."
30365,"Hinge Brick 1 x 2 Locking with 2 Fingers Vertical End, 9 Teeth",Hinges & Turntables,Locking Hinges,4,18,"Hinges, Arms and Turntables",Plastic,,"v0.34 final reconstruction; articulation/rotation-dominant identity retained; meaningful locking tooth/profile differences retained; arm/grabber, vehicle, train, creature, spinner/play and minor manufacturing/assembly revisions excluded."
30383,Hinge Plate 1 x 2 Locking with 1 Finger On Top,Hinges & Turntables,Locking Hinges,5,18,"Hinges, Arms and Turntables",Plastic,,"v0.34 final reconstruction; articulation/rotation-dominant identity retained; meaningful locking tooth/profile differences retained; arm/grabber, vehicle, train, creature, spinner/play and minor manufacturing/assembly revisions excluded."
30386,"Hinge Brick 1 x 2 Locking with 1 Finger Vertical End and 2 Fingers Vertical End, 9 Teeth",Hinges & Turntables,Locking Hinges,6,18,"Hinges, Arms and Turntables",Plastic,,"v0.34 final reconstruction; articulation/rotation-dominant identity retained; meaningful locking tooth/profile differences retained; arm/grabber, vehicle, train, creature, spinner/play and minor manufacturing/assembly revisions excluded."
30387,"Hinge Brick 1 x 4 Locking with 1 Finger Vertical End and 2 Fingers Vertical End, 9 Teeth",Hinges & Turntables,Locking Hinges,7,18,"Hinges, Arms and Turntables",Plastic,,"v0.34 final reconstruction; articulation/rotation-dominant identity retained; meaningful locking tooth/profile differences retained; arm/grabber, vehicle, train, creature, spinner/play and minor manufacturing/assembly revisions excluded."
30388,"Hinge Brick 1 x 6 Locking with 1 Finger Vertical End and 2 Fingers Vertical End, 9 Teeth",Hinges & Turntables,Locking Hinges,8,18,"Hinges, Arms and Turntables",Plastic,,"v0.34 final reconstruction; articulation/rotation-dominant identity retained; meaningful locking tooth/profile differences retained; arm/grabber, vehicle, train, creature, spinner/play and minor manufacturing/assembly revisions excluded."
30389c,Hinge Brick 2 x 2 Locking with 1 Finger Vertical and Axle Hole [X Opening],Hinges & Turntables,Locking Hinges,9,18,"Hinges, Arms and Turntables",Plastic,,"v0.34 final reconstruction; articulation/rotation-dominant identity retained; meaningful locking tooth/profile differences retained; arm/grabber, vehicle, train, creature, spinner/play and minor manufacturing/assembly revisions excluded."
30396,"Hinge 1 x 2 Locking with 2 Fingers and Towball Socket, 9 Teeth",Hinges & Turntables,Locking Hinges,10,18,"Hinges, Arms and Turntables",Plastic,,"v0.34 final reconstruction; articulation/rotation-dominant identity retained; meaningful locking tooth/profile differences retained; arm/grabber, vehicle, train, creature, spinner/play and minor manufacturing/assembly revisions excluded."
30407,"Hinge Plate 1 x 8 Locking with Angled Side Extensions, Rounded Plate Underside, 9 Teeth",Hinges & Turntables,Locking Hinges,11,18,"Hinges, Arms and Turntables",Plastic,,"v0.34 final reconstruction; articulation/rotation-dominant identity retained; meaningful locking tooth/profile differences retained; arm/grabber, vehicle, train, creature, spinner/play and minor manufacturing/assembly revisions excluded."
30516,Turntable 4 x 4 Locking Grooved Base,Hinges & Turntables,Turntables,15,18,"Hinges, Arms and Turntables",Plastic,,"v0.34 final reconstruction; articulation/rotation-dominant identity retained; meaningful locking tooth/profile differences retained; arm/grabber, vehicle, train, creature, spinner/play and minor manufacturing/assembly revisions excluded."
30540,"Hinge Brick 1 x 2 Locking with 2 Fingers Horizontal End, 9 Teeth",Hinges & Turntables,Locking Hinges,12,18,"Hinges, Arms and Turntables",Plastic,,"v0.34 final reconstruction; articulation/rotation-dominant identity retained; meaningful locking tooth/profile differences retained; arm/grabber, vehicle, train, creature, spinner/play and minor manufacturing/assembly revisions excluded."
30541,Hinge Brick 1 x 2 Locking with 1 Finger Horizontal End,Hinges & Turntables,Locking Hinges,13,18,"Hinges, Arms and Turntables",Plastic,,"v0.34 final reconstruction; articulation/rotation-dominant identity retained; meaningful locking tooth/profile differences retained; arm/grabber, vehicle, train, creature, spinner/play and minor manufacturing/assembly revisions excluded."
30552,Hinge Cylinder 1 x 2 Locking with 1 Finger and Axle Hole On Ends,Hinges & Turntables,Locking Hinges,14,18,"Hinges, Arms and Turntables",Plastic,,"v0.34 final reconstruction; articulation/rotation-dominant identity retained; meaningful locking tooth/profile differences retained; arm/grabber, vehicle, train, creature, spinner/play and minor manufacturing/assembly revisions excluded."
30553,"Hinge Cylinder 1 x 2 Locking with 2 Click Fingers and Axle Hole, 9 Teeth",Hinges & Turntables,Locking Hinges,15,18,"Hinges, Arms and Turntables",Plastic,,"v0.34 final reconstruction; articulation/rotation-dominant identity retained; meaningful locking tooth/profile differences retained; arm/grabber, vehicle, train, creature, spinner/play and minor manufacturing/assembly revisions excluded."
30554b,"Hinge Cylinder 1 x 3 Locking with 1 Finger and 2 Fingers On Ends, with Hole, 9 Teeth",Hinges & Turntables,Locking Hinges,16,18,"Hinges, Arms and Turntables",Plastic,,"v0.34 final reconstruction; articulation/rotation-dominant identity retained; meaningful locking tooth/profile differences retained; arm/grabber, vehicle, train, creature, spinner/play and minor manufacturing/assembly revisions excluded."
30625,"Hinge Panel 1 x 4 x 3 2/3 with 6 holes, 2 studs on top, Locking 2 Fingers",Hinges & Turntables,Locking Hinges,17,18,"Hinges, Arms and Turntables",Plastic,,"v0.34 final reconstruction; articulation/rotation-dominant identity retained; meaningful locking tooth/profile differences retained; arm/grabber, vehicle, train, creature, spinner/play and minor manufacturing/assembly revisions excluded."
30658,"Turntable 4 x 4 Top, Locking",Hinges & Turntables,Turntables,16,18,"Hinges, Arms and Turntables",Plastic,,"v0.34 final reconstruction; articulation/rotation-dominant identity retained; meaningful locking tooth/profile differences retained; arm/grabber, vehicle, train, creature, spinner/play and minor manufacturing/assembly revisions excluded."
313,Hinge Plate 2 x 2 Pivot,Hinges & Turntables,Hinges & Articulated Joints,10,18,"Hinges, Arms and Turntables",Plastic,,"v0.34 final reconstruction; articulation/rotation-dominant identity retained; meaningful locking tooth/profile differences retained; arm/grabber, vehicle, train, creature, spinner/play and minor manufacturing/assembly revisions excluded."
314,Hinge Plate 2 x 5 Top,Hinges & Turntables,Hinges & Articulated Joints,11,18,"Hinges, Arms and Turntables",Plastic,,"v0.34 final reconstruction; articulation/rotation-dominant identity retained; meaningful locking tooth/profile differences retained; arm/grabber, vehicle, train, creature, spinner/play and minor manufacturing/assembly revisions excluded."
3149,Hinge Plate 2 x 5 Base,Hinges & Turntables,Hinges & Articulated Joints,12,18,"Hinges, Arms and Turntables",Plastic,,"v0.34 final reconstruction; articulation/rotation-dominant identity retained; meaningful locking tooth/profile differences retained; arm/grabber, vehicle, train, creature, spinner/play and minor manufacturing/assembly revisions excluded."
3324,Hinge Plate 2 x 9 Base,Hinges & Turntables,Hinges & Articulated Joints,13,18,"Hinges, Arms and Turntables",Plastic,,"v0.34 final reconstruction; articulation/rotation-dominant identity retained; meaningful locking tooth/profile differences retained; arm/grabber, vehicle, train, creature, spinner/play and minor manufacturing/assembly revisions excluded."
3324bc01,Hinge Plate 2 x 9 with Hole in between 4 Studs,Hinges & Turntables,Hinges & Articulated Joints,14,18,"Hinges, Arms and Turntables",Plastic,,"v0.34 final reconstruction; articulation/rotation-dominant identity retained; meaningful locking tooth/profile differences retained; arm/grabber, vehicle, train, creature, spinner/play and minor manufacturing/assembly revisions excluded."
3324cc01,Hinge Plate 2 x 9 with 2 Holes,Hinges & Turntables,Hinges & Articulated Joints,15,18,"Hinges, Arms and Turntables",Plastic,,"v0.34 final reconstruction; articulation/rotation-dominant identity retained; meaningful locking tooth/profile differences retained; arm/grabber, vehicle, train, creature, spinner/play and minor manufacturing/assembly revisions excluded."
3403,Turntable 4 x 4 Square Base,Hinges & Turntables,Turntables,17,18,"Hinges, Arms and Turntables",Plastic,,"v0.34 final reconstruction; articulation/rotation-dominant identity retained; meaningful locking tooth/profile differences retained; arm/grabber, vehicle, train, creature, spinner/play and minor manufacturing/assembly revisions excluded."
3404,Turntable 4 x 4 Top,Hinges & Turntables,Turntables,18,18,"Hinges, Arms and Turntables",Plastic,,"v0.34 final reconstruction; articulation/rotation-dominant identity retained; meaningful locking tooth/profile differences retained; arm/grabber, vehicle, train, creature, spinner/play and minor manufacturing/assembly revisions excluded."
3639,Hinge Plate 2 x 4 with Articulated Joint - Male,Hinges & Turntables,Hinges & Articulated Joints,16,18,"Hinges, Arms and Turntables",Plastic,,"v0.34 final reconstruction; articulation/rotation-dominant identity retained; meaningful locking tooth/profile differences retained; arm/grabber, vehicle, train, creature, spinner/play and minor manufacturing/assembly revisions excluded."
3640,Hinge Plate 2 x 4 with Articulated Joint - Female,Hinges & Turntables,Hinges & Articulated Joints,17,18,"Hinges, Arms and Turntables",Plastic,,"v0.34 final reconstruction; articulation/rotation-dominant identity retained; meaningful locking tooth/profile differences retained; arm/grabber, vehicle, train, creature, spinner/play and minor manufacturing/assembly revisions excluded."
3679,Turntable 2 x 2 Plate - Top,Hinges & Turntables,Turntables,19,18,"Hinges, Arms and Turntables",Plastic,,"v0.34 final reconstruction; articulation/rotation-dominant identity retained; meaningful locking tooth/profile differences retained; arm/grabber, vehicle, train, creature, spinner/play and minor manufacturing/assembly revisions excluded."
3680,"Turntable 2 x 2 Plate, Base",Hinges & Turntables,Turntables,20,18,"Hinges, Arms and Turntables",Plastic,,"v0.34 final reconstruction; articulation/rotation-dominant identity retained; meaningful locking tooth/profile differences retained; arm/grabber, vehicle, train, creature, spinner/play and minor manufacturing/assembly revisions excluded."
3830,Hinge Brick 1 x 4 [Upper],Hinges & Turntables,Hinges & Articulated Joints,18,18,"Hinges, Arms and Turntables",Plastic,,"v0.34 final reconstruction; articulation/rotation-dominant identity retained; meaningful locking tooth/profile differences retained; arm/grabber, vehicle, train, creature, spinner/play and minor manufacturing/assembly revisions excluded."
3831,Hinge Brick 1 x 4 [Lower],Hinges & Turntables,Hinges & Articulated Joints,19,18,"Hinges, Arms and Turntables",Plastic,,"v0.34 final reconstruction; articulation/rotation-dominant identity retained; meaningful locking tooth/profile differences retained; arm/grabber, vehicle, train, creature, spinner/play and minor manufacturing/assembly revisions excluded."
3937,Hinge Brick 1 x 2 Base,Hinges & Turntables,Hinges & Articulated Joints,20,18,"Hinges, Arms and Turntables",Plastic,,"v0.34 final reconstruction; articulation/rotation-dominant identity retained; meaningful locking tooth/profile differences retained; arm/grabber, vehicle, train, creature, spinner/play and minor manufacturing/assembly revisions excluded."
3938,Hinge Brick 1 x 2 Top Plate Thin,Hinges & Turntables,Hinges & Articulated Joints,21,18,"Hinges, Arms and Turntables",Plastic,,"v0.34 final reconstruction; articulation/rotation-dominant identity retained; meaningful locking tooth/profile differences retained; arm/grabber, vehicle, train, creature, spinner/play and minor manufacturing/assembly revisions excluded."
39893,"Hinge Brick 1 x 2 Locking with 1 Finger Vertical End and 2 Fingers Vertical End, 7 Teeth",Hinges & Turntables,Locking Hinges,18,18,"Hinges, Arms and Turntables",Plastic,,"v0.34 final reconstruction; articulation/rotation-dominant identity retained; meaningful locking tooth/profile differences retained; arm/grabber, vehicle, train, creature, spinner/play and minor manufacturing/assembly revisions excluded."
40144,Turntable Holder with Axle,Hinges & Turntables,Turntables,21,18,"Hinges, Arms and Turntables",Plastic,,"v0.34 final reconstruction; articulation/rotation-dominant identity retained; meaningful locking tooth/profile differences retained; arm/grabber, vehicle, train, creature, spinner/play and minor manufacturing/assembly revisions excluded."
40145,Turntable 2 x 2 x 1,Hinges & Turntables,Turntables,22,18,"Hinges, Arms and Turntables",Plastic,,"v0.34 final reconstruction; articulation/rotation-dominant identity retained; meaningful locking tooth/profile differences retained; arm/grabber, vehicle, train, creature, spinner/play and minor manufacturing/assembly revisions excluded."
40902a,"Hinge Brick 2 x 2 Locking with 2 Fingers Vertical and '+' Axle Hole, 9 Teeth",Hinges & Turntables,Locking Hinges,19,18,"Hinges, Arms and Turntables",Plastic,,"v0.34 final reconstruction; articulation/rotation-dominant identity retained; meaningful locking tooth/profile differences retained; arm/grabber, vehicle, train, creature, spinner/play and minor manufacturing/assembly revisions excluded."
41529,"Hinge 1 x 3 Locking with 2 Fingers and Claw End, 9 Teeth",Hinges & Turntables,Locking Hinges,20,18,"Hinges, Arms and Turntables",Plastic,,"v0.34 final reconstruction; articulation/rotation-dominant identity retained; meaningful locking tooth/profile differences retained; arm/grabber, vehicle, train, creature, spinner/play and minor manufacturing/assembly revisions excluded."
41532,Hinge Cylinder 1 x 3 Locking with 1 Finger and Technic Friction Pin with Round Hole,Hinges & Turntables,Locking Hinges,21,18,"Hinges, Arms and Turntables",Plastic,,"v0.34 final reconstruction; articulation/rotation-dominant identity retained; meaningful locking tooth/profile differences retained; arm/grabber, vehicle, train, creature, spinner/play and minor manufacturing/assembly revisions excluded."
4275b,Hinge Plate 1 x 2 with 3 Fingers [Hollow Studs],Hinges & Turntables,Hinges & Articulated Joints,22,18,"Hinges, Arms and Turntables",Plastic,,"v0.34 final reconstruction; articulation/rotation-dominant identity retained; meaningful locking tooth/profile differences retained; arm/grabber, vehicle, train, creature, spinner/play and minor manufacturing/assembly revisions excluded."
4276b,Hinge Plate 1 x 2 with 2 Fingers and Hollow Studs,Hinges & Turntables,Hinges & Articulated Joints,23,18,"Hinges, Arms and Turntables",Plastic,,"v0.34 final reconstruction; articulation/rotation-dominant identity retained; meaningful locking tooth/profile differences retained; arm/grabber, vehicle, train, creature, spinner/play and minor manufacturing/assembly revisions excluded."
43045,Hinge Plate 2 x 4 with Pin Hole with 2 Holes - Top,Hinges & Turntables,Hinges & Articulated Joints,24,18,"Hinges, Arms and Turntables",Plastic,,"v0.34 final reconstruction; articulation/rotation-dominant identity retained; meaningful locking tooth/profile differences retained; arm/grabber, vehicle, train, creature, spinner/play and minor manufacturing/assembly revisions excluded."
43056,Hinge Plate 2 x 4 with Pin Hole with 2 Holes - Bottom,Hinges & Turntables,Hinges & Articulated Joints,25,18,"Hinges, Arms and Turntables",Plastic,,"v0.34 final reconstruction; articulation/rotation-dominant identity retained; meaningful locking tooth/profile differences retained; arm/grabber, vehicle, train, creature, spinner/play and minor manufacturing/assembly revisions excluded."
4319,Hinge Bar 8L with 3 Fingers and Open End Stud,Hinges & Turntables,Hinges & Articulated Joints,26,18,"Hinges, Arms and Turntables",Plastic,,"v0.34 final reconstruction; articulation/rotation-dominant identity retained; meaningful locking tooth/profile differences retained; arm/grabber, vehicle, train, creature, spinner/play and minor manufacturing/assembly revisions excluded."
44300,Hinge Tile 1 x 3 Locking with 1 Finger on Top,Hinges & Turntables,Locking Hinges,22,18,"Hinges, Arms and Turntables",Plastic,,"v0.34 final reconstruction; articulation/rotation-dominant identity retained; meaningful locking tooth/profile differences retained; arm/grabber, vehicle, train, creature, spinner/play and minor manufacturing/assembly revisions excluded."
44301a,"Hinge Plate 1 x 2 Locking with 1 Finger On End, with Groove",Hinges & Turntables,Locking Hinges,23,18,"Hinges, Arms and Turntables",Plastic,,"v0.34 final reconstruction; articulation/rotation-dominant identity retained; meaningful locking tooth/profile differences retained; arm/grabber, vehicle, train, creature, spinner/play and minor manufacturing/assembly revisions excluded."
44301b,"Hinge Plate 1 x 2 Locking with 1 Finger On End, without Groove",Hinges & Turntables,Locking Hinges,24,18,"Hinges, Arms and Turntables",Plastic,,"v0.34 final reconstruction; articulation/rotation-dominant identity retained; meaningful locking tooth/profile differences retained; arm/grabber, vehicle, train, creature, spinner/play and minor manufacturing/assembly revisions excluded."
44302a,"Hinge Plate 1 x 2 Locking with 2 Fingers On End, with Groove, 9 Teeth",Hinges & Turntables,Locking Hinges,25,18,"Hinges, Arms and Turntables",Plastic,,"v0.34 final reconstruction; articulation/rotation-dominant identity retained; meaningful locking tooth/profile differences retained; arm/grabber, vehicle, train, creature, spinner/play and minor manufacturing/assembly revisions excluded."
44302b,"Hinge Plate 1 x 2 Locking with 2 Fingers On End, without Groove, 9 Teeth",Hinges & Turntables,Locking Hinges,26,18,"Hinges, Arms and Turntables",Plastic,,"v0.34 final reconstruction; articulation/rotation-dominant identity retained; meaningful locking tooth/profile differences retained; arm/grabber, vehicle, train, creature, spinner/play and minor manufacturing/assembly revisions excluded."
44567a,"Hinge Plate 1 x 2 Locking with 1 Finger on Side, with Groove",Hinges & Turntables,Locking Hinges,27,18,"Hinges, Arms and Turntables",Plastic,,"v0.34 final reconstruction; articulation/rotation-dominant identity retained; meaningful locking tooth/profile differences retained; arm/grabber, vehicle, train, creature, spinner/play and minor manufacturing/assembly revisions excluded."
44567b,"Hinge Plate 1 x 2 Locking with 1 Finger on Side, without Groove",Hinges & Turntables,Locking Hinges,28,18,"Hinges, Arms and Turntables",Plastic,,"v0.34 final reconstruction; articulation/rotation-dominant identity retained; meaningful locking tooth/profile differences retained; arm/grabber, vehicle, train, creature, spinner/play and minor manufacturing/assembly revisions excluded."
44568,Hinge Plate 1 x 4 Locking Dual 1 Finger,Hinges & Turntables,Locking Hinges,29,18,"Hinges, Arms and Turntables",Plastic,,"v0.34 final reconstruction; articulation/rotation-dominant identity retained; meaningful locking tooth/profile differences retained; arm/grabber, vehicle, train, creature, spinner/play and minor manufacturing/assembly revisions excluded."
44570,"Hinge Plate 3 x 4 Locking Dual 2 Finger, 9 Teeth",Hinges & Turntables,Locking Hinges,30,18,"Hinges, Arms and Turntables",Plastic,,"v0.34 final reconstruction; articulation/rotation-dominant identity retained; meaningful locking tooth/profile differences retained; arm/grabber, vehicle, train, creature, spinner/play and minor manufacturing/assembly revisions excluded."
44571,Slope 45° 4 x 4 Double with Locking Hinge,Hinges & Turntables,Locking Hinges,31,18,"Hinges, Arms and Turntables",Plastic,,"v0.34 final reconstruction; articulation/rotation-dominant identity retained; meaningful locking tooth/profile differences retained; arm/grabber, vehicle, train, creature, spinner/play and minor manufacturing/assembly revisions excluded."
44572,Hinge Panel 2 x 4 x 3 1/3 Locking Dual 2 Fingers,Hinges & Turntables,Locking Hinges,32,18,"Hinges, Arms and Turntables",Plastic,,"v0.34 final reconstruction; articulation/rotation-dominant identity retained; meaningful locking tooth/profile differences retained; arm/grabber, vehicle, train, creature, spinner/play and minor manufacturing/assembly revisions excluded."
44822,Hinge Tile 1 x 4 Locking Dual 1 Fingers on Top [4 Locking Ridges],Hinges & Turntables,Locking Hinges,33,18,"Hinges, Arms and Turntables",Plastic,,"v0.34 final reconstruction; articulation/rotation-dominant identity retained; meaningful locking tooth/profile differences retained; arm/grabber, vehicle, train, creature, spinner/play and minor manufacturing/assembly revisions excluded."
4504,Hinge Plate 1 x 6 with 2 and 3 Fingers On Ends,Hinges & Turntables,Hinges & Articulated Joints,27,18,"Hinges, Arms and Turntables",Plastic,,"v0.34 final reconstruction; articulation/rotation-dominant identity retained; meaningful locking tooth/profile differences retained; arm/grabber, vehicle, train, creature, spinner/play and minor manufacturing/assembly revisions excluded."
4507,Hinge Plate 1 x 6 with 2 and 3 Fingers On Sides,Hinges & Turntables,Hinges & Articulated Joints,28,18,"Hinges, Arms and Turntables",Plastic,,"v0.34 final reconstruction; articulation/rotation-dominant identity retained; meaningful locking tooth/profile differences retained; arm/grabber, vehicle, train, creature, spinner/play and minor manufacturing/assembly revisions excluded."
4531,Hinge Tile 1 x 2 1/2 with 2 Fingers on Top,Hinges & Turntables,Hinges & Articulated Joints,29,18,"Hinges, Arms and Turntables",Plastic,,"v0.34 final reconstruction; articulation/rotation-dominant identity retained; meaningful locking tooth/profile differences retained; arm/grabber, vehicle, train, creature, spinner/play and minor manufacturing/assembly revisions excluded."
4625,Hinge Tile 1 x 4,Hinges & Turntables,Hinges & Articulated Joints,30,18,"Hinges, Arms and Turntables",Plastic,,"v0.34 final reconstruction; articulation/rotation-dominant identity retained; meaningful locking tooth/profile differences retained; arm/grabber, vehicle, train, creature, spinner/play and minor manufacturing/assembly revisions excluded."
47973,"Hinge 1 x 3 Triangle with Two Pins, 1 Locking Finger, Round Pin Holes",Hinges & Turntables,Locking Hinges,34,18,"Hinges, Arms and Turntables",Plastic,,"v0.34 final reconstruction; articulation/rotation-dominant identity retained; meaningful locking tooth/profile differences retained; arm/grabber, vehicle, train, creature, spinner/play and minor manufacturing/assembly revisions excluded."
47975,Hinge Brick 1 x 2 Locking with 1 Finger Vertical End and 2 Fingers Horizontal End,Hinges & Turntables,Locking Hinges,35,18,"Hinges, Arms and Turntables",Plastic,,"v0.34 final reconstruction; articulation/rotation-dominant identity retained; meaningful locking tooth/profile differences retained; arm/grabber, vehicle, train, creature, spinner/play and minor manufacturing/assembly revisions excluded."
47978,Hinge Brick 2 x 24 Locking with 2 Fingers Horizontal on Side and 2 Towballs,Hinges & Turntables,Locking Hinges,36,18,"Hinges, Arms and Turntables",Plastic,,"v0.34 final reconstruction; articulation/rotation-dominant identity retained; meaningful locking tooth/profile differences retained; arm/grabber, vehicle, train, creature, spinner/play and minor manufacturing/assembly revisions excluded."
4857,Slope 45° 4 x 4 Double with Hinge,Hinges & Turntables,Hinges & Articulated Joints,31,18,"Hinges, Arms and Turntables",Plastic,,"v0.34 final reconstruction; articulation/rotation-dominant identity retained; meaningful locking tooth/profile differences retained; arm/grabber, vehicle, train, creature, spinner/play and minor manufacturing/assembly revisions excluded."
50337,"Hinge Plate 3 x 4 Locking Dual 2 Finger, 7 teeth",Hinges & Turntables,Locking Hinges,37,18,"Hinges, Arms and Turntables",Plastic,,"v0.34 final reconstruction; articulation/rotation-dominant identity retained; meaningful locking tooth/profile differences retained; arm/grabber, vehicle, train, creature, spinner/play and minor manufacturing/assembly revisions excluded."
50340,"Hinge Plate 1 x 2 Locking with 2 Fingers on Side, 7 Teeth",Hinges & Turntables,Locking Hinges,38,18,"Hinges, Arms and Turntables",Plastic,,"v0.34 final reconstruction; articulation/rotation-dominant identity retained; meaningful locking tooth/profile differences retained; arm/grabber, vehicle, train, creature, spinner/play and minor manufacturing/assembly revisions excluded."
50407,Plate Special Round 2 x 2 with Rotation Stem and Screw,Hinges & Turntables,Turntables,23,18,"Hinges, Arms and Turntables",Plastic,,"v0.34 final reconstruction; articulation/rotation-dominant identity retained; meaningful locking tooth/profile differences retained; arm/grabber, vehicle, train, creature, spinner/play and minor manufacturing/assembly revisions excluded."
51482,"Hinge 1 x 2 Locking with 2 Fingers and Towball Socket, 7 Teeth",Hinges & Turntables,Locking Hinges,39,18,"Hinges, Arms and Turntables",Plastic,,"v0.34 final reconstruction; articulation/rotation-dominant identity retained; meaningful locking tooth/profile differences retained; arm/grabber, vehicle, train, creature, spinner/play and minor manufacturing/assembly revisions excluded."
53029,"Hinge Brick 2 x 2 Locking with 2 Fingers Vertical and '+' Axle Hole, 7 Teeth",Hinges & Turntables,Locking Hinges,40,18,"Hinges, Arms and Turntables",Plastic,,"v0.34 final reconstruction; articulation/rotation-dominant identity retained; meaningful locking tooth/profile differences retained; arm/grabber, vehicle, train, creature, spinner/play and minor manufacturing/assembly revisions excluded."
53914,"Hinge Brick 1 x 6 Locking with 1 Finger Vertical End and 2 Fingers Vertical End, 7 Teeth",Hinges & Turntables,Locking Hinges,41,18,"Hinges, Arms and Turntables",Plastic,,"v0.34 final reconstruction; articulation/rotation-dominant identity retained; meaningful locking tooth/profile differences retained; arm/grabber, vehicle, train, creature, spinner/play and minor manufacturing/assembly revisions excluded."
53941,Hinge Tile 1 x 3 Locking with 1 Finger on Top with Cutout,Hinges & Turntables,Locking Hinges,42,18,"Hinges, Arms and Turntables",Plastic,,"v0.34 final reconstruction; articulation/rotation-dominant identity retained; meaningful locking tooth/profile differences retained; arm/grabber, vehicle, train, creature, spinner/play and minor manufacturing/assembly revisions excluded."
54657,"Hinge Plate 1 x 2 Locking with 2 Fingers On End, without Groove, 7 Teeth",Hinges & Turntables,Locking Hinges,43,18,"Hinges, Arms and Turntables",Plastic,,"v0.34 final reconstruction; articulation/rotation-dominant identity retained; meaningful locking tooth/profile differences retained; arm/grabber, vehicle, train, creature, spinner/play and minor manufacturing/assembly revisions excluded."
54661,"Hinge Brick 1 x 4 Locking with 1 Finger Vertical End and 2 Fingers Vertical End, 7 Teeth",Hinges & Turntables,Locking Hinges,44,18,"Hinges, Arms and Turntables",Plastic,,"v0.34 final reconstruction; articulation/rotation-dominant identity retained; meaningful locking tooth/profile differences retained; arm/grabber, vehicle, train, creature, spinner/play and minor manufacturing/assembly revisions excluded."
54662,"Hinge Cylinder 1 x 3 Locking with 1 Finger and 2 Fingers On Ends, with Hole, 7 Teeth",Hinges & Turntables,Locking Hinges,45,18,"Hinges, Arms and Turntables",Plastic,,"v0.34 final reconstruction; articulation/rotation-dominant identity retained; meaningful locking tooth/profile differences retained; arm/grabber, vehicle, train, creature, spinner/play and minor manufacturing/assembly revisions excluded."
54671,"Hinge Brick 1 x 2 Locking with 2 Fingers Vertical End, 7 teeth",Hinges & Turntables,Locking Hinges,46,18,"Hinges, Arms and Turntables",Plastic,,"v0.34 final reconstruction; articulation/rotation-dominant identity retained; meaningful locking tooth/profile differences retained; arm/grabber, vehicle, train, creature, spinner/play and minor manufacturing/assembly revisions excluded."
54672,"Hinge Brick 1 x 2 Locking with 2 Fingers Horizontal End, 7 Teeth",Hinges & Turntables,Locking Hinges,47,18,"Hinges, Arms and Turntables",Plastic,,"v0.34 final reconstruction; articulation/rotation-dominant identity retained; meaningful locking tooth/profile differences retained; arm/grabber, vehicle, train, creature, spinner/play and minor manufacturing/assembly revisions excluded."
57360,"Hinge Cylinder 1 x 2 Locking with 2 Click Fingers and Axle Hole, 7 Teeth",Hinges & Turntables,Locking Hinges,48,18,"Hinges, Arms and Turntables",Plastic,,"v0.34 final reconstruction; articulation/rotation-dominant identity retained; meaningful locking tooth/profile differences retained; arm/grabber, vehicle, train, creature, spinner/play and minor manufacturing/assembly revisions excluded."
57697,Hinge Cylinder 1 x 3 Locking with 1 Finger and Technic Friction Pin with Squared Hole,Hinges & Turntables,Locking Hinges,49,18,"Hinges, Arms and Turntables",Plastic,,"v0.34 final reconstruction; articulation/rotation-dominant identity retained; meaningful locking tooth/profile differences retained; arm/grabber, vehicle, train, creature, spinner/play and minor manufacturing/assembly revisions excluded."
57906,"Hinge Plate 1 x 12 Locking with Angled Side Extensions and Tapered Ends, 7 Teeth",Hinges & Turntables,Locking Hinges,50,18,"Hinges, Arms and Turntables",Plastic,,"v0.34 final reconstruction; articulation/rotation-dominant identity retained; meaningful locking tooth/profile differences retained; arm/grabber, vehicle, train, creature, spinner/play and minor manufacturing/assembly revisions excluded."
60471,"Hinge Plate 1 x 2 Locking with 2 Fingers on Side, 9 Teeth",Hinges & Turntables,Locking Hinges,51,18,"Hinges, Arms and Turntables",Plastic,,"v0.34 final reconstruction; articulation/rotation-dominant identity retained; meaningful locking tooth/profile differences retained; arm/grabber, vehicle, train, creature, spinner/play and minor manufacturing/assembly revisions excluded."
6134,Hinge Brick 2 x 2 Top Plate Thin,Hinges & Turntables,Hinges & Articulated Joints,32,18,"Hinges, Arms and Turntables",Plastic,,"v0.34 final reconstruction; articulation/rotation-dominant identity retained; meaningful locking tooth/profile differences retained; arm/grabber, vehicle, train, creature, spinner/play and minor manufacturing/assembly revisions excluded."
61485,"Turntable 4 x 4 Square Base, Locking",Hinges & Turntables,Turntables,24,18,"Hinges, Arms and Turntables",Plastic,,"v0.34 final reconstruction; articulation/rotation-dominant identity retained; meaningful locking tooth/profile differences retained; arm/grabber, vehicle, train, creature, spinner/play and minor manufacturing/assembly revisions excluded."
650,"Hinge Coupling, Two Connected 2 x 2 Plates [Nylon]",Hinges & Turntables,Hinges & Articulated Joints,33,18,"Hinges, Arms and Turntables",Plastic,,"v0.34 final reconstruction; articulation/rotation-dominant identity retained; meaningful locking tooth/profile differences retained; arm/grabber, vehicle, train, creature, spinner/play and minor manufacturing/assembly revisions excluded."
65132,"Hinge Bracket 4 x 5 x 5 Locking with 2 Fingers, Two on Each Side, 7 Teeth",Hinges & Turntables,Locking Hinges,52,18,"Hinges, Arms and Turntables",Plastic,,"v0.34 final reconstruction; articulation/rotation-dominant identity retained; meaningful locking tooth/profile differences retained; arm/grabber, vehicle, train, creature, spinner/play and minor manufacturing/assembly revisions excluded."
65133,Hinge Plate 4 x 6 with Two 1 x 6 Studs and Recessed 2 x 6 Middle,Hinges & Turntables,Hinges & Articulated Joints,34,18,"Hinges, Arms and Turntables",Plastic,,"v0.34 final reconstruction; articulation/rotation-dominant identity retained; meaningful locking tooth/profile differences retained; arm/grabber, vehicle, train, creature, spinner/play and minor manufacturing/assembly revisions excluded."
65146,Turntable Snap,Hinges & Turntables,Turntables,25,18,"Hinges, Arms and Turntables",Plastic,,"v0.34 final reconstruction; articulation/rotation-dominant identity retained; meaningful locking tooth/profile differences retained; arm/grabber, vehicle, train, creature, spinner/play and minor manufacturing/assembly revisions excluded."
655,Hinge Brick 1 x 8 Complete Assembly,Hinges & Turntables,Hinges & Articulated Joints,35,18,"Hinges, Arms and Turntables",Plastic,,"v0.34 final reconstruction; articulation/rotation-dominant identity retained; meaningful locking tooth/profile differences retained; arm/grabber, vehicle, train, creature, spinner/play and minor manufacturing/assembly revisions excluded."
73983,Hinge Plate 1 x 4 Swivel Top / Base - Solid Clip [Complete Assembly],Hinges & Turntables,Turntables,26,18,"Hinges, Arms and Turntables",Plastic,,"v0.34 final reconstruction; articulation/rotation-dominant identity retained; meaningful locking tooth/profile differences retained; arm/grabber, vehicle, train, creature, spinner/play and minor manufacturing/assembly revisions excluded."
76385,Hinge Brick 1 x 2 Locking with Single Finger On Top,Hinges & Turntables,Locking Hinges,53,18,"Hinges, Arms and Turntables",Plastic,,"v0.34 final reconstruction; articulation/rotation-dominant identity retained; meaningful locking tooth/profile differences retained; arm/grabber, vehicle, train, creature, spinner/play and minor manufacturing/assembly revisions excluded."
80133,Hinge Plate 1 x 4 Swivel Top [Hollow Pin],Hinges & Turntables,Turntables,27,18,"Hinges, Arms and Turntables",Plastic,,"v0.34 final reconstruction; articulation/rotation-dominant identity retained; meaningful locking tooth/profile differences retained; arm/grabber, vehicle, train, creature, spinner/play and minor manufacturing/assembly revisions excluded."
80134,"Hinge Plate 1 x 4 Swivel Base, No Hole",Hinges & Turntables,Turntables,28,18,"Hinges, Arms and Turntables",Plastic,,"v0.34 final reconstruction; articulation/rotation-dominant identity retained; meaningful locking tooth/profile differences retained; arm/grabber, vehicle, train, creature, spinner/play and minor manufacturing/assembly revisions excluded."
92099,Plate Special 4 x 6 with Trap Door Hinge [Long Pins],Hinges & Turntables,Hinges & Articulated Joints,36,18,"Hinges, Arms and Turntables",Plastic,,"v0.34 final reconstruction; articulation/rotation-dominant identity retained; meaningful locking tooth/profile differences retained; arm/grabber, vehicle, train, creature, spinner/play and minor manufacturing/assembly revisions excluded."
92107,Plate Special 6 x 8 Trap Door Frame Horizontal [Long Pin Holders],Hinges & Turntables,Hinges & Articulated Joints,37,18,"Hinges, Arms and Turntables",Plastic,,"v0.34 final reconstruction; articulation/rotation-dominant identity retained; meaningful locking tooth/profile differences retained; arm/grabber, vehicle, train, creature, spinner/play and minor manufacturing/assembly revisions excluded."
92582,Hinge Plate 2 x 2 Locking with 1 Finger on Top,Hinges & Turntables,Locking Hinges,54,18,"Hinges, Arms and Turntables",Plastic,,"v0.34 final reconstruction; articulation/rotation-dominant identity retained; meaningful locking tooth/profile differences retained; arm/grabber, vehicle, train, creature, spinner/play and minor manufacturing/assembly revisions excluded."
95120,Hinge Tile 1 x 4 Locking Dual 1 Fingers on Top [8 Locking Ridges],Hinges & Turntables,Locking Hinges,55,18,"Hinges, Arms and Turntables",Plastic,,"v0.34 final reconstruction; articulation/rotation-dominant identity retained; meaningful locking tooth/profile differences retained; arm/grabber, vehicle, train, creature, spinner/play and minor manufacturing/assembly revisions excluded."
98285,Hinge Plate 2 x 4 with Pin Hole with 3 Holes - Bottom,Hinges & Turntables,Hinges & Articulated Joints,38,18,"Hinges, Arms and Turntables",Plastic,,"v0.34 final reconstruction; articulation/rotation-dominant identity retained; meaningful locking tooth/profile differences retained; arm/grabber, vehicle, train, creature, spinner/play and minor manufacturing/assembly revisions excluded."
98286,Hinge Plate 2 x 4 with Pin Hole with 3 Holes - Top,Hinges & Turntables,Hinges & Articulated Joints,39,18,"Hinges, Arms and Turntables",Plastic,,"v0.34 final reconstruction; articulation/rotation-dominant identity retained; meaningful locking tooth/profile differences retained; arm/grabber, vehicle, train, creature, spinner/play and minor manufacturing/assembly revisions excluded."
upn0268c01,Technic Rotation Joint Ball with Arm - Pin and Hole Ends,Hinges & Turntables,Hinges & Articulated Joints,40,18,"Hinges, Arms and Turntables",Plastic,,"v0.34 final reconstruction; articulation/rotation-dominant identity retained; meaningful locking tooth/profile differences retained; arm/grabber, vehicle, train, creature, spinner/play and minor manufacturing/assembly revisions excluded."
upn0343,Hinge Plate 1 x 2 with 2 Fingers at Outer Edges,Hinges & Turntables,Hinges & Articulated Joints,41,18,"Hinges, Arms and Turntables",Plastic,,"v0.34 final reconstruction; articulation/rotation-dominant identity retained; meaningful locking tooth/profile differences retained; arm/grabber, vehicle, train, creature, spinner/play and minor manufacturing/assembly revisions excluded."
upn0344,Hinge Plate 1 x 2 with 1 Large Finger,Hinges & Turntables,Hinges & Articulated Joints,42,18,"Hinges, Arms and Turntables",Plastic,,"v0.34 final reconstruction; articulation/rotation-dominant identity retained; meaningful locking tooth/profile differences retained; arm/grabber, vehicle, train, creature, spinner/play and minor manufacturing/assembly revisions excluded."
